Id,TxnDate,Period,Entity,EntityName,BankAccountName,BankAccountMask,BankName,Description,Payee,Amount,TxnType,CategoryAccountNum,CategoryAccountName,Classification,CurrencyRef_value,ExchangeRate,AmountUSD,MatchStatus,ReferenceNumber,Cleared,ReviewNote,RunningBalance
800019,2024-07-03,2024-07,APX,Apex Warehousing LLC,Operating Bank - Main,****5560,First Meridian Bank,GATEWAY INDUSTRIAL PARKS - MONTHLY RENT & OCCUPANCY,Gateway Industrial Parks,-8861.14,ACH Payment,6110,Rent - Warehouse & Yard,Expense,USD,1.0,-8861.14,Matched,RNT-202407,True,,2391138.86
800008,2024-07-03,2024-07,CFS,Cascade Freight Systems Inc,Operating Bank - Main,****2298,Cascade Regional Bank,GATEWAY INDUSTRIAL PARKS - MONTHLY RENT & OCCUPANCY,Gateway Industrial Parks,-11548.4,ACH Payment,6110,Rent - Warehouse & Yard,Expense,USD,1.0,-11548.4,Matched,RNT-202407,True,,2388451.6
800003,2024-07-03,2024-07,MLG,Meridian Logistics LLC,Operating Bank - Main,****7734,First Meridian Bank,STERLING PROPERTY HOLDINGS - MONTHLY RENT & OCCUPANCY,Sterling Property Holdings,-17376.57,ACH Payment,6100,Rent - Office,Expense,USD,1.0,-17376.57,Matched,RNT-202407,True,,2382623.43
800014,2024-07-03,2024-07,NWC,Northwind Cargo B.V.,Operating Bank - Main,****9105,ING Zakelijk,STERLING PROPERTY HOLDINGS - MONTHLY RENT & OCCUPANCY,Sterling Property Holdings,-14554.09,ACH Payment,6100,Rent - Office,Expense,EUR,1.09,-15863.96,Matched,RNT-202407,True,,2385445.91
800020,2024-07-08,2024-07,APX,Apex Warehousing LLC,Operating Bank - Main,****5560,First Meridian Bank,INSURANCE PREMIUM INSTALLMENT,Ironclad Insurance Brokers,-6050.64,ACH Payment,6500,Insurance - Liability & Cargo,Expense,USD,1.0,-6050.64,Matched,INS-202407,True,,2385088.22
800009,2024-07-08,2024-07,CFS,Cascade Freight Systems Inc,Operating Bank - Main,****2298,Cascade Regional Bank,INSURANCE PREMIUM INSTALLMENT,Ironclad Insurance Brokers,-8410.78,ACH Payment,6500,Insurance - Liability & Cargo,Expense,USD,1.0,-8410.78,Matched,INS-202407,True,,2380040.82
800004,2024-07-08,2024-07,MLG,Meridian Logistics LLC,Operating Bank - Main,****7734,First Meridian Bank,INSURANCE PREMIUM INSTALLMENT,Ironclad Insurance Brokers,-13106.2,ACH Payment,6500,Insurance - Liability & Cargo,Expense,USD,1.0,-13106.2,Matched,INS-202407,True,,2369517.23
800015,2024-07-08,2024-07,NWC,Northwind Cargo B.V.,Operating Bank - Main,****9105,ING Zakelijk,INSURANCE PREMIUM INSTALLMENT,Ironclad Insurance Brokers,-10408.03,ACH Payment,6500,Insurance - Liability & Cargo,Expense,EUR,1.09,-11344.76,Matched,INS-202407,True,,2375037.88
800021,2024-07-12,2024-07,APX,Apex Warehousing LLC,Operating Bank - Main,****5560,First Meridian Bank,NETSUITE SOLUTIONS PARTNER - SOFTWARE / IT,NetSuite Solutions Partner,-5001.13,ACH Payment,6200,Software Subscriptions - SaaS,Expense,USD,1.0,-5001.13,Matched,TEC-202407,True,,2380087.09
800010,2024-07-12,2024-07,CFS,Cascade Freight Systems Inc,Operating Bank - Main,****2298,Cascade Regional Bank,RAMP FINANCIAL SOFTWARE - SOFTWARE / IT,Ramp Financial Software,-6688.02,ACH Payment,6200,Software Subscriptions - SaaS,Expense,USD,1.0,-6688.02,Matched,TEC-202407,True,,2373352.8
800005,2024-07-12,2024-07,MLG,Meridian Logistics LLC,Operating Bank - Main,****7734,First Meridian Bank,RAMP FINANCIAL SOFTWARE - SOFTWARE / IT,Ramp Financial Software,-10777.46,Card Charge,6200,Software Subscriptions - SaaS,Expense,USD,1.0,-10777.46,Matched,TEC-202407,True,,2358739.77
800016,2024-07-12,2024-07,NWC,Northwind Cargo B.V.,Operating Bank - Main,****9105,ING Zakelijk,NETSUITE SOLUTIONS PARTNER - SOFTWARE / IT,NetSuite Solutions Partner,-8473.76,ACH Payment,6200,Software Subscriptions - SaaS,Expense,EUR,1.09,-9236.4,Matched,TEC-202407,True,,2366564.12
800022,2024-07-18,2024-07,APX,Apex Warehousing LLC,Operating Bank - Main,****5560,First Meridian Bank,SUNDANCE FACILITY SERVICES - REPAIRS & MAINTENANCE - FACILITIES,Sundance Facility Services,-6069.47,ACH Payment,6150,Repairs & Maintenance - Facilities,Expense,USD,1.0,-6069.47,Matched,OPX-202407,True,,2374017.62
800011,2024-07-18,2024-07,CFS,Cascade Freight Systems Inc,Operating Bank - Main,****2298,Cascade Regional Bank,VERTEX TELECOM - TELECOM & INTERNET,Vertex Telecom,-6849.47,ACH Payment,6130,Telecom & Internet,Expense,USD,1.0,-6849.47,Matched,OPX-202407,True,,2366503.33
800006,2024-07-18,2024-07,MLG,Meridian Logistics LLC,Operating Bank - Main,****7734,First Meridian Bank,CONSOLIDATED POWER & LIGHT - UTILITIES,Consolidated Power & Light,-9637.65,ACH Payment,6120,Utilities,Expense,USD,1.0,-9637.65,Matched,OPX-202407,True,,2349102.12
800017,2024-07-18,2024-07,NWC,Northwind Cargo B.V.,Operating Bank - Main,****9105,ING Zakelijk,OFFICEWORKS SUPPLY CO - OFFICE SUPPLIES,OfficeWorks Supply Co,-8457.86,ACH Payment,6140,Office Supplies,Expense,EUR,1.09,-9219.06,Matched,OPX-202407,True,,2358106.26
800001,2024-07-26,2024-07,MLG,Meridian Logistics LLC,Operating Bank - Main,****7734,First Meridian Bank,ACH BATCH DEPOSIT - CUSTOMER RECEIPTS,Lockbox settlement,46086.42,Deposit,1100,Accounts Receivable,Asset,USD,1.0,46086.42,Matched,LBX-202407,True,,2395188.54
800012,2024-07-26,2024-07,NWC,Northwind Cargo B.V.,Operating Bank - Main,****9105,ING Zakelijk,ACH BATCH DEPOSIT - CUSTOMER RECEIPTS,Lockbox settlement,132060.64,Deposit,1100,Accounts Receivable,Asset,EUR,1.09,143946.1,Matched,LBX-202407,True,,2490166.9
800018,2024-07-28,2024-07,APX,Apex Warehousing LLC,Operating Bank - Main,****5560,First Meridian Bank,"NORTHSTAR PAYROLL - WAGES, TAXES & BENEFITS",Northstar Payroll Services,-28373.15,ACH Payment,6000,"Salaries, Wages & Benefits",Expense,USD,1.0,-28373.15,Matched,PR-202407,True,,2345644.47
800007,2024-07-28,2024-07,CFS,Cascade Freight Systems Inc,Operating Bank - Main,****2298,Cascade Regional Bank,"NORTHSTAR PAYROLL - WAGES, TAXES & BENEFITS",Northstar Payroll Services,-37961.35,ACH Payment,6000,"Salaries, Wages & Benefits",Expense,USD,1.0,-37961.35,Matched,PR-202407,True,,2328541.98
800023,2024-07-28,2024-07,MHG,Meridian Holdings Group LLC,Operating Bank - Main,****4021,First Meridian Bank,CORPORATE OVERHEAD - SHARED SERVICES,Harrington & Blake LLP,-149436.38,ACH Payment,6000,"Salaries, Wages & Benefits",Expense,USD,1.0,-149436.38,Matched,MHG-202407,True,,2250563.62
800002,2024-07-28,2024-07,MLG,Meridian Logistics LLC,Operating Bank - Main,****7734,First Meridian Bank,"NORTHSTAR PAYROLL - WAGES, TAXES & BENEFITS",Northstar Payroll Services,-62841.39,ACH Payment,6000,"Salaries, Wages & Benefits",Expense,USD,1.0,-62841.39,Matched,PR-202407,True,,2332347.15
800013,2024-07-28,2024-07,NWC,Northwind Cargo B.V.,Operating Bank - Main,****9105,ING Zakelijk,"NORTHSTAR PAYROLL - WAGES, TAXES & BENEFITS",Northstar Payroll Services,-42753.45,ACH Payment,6000,"Salaries, Wages & Benefits",Expense,EUR,1.09,-46601.26,Matched,PR-202407,True,,2447413.45
800044,2024-08-03,2024-08,APX,Apex Warehousing LLC,Operating Bank - Main,****5560,First Meridian Bank,GATEWAY INDUSTRIAL PARKS - MONTHLY RENT & OCCUPANCY,Gateway Industrial Parks,-8891.8,ACH Payment,6110,Rent - Warehouse & Yard,Expense,USD,1.0,-8891.8,Matched,RNT-202408,True,,2336752.67
800032,2024-08-03,2024-08,CFS,Cascade Freight Systems Inc,Operating Bank - Main,****2298,Cascade Regional Bank,GATEWAY INDUSTRIAL PARKS - MONTHLY RENT & OCCUPANCY,Gateway Industrial Parks,-11993.03,ACH Payment,6110,Rent - Warehouse & Yard,Expense,USD,1.0,-11993.03,Matched,RNT-202408,True,,2316548.95
800026,2024-08-03,2024-08,MLG,Meridian Logistics LLC,Operating Bank - Main,****7734,First Meridian Bank,STERLING PROPERTY HOLDINGS - MONTHLY RENT & OCCUPANCY,Sterling Property Holdings,-16931.28,ACH Payment,6100,Rent - Office,Expense,USD,1.0,-16931.28,Matched,RNT-202408,True,,2315415.87
800038,2024-08-03,2024-08,NWC,Northwind Cargo B.V.,Operating Bank - Main,****9105,ING Zakelijk,STERLING PROPERTY HOLDINGS - MONTHLY RENT & OCCUPANCY,Sterling Property Holdings,-15477.0,ACH Payment,6100,Rent - Office,Expense,EUR,1.09,-16869.93,Matched,RNT-202408,True,,2431936.45
800045,2024-08-08,2024-08,APX,Apex Warehousing LLC,Operating Bank - Main,****5560,First Meridian Bank,INSURANCE PREMIUM INSTALLMENT,WorkSafe Comp Underwriters,-6227.21,ACH Payment,6510,Insurance - Workers Comp,Expense,USD,1.0,-6227.21,Matched,INS-202408,True,,2330525.46
800033,2024-08-08,2024-08,CFS,Cascade Freight Systems Inc,Operating Bank - Main,****2298,Cascade Regional Bank,INSURANCE PREMIUM INSTALLMENT,WorkSafe Comp Underwriters,-8580.41,ACH Payment,6510,Insurance - Workers Comp,Expense,USD,1.0,-8580.41,Matched,INS-202408,True,,2307968.54
800027,2024-08-08,2024-08,MLG,Meridian Logistics LLC,Operating Bank - Main,****7734,First Meridian Bank,INSURANCE PREMIUM INSTALLMENT,WorkSafe Comp Underwriters,-12015.11,ACH Payment,6510,Insurance - Workers Comp,Expense,USD,1.0,-12015.11,Matched,INS-202408,True,,2303400.76
800039,2024-08-08,2024-08,NWC,Northwind Cargo B.V.,Operating Bank - Main,****9105,ING Zakelijk,INSURANCE PREMIUM INSTALLMENT,WorkSafe Comp Underwriters,-11558.58,ACH Payment,6510,Insurance - Workers Comp,Expense,EUR,1.09,-12598.85,Matched,INS-202408,True,,2420377.87
800046,2024-08-12,2024-08,APX,Apex Warehousing LLC,Operating Bank - Main,****5560,First Meridian Bank,CLOUDSPAN TECHNOLOGIES - SOFTWARE / IT,Cloudspan Technologies,-5571.95,Card Charge,6210,IT Infrastructure & Cloud Hosting,Expense,USD,1.0,-5571.95,Matched,TEC-202408,True,,2324953.51
800034,2024-08-12,2024-08,CFS,Cascade Freight Systems Inc,Operating Bank - Main,****2298,Cascade Regional Bank,"CLOUDSPAN TECHNOLOGIES, INC. - SOFTWARE / IT","Cloudspan Technologies, Inc.",-7920.85,Card Charge,6210,IT Infrastructure & Cloud Hosting,Expense,USD,1.0,-7920.85,Matched,TEC-202408,True,,2300047.69
800028,2024-08-12,2024-08,MLG,Meridian Logistics LLC,Operating Bank - Main,****7734,First Meridian Bank,"CLOUDSPAN TECHNOLOGIES, INC. - SOFTWARE / IT","Cloudspan Technologies, Inc.",-11040.41,Card Charge,6210,IT Infrastructure & Cloud Hosting,Expense,USD,1.0,-11040.41,Matched,TEC-202408,True,,2292360.35
800040,2024-08-12,2024-08,NWC,Northwind Cargo B.V.,Operating Bank - Main,****9105,ING Zakelijk,RAMP FINANCIAL SOFTWARE - SOFTWARE / IT,Ramp Financial Software,-8887.27,Card Charge,6140,Office Supplies,Expense,EUR,1.09,-9687.12,Matched,TEC-202408,True,MISCODED,2411490.6
800047,2024-08-18,2024-08,APX,Apex Warehousing LLC,Operating Bank - Main,****5560,First Meridian Bank,HARRINGTON & BLAKE LLP - PROFESSIONAL FEES - LEGAL,Harrington & Blake LLP,-6406.66,ACH Payment,6300,Professional Fees - Legal,Expense,USD,1.0,-6406.66,Matched,OPX-202408,True,,2318546.85
800035,2024-08-18,2024-08,CFS,Cascade Freight Systems Inc,Operating Bank - Main,****2298,Cascade Regional Bank,SUNDANCE FACILITY SERVICES - REPAIRS & MAINTENANCE - FACILITIES,Sundance Facility Services,-6452.35,ACH Payment,6150,Repairs & Maintenance - Facilities,Expense,USD,1.0,-6452.35,Matched,OPX-202408,True,,2293595.34
800029,2024-08-18,2024-08,MLG,Meridian Logistics LLC,Operating Bank - Main,****7734,First Meridian Bank,OFFICEWORKS SUPPLY CO - OFFICE SUPPLIES,OfficeWorks Supply Co,-11732.71,ACH Payment,6140,Office Supplies,Expense,USD,1.0,-11732.71,Matched,OPX-202408,True,,2280627.64
800041,2024-08-18,2024-08,NWC,Northwind Cargo B.V.,Operating Bank - Main,****9105,ING Zakelijk,DATASTREAM ANALYTICS INC - DATA & MARKET INTELLIGENCE,Datastream Analytics Inc,-10398.45,ACH Payment,6220,Data & Market Intelligence,Expense,EUR,1.09,-11334.31,Matched,OPX-202408,True,,2401092.15
800042,2024-08-26,2024-08,APX,Apex Warehousing LLC,Operating Bank - Main,****5560,First Meridian Bank,ACH BATCH DEPOSIT - CUSTOMER RECEIPTS,Lockbox settlement,207648.02,Deposit,1100,Accounts Receivable,Asset,USD,1.0,207648.02,Matched,LBX-202408,True,,2526194.87
800030,2024-08-26,2024-08,CFS,Cascade Freight Systems Inc,Operating Bank - Main,****2298,Cascade Regional Bank,ACH BATCH DEPOSIT - CUSTOMER RECEIPTS,Lockbox settlement,154242.6,Deposit,1100,Accounts Receivable,Asset,USD,1.0,154242.6,Matched,LBX-202408,True,,2447837.94
800024,2024-08-26,2024-08,MLG,Meridian Logistics LLC,Operating Bank - Main,****7734,First Meridian Bank,ACH BATCH DEPOSIT - CUSTOMER RECEIPTS,Lockbox settlement,439000.56,Deposit,1100,Accounts Receivable,Asset,USD,1.0,439000.56,Matched,LBX-202408,True,,2719628.2
800036,2024-08-26,2024-08,NWC,Northwind Cargo B.V.,Operating Bank - Main,****9105,ING Zakelijk,ACH BATCH DEPOSIT - CUSTOMER RECEIPTS,Lockbox settlement,89284.16,Deposit,1100,Accounts Receivable,Asset,EUR,1.09,97319.73,Matched,LBX-202408,True,,2490376.31
800043,2024-08-28,2024-08,APX,Apex Warehousing LLC,Operating Bank - Main,****5560,First Meridian Bank,"NORTHSTAR PAYROLL - WAGES, TAXES & BENEFITS",Northstar Payroll Services,-30507.53,ACH Payment,6000,"Salaries, Wages & Benefits",Expense,USD,1.0,-30507.53,Matched,PR-202408,True,,2495687.34
800031,2024-08-28,2024-08,CFS,Cascade Freight Systems Inc,Operating Bank - Main,****2298,Cascade Regional Bank,"NORTHSTAR PAYROLL - WAGES, TAXES & BENEFITS",Northstar Payroll Services,-40537.45,ACH Payment,6000,"Salaries, Wages & Benefits",Expense,USD,1.0,-40537.45,Matched,PR-202408,True,,2407300.49
800048,2024-08-28,2024-08,MHG,Meridian Holdings Group LLC,Operating Bank - Main,****4021,First Meridian Bank,CORPORATE OVERHEAD - SHARED SERVICES,Grantham Audit Group,-147160.06,ACH Payment,6000,"Salaries, Wages & Benefits",Expense,USD,1.0,-147160.06,Matched,MHG-202408,True,,2103403.56
800025,2024-08-28,2024-08,MLG,Meridian Logistics LLC,Operating Bank - Main,****7734,First Meridian Bank,"NORTHSTAR PAYROLL - WAGES, TAXES & BENEFITS",Northstar Payroll Services,-57580.95,ACH Payment,6000,"Salaries, Wages & Benefits",Expense,USD,1.0,-57580.95,Matched,PR-202408,True,,2662047.25
800037,2024-08-28,2024-08,NWC,Northwind Cargo B.V.,Operating Bank - Main,****9105,ING Zakelijk,"NORTHSTAR PAYROLL - WAGES, TAXES & BENEFITS",Northstar Payroll Services,-46975.75,ACH Payment,6000,"Salaries, Wages & Benefits",Expense,EUR,1.09,-51203.56,Matched,PR-202408,True,,2443400.56
800069,2024-09-03,2024-09,APX,Apex Warehousing LLC,Operating Bank - Main,****5560,First Meridian Bank,GATEWAY INDUSTRIAL PARKS - MONTHLY RENT & OCCUPANCY,Gateway Industrial Parks,-9279.9,ACH Payment,6110,Rent - Warehouse & Yard,Expense,USD,1.0,-9279.9,Matched,RNT-202409,True,,2486407.44
800057,2024-09-03,2024-09,CFS,Cascade Freight Systems Inc,Operating Bank - Main,****2298,Cascade Regional Bank,GATEWAY INDUSTRIAL PARKS - MONTHLY RENT & OCCUPANCY,Gateway Industrial Parks,-13130.76,ACH Payment,6110,Rent - Warehouse & Yard,Expense,USD,1.0,-13130.76,Matched,RNT-202409,True,,2394169.73
800051,2024-09-03,2024-09,MLG,Meridian Logistics LLC,Operating Bank - Main,****7734,First Meridian Bank,STERLING PROPERTY HOLDINGS - MONTHLY RENT & OCCUPANCY,Sterling Property Holdings,-18543.56,ACH Payment,6100,Rent - Office,Expense,USD,1.0,-18543.56,Matched,RNT-202409,True,,2643503.69
800063,2024-09-03,2024-09,NWC,Northwind Cargo B.V.,Operating Bank - Main,****9105,ING Zakelijk,STERLING PROPERTY HOLDINGS - MONTHLY RENT & OCCUPANCY,Sterling Property Holdings,-16680.86,ACH Payment,6100,Rent - Office,Expense,EUR,1.09,-18182.14,Matched,RNT-202409,True,,2426719.7
800080,2024-09-05,2024-09,APX,Apex Warehousing LLC,Operating Bank - Main,****5560,First Meridian Bank,FEDERATED EQUIP FINANCE - QUARTERLY NOTE PAYMENT,Federated Equipment Finance,-12149.03,ACH Payment,2410,Equipment Notes Payable,Liability,USD,1.0,-12149.03,Matched,LN-202409,True,,2474258.41
800079,2024-09-05,2024-09,CFS,Cascade Freight Systems Inc,Operating Bank - Main,****2298,Cascade Regional Bank,FEDERATED EQUIP FINANCE - QUARTERLY NOTE PAYMENT,Federated Equipment Finance,-29150.71,ACH Payment,2410,Equipment Notes Payable,Liability,USD,1.0,-29150.71,Matched,LN-202409,True,,2365019.02
800078,2024-09-05,2024-09,MLG,Meridian Logistics LLC,Operating Bank - Main,****7734,First Meridian Bank,FEDERATED EQUIP FINANCE - QUARTERLY NOTE PAYMENT,Federated Equipment Finance,-43133.03,ACH Payment,2410,Equipment Notes Payable,Liability,USD,1.0,-43133.03,Matched,LN-202409,True,,2600370.66
800070,2024-09-08,2024-09,APX,Apex Warehousing LLC,Operating Bank - Main,****5560,First Meridian Bank,INSURANCE PREMIUM INSTALLMENT,Ironclad Insurance Brokers,-6794.39,ACH Payment,6500,Insurance - Liability & Cargo,Expense,USD,1.0,-6794.39,Matched,INS-202409,True,,2467464.02
800058,2024-09-08,2024-09,CFS,Cascade Freight Systems Inc,Operating Bank - Main,****2298,Cascade Regional Bank,INSURANCE PREMIUM INSTALLMENT,Ironclad Insurance Brokers,-9156.74,ACH Payment,6500,Insurance - Liability & Cargo,Expense,USD,1.0,-9156.74,Matched,INS-202409,True,,2355862.28
800052,2024-09-08,2024-09,MLG,Meridian Logistics LLC,Operating Bank - Main,****7734,First Meridian Bank,INSURANCE PREMIUM INSTALLMENT,Ironclad Insurance Brokers,-12796.87,ACH Payment,6500,Insurance - Liability & Cargo,Expense,USD,1.0,-12796.87,Matched,INS-202409,True,,2587573.79
800064,2024-09-08,2024-09,NWC,Northwind Cargo B.V.,Operating Bank - Main,****9105,ING Zakelijk,INSURANCE PREMIUM INSTALLMENT,Ironclad Insurance Brokers,-11320.27,ACH Payment,6500,Insurance - Liability & Cargo,Expense,EUR,1.09,-12339.09,Matched,INS-202409,True,,2415399.43
800690,2024-09-11,2024-09,APX,Apex Warehousing LLC,Operating Bank - Main,****5560,First Meridian Bank,RETURNED ITEM - NSF,,18087.65,Deposit,9000,Suspense / Ask My Accountant,Expense,USD,1.0,18087.65,Unmatched,,False,NEEDS CATEGORIZATION,2485551.67
800071,2024-09-12,2024-09,APX,Apex Warehousing LLC,Operating Bank - Main,****5560,First Meridian Bank,RAMP FINANCIAL SOFTWARE - SOFTWARE / IT,Ramp Financial Software,-6047.98,Card Charge,6140,Office Supplies,Expense,USD,1.0,-6047.98,Matched,TEC-202409,True,MISCODED,2479503.69
800059,2024-09-12,2024-09,CFS,Cascade Freight Systems Inc,Operating Bank - Main,****2298,Cascade Regional Bank,NETSUITE SOLUTIONS PARTNER - SOFTWARE / IT,NetSuite Solutions Partner,-7581.86,ACH Payment,6200,Software Subscriptions - SaaS,Expense,USD,1.0,-7581.86,Matched,TEC-202409,True,,2348280.42
800053,2024-09-12,2024-09,MLG,Meridian Logistics LLC,Operating Bank - Main,****7734,First Meridian Bank,NETSUITE SOLUTIONS PARTNER - SOFTWARE / IT,NetSuite Solutions Partner,-11272.66,ACH Payment,6200,Software Subscriptions - SaaS,Expense,USD,1.0,-11272.66,Matched,TEC-202409,True,,2576301.13
800065,2024-09-12,2024-09,NWC,Northwind Cargo B.V.,Operating Bank - Main,****9105,ING Zakelijk,NETSUITE SOLUTIONS PARTNER - SOFTWARE / IT,NetSuite Solutions Partner,-10373.22,Card Charge,6200,Software Subscriptions - SaaS,Expense,EUR,1.09,-11306.81,Matched,TEC-202409,True,,2405026.21
800072,2024-09-18,2024-09,APX,Apex Warehousing LLC,Operating Bank - Main,****5560,First Meridian Bank,NIMBUS DEV CONTRACTORS - REPAIRS & MAINTENANCE - FACILITIES,Nimbus Dev Contractors,-6168.43,ACH Payment,6150,Repairs & Maintenance - Facilities,Expense,USD,1.0,-6168.43,Matched,OPX-202409,True,MISCODED,2473335.26
800060,2024-09-18,2024-09,CFS,Cascade Freight Systems Inc,Operating Bank - Main,****2298,Cascade Regional Bank,HARRINGTON & BLAKE LLP - PROFESSIONAL FEES - LEGAL,Harrington & Blake LLP,-7965.24,ACH Payment,6300,Professional Fees - Legal,Expense,USD,1.0,-7965.24,Matched,OPX-202409,True,,2340315.18
800054,2024-09-18,2024-09,MLG,Meridian Logistics LLC,Operating Bank - Main,****7734,First Meridian Bank,DATASTREAM ANALYTICS INC - DATA & MARKET INTELLIGENCE,Datastream Analytics Inc,-10849.54,ACH Payment,6220,Data & Market Intelligence,Expense,USD,1.0,-10849.54,Matched,OPX-202409,True,,2565451.59
800066,2024-09-18,2024-09,NWC,Northwind Cargo B.V.,Operating Bank - Main,****9105,ING Zakelijk,GRANTHAM AUDIT GROUP - PROFESSIONAL FEES - AUDIT & TAX,Grantham Audit Group,-10401.11,ACH Payment,6310,Professional Fees - Audit & Tax,Expense,EUR,1.09,-11337.21,Matched,OPX-202409,True,,2394625.1
800077,2024-09-25,2024-09,APX,Apex Warehousing LLC,Operating Bank - Main,****5560,First Meridian Bank,AP RUN - VENDOR BILL SETTLEMENT,Multiple vendors,-311641.79,ACH Payment,2000,Accounts Payable,Liability,USD,1.0,-311641.79,Matched,APR-202409,True,,2161693.47
800075,2024-09-25,2024-09,CFS,Cascade Freight Systems Inc,Operating Bank - Main,****2298,Cascade Regional Bank,AP RUN - VENDOR BILL SETTLEMENT,Multiple vendors,-709478.16,ACH Payment,2000,Accounts Payable,Liability,USD,1.0,-709478.16,Matched,APR-202409,True,,1630837.02
800074,2024-09-25,2024-09,MLG,Meridian Logistics LLC,Operating Bank - Main,****7734,First Meridian Bank,AP RUN - VENDOR BILL SETTLEMENT,Multiple vendors,-1195117.1,ACH Payment,2000,Accounts Payable,Liability,USD,1.0,-1195117.1,Matched,APR-202409,True,,1370334.49
800076,2024-09-25,2024-09,NWC,Northwind Cargo B.V.,Operating Bank - Main,****9105,ING Zakelijk,AP RUN - VENDOR BILL SETTLEMENT,Multiple vendors,-437271.16,ACH Payment,2000,Accounts Payable,Liability,EUR,1.09,-476625.56,Matched,APR-202409,True,,1957353.94
800067,2024-09-26,2024-09,APX,Apex Warehousing LLC,Operating Bank - Main,****5560,First Meridian Bank,ACH BATCH DEPOSIT - CUSTOMER RECEIPTS,Lockbox settlement,98836.83,Deposit,1100,Accounts Receivable,Asset,USD,1.0,98836.83,Matched,LBX-202409,True,,2260530.3
800055,2024-09-26,2024-09,CFS,Cascade Freight Systems Inc,Operating Bank - Main,****2298,Cascade Regional Bank,ACH BATCH DEPOSIT - CUSTOMER RECEIPTS,Lockbox settlement,484204.14,Deposit,1100,Accounts Receivable,Asset,USD,1.0,484204.14,Matched,LBX-202409,True,,2115041.16
800049,2024-09-26,2024-09,MLG,Meridian Logistics LLC,Operating Bank - Main,****7734,First Meridian Bank,ACH BATCH DEPOSIT - CUSTOMER RECEIPTS,Lockbox settlement,341780.36,Deposit,1100,Accounts Receivable,Asset,USD,1.0,341780.36,Matched,LBX-202409,True,,1712114.85
800061,2024-09-26,2024-09,NWC,Northwind Cargo B.V.,Operating Bank - Main,****9105,ING Zakelijk,ACH BATCH DEPOSIT - CUSTOMER RECEIPTS,Lockbox settlement,314547.77,Deposit,1100,Accounts Receivable,Asset,EUR,1.09,342857.07,Matched,LBX-202409,True,,2271901.71
800068,2024-09-28,2024-09,APX,Apex Warehousing LLC,Operating Bank - Main,****5560,First Meridian Bank,"NORTHSTAR PAYROLL - WAGES, TAXES & BENEFITS",Northstar Payroll Services,-31217.6,ACH Payment,6000,"Salaries, Wages & Benefits",Expense,USD,1.0,-31217.6,Matched,PR-202409,True,,2229312.7
800056,2024-09-28,2024-09,CFS,Cascade Freight Systems Inc,Operating Bank - Main,****2298,Cascade Regional Bank,"NORTHSTAR PAYROLL - WAGES, TAXES & BENEFITS",Northstar Payroll Services,-44870.0,ACH Payment,6000,"Salaries, Wages & Benefits",Expense,USD,1.0,-44870.0,Matched,PR-202409,True,,2070171.16
800073,2024-09-28,2024-09,MHG,Meridian Holdings Group LLC,Operating Bank - Main,****4021,First Meridian Bank,CORPORATE OVERHEAD - SHARED SERVICES,Grantham Audit Group,-142655.31,ACH Payment,6000,"Salaries, Wages & Benefits",Expense,USD,1.0,-142655.31,Matched,MHG-202409,True,,1960748.25
800050,2024-09-28,2024-09,MLG,Meridian Logistics LLC,Operating Bank - Main,****7734,First Meridian Bank,"NORTHSTAR PAYROLL - WAGES, TAXES & BENEFITS",Northstar Payroll Services,-67830.47,ACH Payment,6000,"Salaries, Wages & Benefits",Expense,USD,1.0,-67830.47,Matched,PR-202409,True,,1644284.38
800062,2024-09-28,2024-09,NWC,Northwind Cargo B.V.,Operating Bank - Main,****9105,ING Zakelijk,"NORTHSTAR PAYROLL - WAGES, TAXES & BENEFITS",Northstar Payroll Services,-50826.96,ACH Payment,6000,"Salaries, Wages & Benefits",Expense,EUR,1.09,-55401.39,Matched,PR-202409,True,,2221074.75
800101,2024-10-03,2024-10,APX,Apex Warehousing LLC,Operating Bank - Main,****5560,First Meridian Bank,GATEWAY INDUSTRIAL PARKS - MONTHLY RENT & OCCUPANCY,Gateway Industrial Parks,-10058.96,ACH Payment,6110,Rent - Warehouse & Yard,Expense,USD,1.0,-10058.96,Matched,RNT-202410,True,,2219253.74
800089,2024-10-03,2024-10,CFS,Cascade Freight Systems Inc,Operating Bank - Main,****2298,Cascade Regional Bank,GATEWAY INDUSTRIAL PARKS - MONTHLY RENT & OCCUPANCY,Gateway Industrial Parks,-13813.31,ACH Payment,6110,Rent - Warehouse & Yard,Expense,USD,1.0,-13813.31,Matched,RNT-202410,True,,2056357.85
800083,2024-10-03,2024-10,MLG,Meridian Logistics LLC,Operating Bank - Main,****7734,First Meridian Bank,STERLING PROPERTY HOLDINGS - MONTHLY RENT & OCCUPANCY,Sterling Property Holdings,-21398.8,ACH Payment,6100,Rent - Office,Expense,USD,1.0,-21398.8,Matched,RNT-202410,True,,1622885.58
800095,2024-10-03,2024-10,NWC,Northwind Cargo B.V.,Operating Bank - Main,****9105,ING Zakelijk,STERLING PROPERTY HOLDINGS - MONTHLY RENT & OCCUPANCY,Sterling Property Holdings,-16972.88,ACH Payment,6100,Rent - Office,Expense,EUR,1.09,-18500.43,Matched,RNT-202410,True,,2204101.87
800102,2024-10-08,2024-10,APX,Apex Warehousing LLC,Operating Bank - Main,****5560,First Meridian Bank,INSURANCE PREMIUM INSTALLMENT,WorkSafe Comp Underwriters,-6625.22,ACH Payment,6510,Insurance - Workers Comp,Expense,USD,1.0,-6625.22,Matched,INS-202410,True,,2212628.52
800090,2024-10-08,2024-10,CFS,Cascade Freight Systems Inc,Operating Bank - Main,****2298,Cascade Regional Bank,INSURANCE PREMIUM INSTALLMENT,WorkSafe Comp Underwriters,-9649.34,ACH Payment,6510,Insurance - Workers Comp,Expense,USD,1.0,-9649.34,Matched,INS-202410,True,,2046708.51
800084,2024-10-08,2024-10,MLG,Meridian Logistics LLC,Operating Bank - Main,****7734,First Meridian Bank,INSURANCE PREMIUM INSTALLMENT,WorkSafe Comp Underwriters,-16086.23,ACH Payment,6510,Insurance - Workers Comp,Expense,USD,1.0,-16086.23,Matched,INS-202410,True,,1606799.35
800096,2024-10-08,2024-10,NWC,Northwind Cargo B.V.,Operating Bank - Main,****9105,ING Zakelijk,INSURANCE PREMIUM INSTALLMENT,WorkSafe Comp Underwriters,-11813.6,ACH Payment,6510,Insurance - Workers Comp,Expense,EUR,1.09,-12876.82,Matched,INS-202410,True,,2192288.27
800103,2024-10-12,2024-10,APX,Apex Warehousing LLC,Operating Bank - Main,****5560,First Meridian Bank,CLOUDSPAN TECHNOLOGIES - SOFTWARE / IT,Cloudspan Technologies,-6363.76,Card Charge,6210,IT Infrastructure & Cloud Hosting,Expense,USD,1.0,-6363.76,Matched,TEC-202410,True,,2206264.76
800091,2024-10-12,2024-10,CFS,Cascade Freight Systems Inc,Operating Bank - Main,****2298,Cascade Regional Bank,"CLOUDSPAN TECHNOLOGIES, INC. - SOFTWARE / IT","Cloudspan Technologies, Inc.",-9175.01,ACH Payment,6210,IT Infrastructure & Cloud Hosting,Expense,USD,1.0,-9175.01,Matched,TEC-202410,True,,2037533.5
800085,2024-10-12,2024-10,MLG,Meridian Logistics LLC,Operating Bank - Main,****7734,First Meridian Bank,NETSUITE SOLUTIONS PARTNER - SOFTWARE / IT,NetSuite Solutions Partner,-14442.2,Card Charge,6140,Office Supplies,Expense,USD,1.0,-14442.2,Matched,TEC-202410,True,MISCODED,1592357.15
800097,2024-10-12,2024-10,NWC,Northwind Cargo B.V.,Operating Bank - Main,****9105,ING Zakelijk,CLOUDSPAN TECHNOLOGIES - SOFTWARE / IT,Cloudspan Technologies,-10264.4,ACH Payment,6210,IT Infrastructure & Cloud Hosting,Expense,EUR,1.09,-11188.2,Matched,TEC-202410,True,,2182023.87
800104,2024-10-18,2024-10,APX,Apex Warehousing LLC,Operating Bank - Main,****5560,First Meridian Bank,CORPORATE TRAVEL ALLIANCE - TRAVEL,Corporate Travel Alliance,-6296.54,ACH Payment,6420,Travel,Expense,USD,1.0,-6296.54,Matched,OPX-202410,True,,2199968.22
800092,2024-10-18,2024-10,CFS,Cascade Freight Systems Inc,Operating Bank - Main,****2298,Cascade Regional Bank,NIMBUS DEV CONTRACTORS - REPAIRS & MAINTENANCE - FACILITIES,Nimbus Dev Contractors,-7936.9,ACH Payment,6150,Repairs & Maintenance - Facilities,Expense,USD,1.0,-7936.9,Matched,OPX-202410,True,MISCODED,2029596.6
800086,2024-10-18,2024-10,MLG,Meridian Logistics LLC,Operating Bank - Main,****7734,First Meridian Bank,GRANTHAM AUDIT GROUP - PROFESSIONAL FEES - AUDIT & TAX,Grantham Audit Group,-13941.65,ACH Payment,6310,Professional Fees - Audit & Tax,Expense,USD,1.0,-13941.65,Matched,OPX-202410,True,,1578415.5
800098,2024-10-18,2024-10,NWC,Northwind Cargo B.V.,Operating Bank - Main,****9105,ING Zakelijk,LIGHTHOUSE MARKETING GROUP - MARKETING & ADVERTISING,Lighthouse Marketing Group,-10976.37,ACH Payment,6400,Marketing & Advertising,Expense,EUR,1.09,-11964.24,Matched,OPX-202410,True,,2171047.5
800099,2024-10-26,2024-10,APX,Apex Warehousing LLC,Operating Bank - Main,****5560,First Meridian Bank,ACH BATCH DEPOSIT - CUSTOMER RECEIPTS,Lockbox settlement,232135.8,Deposit,1100,Accounts Receivable,Asset,USD,1.0,232135.8,Matched,LBX-202410,True,,2432104.02
800087,2024-10-26,2024-10,CFS,Cascade Freight Systems Inc,Operating Bank - Main,****2298,Cascade Regional Bank,ACH BATCH DEPOSIT - CUSTOMER RECEIPTS,Lockbox settlement,386466.7,Deposit,1100,Accounts Receivable,Asset,USD,1.0,386466.7,Matched,LBX-202410,True,,2416063.3
800081,2024-10-26,2024-10,MLG,Meridian Logistics LLC,Operating Bank - Main,****7734,First Meridian Bank,ACH BATCH DEPOSIT - CUSTOMER RECEIPTS,Lockbox settlement,814227.53,Deposit,1100,Accounts Receivable,Asset,USD,1.0,814227.53,Matched,LBX-202410,True,,2392643.03
800093,2024-10-26,2024-10,NWC,Northwind Cargo B.V.,Operating Bank - Main,****9105,ING Zakelijk,ACH BATCH DEPOSIT - CUSTOMER RECEIPTS,Lockbox settlement,271967.22,Deposit,1100,Accounts Receivable,Asset,EUR,1.09,296444.27,Matched,LBX-202410,True,,2443014.72
800100,2024-10-28,2024-10,APX,Apex Warehousing LLC,Operating Bank - Main,****5560,First Meridian Bank,"NORTHSTAR PAYROLL - WAGES, TAXES & BENEFITS",Northstar Payroll Services,-32467.6,ACH Payment,6000,"Salaries, Wages & Benefits",Expense,USD,1.0,-32467.6,Matched,PR-202410,True,,2399636.42
800088,2024-10-28,2024-10,CFS,Cascade Freight Systems Inc,Operating Bank - Main,****2298,Cascade Regional Bank,"NORTHSTAR PAYROLL - WAGES, TAXES & BENEFITS",Northstar Payroll Services,-46943.98,ACH Payment,6000,"Salaries, Wages & Benefits",Expense,USD,1.0,-46943.98,Matched,PR-202410,True,,2369119.32
800105,2024-10-28,2024-10,MHG,Meridian Holdings Group LLC,Operating Bank - Main,****4021,First Meridian Bank,CORPORATE OVERHEAD - SHARED SERVICES,Harrington & Blake LLP,-151202.28,ACH Payment,6000,"Salaries, Wages & Benefits",Expense,USD,1.0,-151202.28,Matched,MHG-202410,True,,1809545.97
800082,2024-10-28,2024-10,MLG,Meridian Logistics LLC,Operating Bank - Main,****7734,First Meridian Bank,"NORTHSTAR PAYROLL - WAGES, TAXES & BENEFITS",Northstar Payroll Services,-82341.46,ACH Payment,6000,"Salaries, Wages & Benefits",Expense,USD,1.0,-82341.46,Matched,PR-202410,True,,2310301.57
800094,2024-10-28,2024-10,NWC,Northwind Cargo B.V.,Operating Bank - Main,****9105,ING Zakelijk,"NORTHSTAR PAYROLL - WAGES, TAXES & BENEFITS",Northstar Payroll Services,-52322.73,ACH Payment,6000,"Salaries, Wages & Benefits",Expense,EUR,1.09,-57031.77,Matched,PR-202410,True,,2390691.99
800126,2024-11-03,2024-11,APX,Apex Warehousing LLC,Operating Bank - Main,****5560,First Meridian Bank,GATEWAY INDUSTRIAL PARKS - MONTHLY RENT & OCCUPANCY,Gateway Industrial Parks,-11224.59,ACH Payment,6110,Rent - Warehouse & Yard,Expense,USD,1.0,-11224.59,Matched,RNT-202411,True,,2388411.83
800114,2024-11-03,2024-11,CFS,Cascade Freight Systems Inc,Operating Bank - Main,****2298,Cascade Regional Bank,GATEWAY INDUSTRIAL PARKS - MONTHLY RENT & OCCUPANCY,Gateway Industrial Parks,-14183.48,ACH Payment,6110,Rent - Warehouse & Yard,Expense,USD,1.0,-14183.48,Matched,RNT-202411,True,,2354935.84
800108,2024-11-03,2024-11,MLG,Meridian Logistics LLC,Operating Bank - Main,****7734,First Meridian Bank,STERLING PROPERTY HOLDINGS - MONTHLY RENT & OCCUPANCY,Sterling Property Holdings,-20029.55,ACH Payment,6100,Rent - Office,Expense,USD,1.0,-20029.55,Matched,RNT-202411,True,,2290272.02
800120,2024-11-03,2024-11,NWC,Northwind Cargo B.V.,Operating Bank - Main,****9105,ING Zakelijk,STERLING PROPERTY HOLDINGS - MONTHLY RENT & OCCUPANCY,Sterling Property Holdings,-17801.38,ACH Payment,6100,Rent - Office,Expense,EUR,1.09,-19403.5,Matched,RNT-202411,True,,2372890.61
800127,2024-11-08,2024-11,APX,Apex Warehousing LLC,Operating Bank - Main,****5560,First Meridian Bank,INSURANCE PREMIUM INSTALLMENT,Ironclad Insurance Brokers,-7373.63,ACH Payment,6500,Insurance - Liability & Cargo,Expense,USD,1.0,-7373.63,Matched,INS-202411,True,,2381038.2
800115,2024-11-08,2024-11,CFS,Cascade Freight Systems Inc,Operating Bank - Main,****2298,Cascade Regional Bank,INSURANCE PREMIUM INSTALLMENT,Ironclad Insurance Brokers,-10006.03,ACH Payment,6500,Insurance - Liability & Cargo,Expense,USD,1.0,-10006.03,Matched,INS-202411,True,,2344929.81
800109,2024-11-08,2024-11,MLG,Meridian Logistics LLC,Operating Bank - Main,****7734,First Meridian Bank,INSURANCE PREMIUM INSTALLMENT,Ironclad Insurance Brokers,-14869.26,ACH Payment,6500,Insurance - Liability & Cargo,Expense,USD,1.0,-14869.26,Matched,INS-202411,True,,2275402.76
800121,2024-11-08,2024-11,NWC,Northwind Cargo B.V.,Operating Bank - Main,****9105,ING Zakelijk,INSURANCE PREMIUM INSTALLMENT,Ironclad Insurance Brokers,-12197.24,ACH Payment,6500,Insurance - Liability & Cargo,Expense,EUR,1.09,-13294.99,Matched,INS-202411,True,,2360693.37
800128,2024-11-12,2024-11,APX,Apex Warehousing LLC,Operating Bank - Main,****5560,First Meridian Bank,"CLOUDSPAN TECHNOLOGIES, INC. - SOFTWARE / IT","Cloudspan Technologies, Inc.",-6920.65,ACH Payment,6140,Office Supplies,Expense,USD,1.0,-6920.65,Matched,TEC-202411,True,MISCODED,2374117.55
800116,2024-11-12,2024-11,CFS,Cascade Freight Systems Inc,Operating Bank - Main,****2298,Cascade Regional Bank,RAMP FINANCIAL SOFTWARE - SOFTWARE / IT,Ramp Financial Software,-9272.21,ACH Payment,6140,Office Supplies,Expense,USD,1.0,-9272.21,Matched,TEC-202411,True,MISCODED,2335657.6
800110,2024-11-12,2024-11,MLG,Meridian Logistics LLC,Operating Bank - Main,****7734,First Meridian Bank,RAMP FINANCIAL SOFTWARE - SOFTWARE / IT,Ramp Financial Software,-11962.04,Card Charge,6200,Software Subscriptions - SaaS,Expense,USD,1.0,-11962.04,Matched,TEC-202411,True,,2263440.72
800122,2024-11-12,2024-11,NWC,Northwind Cargo B.V.,Operating Bank - Main,****9105,ING Zakelijk,RAMP FINANCIAL SOFTWARE - SOFTWARE / IT,Ramp Financial Software,-10363.35,ACH Payment,6200,Software Subscriptions - SaaS,Expense,EUR,1.09,-11296.05,Matched,TEC-202411,True,,2350330.02
800129,2024-11-18,2024-11,APX,Apex Warehousing LLC,Operating Bank - Main,****5560,First Meridian Bank,"SUNDRY VENDOR - LICENSES, PERMITS & REGULATORY",Sundry vendor,-5803.83,ACH Payment,6630,"Licenses, Permits & Regulatory",Expense,USD,1.0,-5803.83,Matched,OPX-202411,True,,2368313.72
800117,2024-11-18,2024-11,CFS,Cascade Freight Systems Inc,Operating Bank - Main,****2298,Cascade Regional Bank,CORPORATE TRAVEL ALLIANCE - TRAVEL,Corporate Travel Alliance,-9828.15,ACH Payment,6420,Travel,Expense,USD,1.0,-9828.15,Matched,OPX-202411,True,,2325829.45
800111,2024-11-18,2024-11,MLG,Meridian Logistics LLC,Operating Bank - Main,****7734,First Meridian Bank,LIGHTHOUSE MARKETING GROUP - MARKETING & ADVERTISING,Lighthouse Marketing Group,-11453.78,ACH Payment,6400,Marketing & Advertising,Expense,USD,1.0,-11453.78,Matched,OPX-202411,True,,2251986.94
800123,2024-11-18,2024-11,NWC,Northwind Cargo B.V.,Operating Bank - Main,****9105,ING Zakelijk,SUNDRY VENDOR - MEALS & ENTERTAINMENT,Sundry vendor,-9624.67,ACH Payment,6430,Meals & Entertainment,Expense,EUR,1.09,-10490.89,Matched,OPX-202411,True,,2340705.35
800124,2024-11-26,2024-11,APX,Apex Warehousing LLC,Operating Bank - Main,****5560,First Meridian Bank,ACH BATCH DEPOSIT - CUSTOMER RECEIPTS,Lockbox settlement,116935.9,Deposit,1100,Accounts Receivable,Asset,USD,1.0,116935.9,Matched,LBX-202411,True,,2485249.62
800112,2024-11-26,2024-11,CFS,Cascade Freight Systems Inc,Operating Bank - Main,****2298,Cascade Regional Bank,ACH BATCH DEPOSIT - CUSTOMER RECEIPTS,Lockbox settlement,364550.45,Deposit,1100,Accounts Receivable,Asset,USD,1.0,364550.45,Matched,LBX-202411,True,,2690379.9
800106,2024-11-26,2024-11,MLG,Meridian Logistics LLC,Operating Bank - Main,****7734,First Meridian Bank,ACH BATCH DEPOSIT - CUSTOMER RECEIPTS,Lockbox settlement,669660.93,Deposit,1100,Accounts Receivable,Asset,USD,1.0,669660.93,Matched,LBX-202411,True,,2921647.87
800118,2024-11-26,2024-11,NWC,Northwind Cargo B.V.,Operating Bank - Main,****9105,ING Zakelijk,ACH BATCH DEPOSIT - CUSTOMER RECEIPTS,Lockbox settlement,142689.29,Deposit,1100,Accounts Receivable,Asset,EUR,1.09,155531.33,Matched,LBX-202411,True,,2483394.64
800125,2024-11-28,2024-11,APX,Apex Warehousing LLC,Operating Bank - Main,****5560,First Meridian Bank,"NORTHSTAR PAYROLL - WAGES, TAXES & BENEFITS",Northstar Payroll Services,-35886.3,ACH Payment,6000,"Salaries, Wages & Benefits",Expense,USD,1.0,-35886.3,Matched,PR-202411,True,,2449363.32
800113,2024-11-28,2024-11,CFS,Cascade Freight Systems Inc,Operating Bank - Main,****2298,Cascade Regional Bank,"NORTHSTAR PAYROLL - WAGES, TAXES & BENEFITS",Northstar Payroll Services,-51041.68,ACH Payment,6000,"Salaries, Wages & Benefits",Expense,USD,1.0,-51041.68,Matched,PR-202411,True,,2639338.22
800130,2024-11-28,2024-11,MHG,Meridian Holdings Group LLC,Operating Bank - Main,****4021,First Meridian Bank,CORPORATE OVERHEAD - SHARED SERVICES,Grantham Audit Group,-148066.77,ACH Payment,6000,"Salaries, Wages & Benefits",Expense,USD,1.0,-148066.77,Matched,MHG-202411,True,,1661479.2
800107,2024-11-28,2024-11,MLG,Meridian Logistics LLC,Operating Bank - Main,****7734,First Meridian Bank,"NORTHSTAR PAYROLL - WAGES, TAXES & BENEFITS",Northstar Payroll Services,-71852.78,ACH Payment,6000,"Salaries, Wages & Benefits",Expense,USD,1.0,-71852.78,Matched,PR-202411,True,,2849795.09
800119,2024-11-28,2024-11,NWC,Northwind Cargo B.V.,Operating Bank - Main,****9105,ING Zakelijk,"NORTHSTAR PAYROLL - WAGES, TAXES & BENEFITS",Northstar Payroll Services,-54286.47,ACH Payment,6000,"Salaries, Wages & Benefits",Expense,EUR,1.09,-59172.25,Matched,PR-202411,True,,2429108.17
800151,2024-12-03,2024-12,APX,Apex Warehousing LLC,Operating Bank - Main,****5560,First Meridian Bank,GATEWAY INDUSTRIAL PARKS - MONTHLY RENT & OCCUPANCY,Gateway Industrial Parks,-10764.85,ACH Payment,6110,Rent - Warehouse & Yard,Expense,USD,1.0,-10764.85,Matched,RNT-202412,True,,2438598.47
800139,2024-12-03,2024-12,CFS,Cascade Freight Systems Inc,Operating Bank - Main,****2298,Cascade Regional Bank,GATEWAY INDUSTRIAL PARKS - MONTHLY RENT & OCCUPANCY,Gateway Industrial Parks,-13452.98,ACH Payment,6110,Rent - Warehouse & Yard,Expense,USD,1.0,-13452.98,Matched,RNT-202412,True,,2625885.24
800133,2024-12-03,2024-12,MLG,Meridian Logistics LLC,Operating Bank - Main,****7734,First Meridian Bank,STERLING PROPERTY HOLDINGS - MONTHLY RENT & OCCUPANCY,Sterling Property Holdings,-19853.27,ACH Payment,6100,Rent - Office,Expense,USD,1.0,-19853.27,Matched,RNT-202412,True,,2829941.82
800145,2024-12-03,2024-12,NWC,Northwind Cargo B.V.,Operating Bank - Main,****9105,ING Zakelijk,STERLING PROPERTY HOLDINGS - MONTHLY RENT & OCCUPANCY,Sterling Property Holdings,-17691.44,ACH Payment,6100,Rent - Office,Expense,EUR,1.09,-19283.67,Matched,RNT-202412,True,,2411416.73
800162,2024-12-05,2024-12,APX,Apex Warehousing LLC,Operating Bank - Main,****5560,First Meridian Bank,FEDERATED EQUIP FINANCE - QUARTERLY NOTE PAYMENT,Federated Equipment Finance,-17657.48,ACH Payment,2410,Equipment Notes Payable,Liability,USD,1.0,-17657.48,Matched,LN-202412,True,,2420940.99
800161,2024-12-05,2024-12,CFS,Cascade Freight Systems Inc,Operating Bank - Main,****2298,Cascade Regional Bank,FEDERATED EQUIP FINANCE - QUARTERLY NOTE PAYMENT,Federated Equipment Finance,-24548.21,ACH Payment,2410,Equipment Notes Payable,Liability,USD,1.0,-24548.21,Matched,LN-202412,True,,2601337.03
800160,2024-12-05,2024-12,MLG,Meridian Logistics LLC,Operating Bank - Main,****7734,First Meridian Bank,FEDERATED EQUIP FINANCE - QUARTERLY NOTE PAYMENT,Federated Equipment Finance,-43943.98,ACH Payment,2410,Equipment Notes Payable,Liability,USD,1.0,-43943.98,Matched,LN-202412,True,,2785997.84
800152,2024-12-08,2024-12,APX,Apex Warehousing LLC,Operating Bank - Main,****5560,First Meridian Bank,INSURANCE PREMIUM INSTALLMENT,WorkSafe Comp Underwriters,-7706.46,ACH Payment,6510,Insurance - Workers Comp,Expense,USD,1.0,-7706.46,Matched,INS-202412,True,,2413234.53
800140,2024-12-08,2024-12,CFS,Cascade Freight Systems Inc,Operating Bank - Main,****2298,Cascade Regional Bank,INSURANCE PREMIUM INSTALLMENT,WorkSafe Comp Underwriters,-9739.12,ACH Payment,6510,Insurance - Workers Comp,Expense,USD,1.0,-9739.12,Matched,INS-202412,True,,2591597.91
800134,2024-12-08,2024-12,MLG,Meridian Logistics LLC,Operating Bank - Main,****7734,First Meridian Bank,INSURANCE PREMIUM INSTALLMENT,WorkSafe Comp Underwriters,-14033.36,ACH Payment,6510,Insurance - Workers Comp,Expense,USD,1.0,-14033.36,Matched,INS-202412,True,,2771964.48
800146,2024-12-08,2024-12,NWC,Northwind Cargo B.V.,Operating Bank - Main,****9105,ING Zakelijk,INSURANCE PREMIUM INSTALLMENT,WorkSafe Comp Underwriters,-12437.8,ACH Payment,6510,Insurance - Workers Comp,Expense,EUR,1.09,-13557.21,Matched,INS-202412,True,,2398978.93
800688,2024-12-09,2024-12,CFS,Cascade Freight Systems Inc,Operating Bank - Main,****2298,Cascade Regional Bank,POS PURCHASE - MERCHANT UNKNOWN,,-10089.67,Withdrawal,9000,Suspense / Ask My Accountant,Expense,USD,1.0,-10089.67,Unmatched,,False,NEEDS CATEGORIZATION,2581508.24
800694,2024-12-09,2024-12,CFS,Cascade Freight Systems Inc,Operating Bank - Main,****2298,Cascade Regional Bank,RETURNED ITEM - NSF,,-10963.17,Withdrawal,9000,Suspense / Ask My Accountant,Expense,USD,1.0,-10963.17,Unmatched,,False,NEEDS CATEGORIZATION,2570545.07
800153,2024-12-12,2024-12,APX,Apex Warehousing LLC,Operating Bank - Main,****5560,First Meridian Bank,NETSUITE SOLUTIONS PARTNER - SOFTWARE / IT,NetSuite Solutions Partner,-7181.89,ACH Payment,6140,Office Supplies,Expense,USD,1.0,-7181.89,Matched,TEC-202412,True,MISCODED,2406052.64
800141,2024-12-12,2024-12,CFS,Cascade Freight Systems Inc,Operating Bank - Main,****2298,Cascade Regional Bank,CLOUDSPAN TECHNOLOGIES - SOFTWARE / IT,Cloudspan Technologies,-8418.92,ACH Payment,6210,IT Infrastructure & Cloud Hosting,Expense,USD,1.0,-8418.92,Matched,TEC-202412,True,,2562126.15
800135,2024-12-12,2024-12,MLG,Meridian Logistics LLC,Operating Bank - Main,****7734,First Meridian Bank,"CLOUDSPAN TECHNOLOGIES, INC. - SOFTWARE / IT","Cloudspan Technologies, Inc.",-11979.62,ACH Payment,6210,IT Infrastructure & Cloud Hosting,Expense,USD,1.0,-11979.62,Matched,TEC-202412,True,,2759984.86
800147,2024-12-12,2024-12,NWC,Northwind Cargo B.V.,Operating Bank - Main,****9105,ING Zakelijk,NETSUITE SOLUTIONS PARTNER - SOFTWARE / IT,NetSuite Solutions Partner,-10791.61,Card Charge,6140,Office Supplies,Expense,EUR,1.09,-11762.85,Matched,TEC-202412,True,MISCODED,2388187.32
800154,2024-12-18,2024-12,APX,Apex Warehousing LLC,Operating Bank - Main,****5560,First Meridian Bank,VERTEX TELECOM - TELECOM & INTERNET,Vertex Telecom,-5657.36,ACH Payment,6130,Telecom & Internet,Expense,USD,1.0,-5657.36,Matched,OPX-202412,True,,2400395.28
800142,2024-12-18,2024-12,CFS,Cascade Freight Systems Inc,Operating Bank - Main,****2298,Cascade Regional Bank,"SUNDRY VENDOR - LICENSES, PERMITS & REGULATORY",Sundry vendor,-9209.51,ACH Payment,6630,"Licenses, Permits & Regulatory",Expense,USD,1.0,-9209.51,Matched,OPX-202412,True,,2552916.64
800136,2024-12-18,2024-12,MLG,Meridian Logistics LLC,Operating Bank - Main,****7734,First Meridian Bank,SUNDRY VENDOR - MEALS & ENTERTAINMENT,Sundry vendor,-12069.05,ACH Payment,6430,Meals & Entertainment,Expense,USD,1.0,-12069.05,Matched,OPX-202412,True,,2747915.81
800148,2024-12-18,2024-12,NWC,Northwind Cargo B.V.,Operating Bank - Main,****9105,ING Zakelijk,CONSOLIDATED POWER & LIGHT - UTILITIES,Consolidated Power & Light,-9761.08,ACH Payment,6120,Utilities,Expense,EUR,1.09,-10639.58,Matched,OPX-202412,True,,2378426.24
800692,2024-12-20,2024-12,MHG,Meridian Holdings Group LLC,Operating Bank - Main,****4021,First Meridian Bank,ACH CREDIT - UNIDENTIFIED SENDER,,-14552.8,Withdrawal,9000,Suspense / Ask My Accountant,Expense,USD,1.0,-14552.8,Unmatched,,False,NEEDS CATEGORIZATION,1646926.4
800159,2024-12-25,2024-12,APX,Apex Warehousing LLC,Operating Bank - Main,****5560,First Meridian Bank,AP RUN - VENDOR BILL SETTLEMENT,Multiple vendors,-370891.0,ACH Payment,2000,Accounts Payable,Liability,USD,1.0,-370891.0,Matched,APR-202412,True,,2029504.28
800157,2024-12-25,2024-12,CFS,Cascade Freight Systems Inc,Operating Bank - Main,****2298,Cascade Regional Bank,AP RUN - VENDOR BILL SETTLEMENT,Multiple vendors,-850658.41,ACH Payment,2000,Accounts Payable,Liability,USD,1.0,-850658.41,Matched,APR-202412,True,,1702258.23
800156,2024-12-25,2024-12,MLG,Meridian Logistics LLC,Operating Bank - Main,****7734,First Meridian Bank,AP RUN - VENDOR BILL SETTLEMENT,Multiple vendors,-1471955.6,ACH Payment,2000,Accounts Payable,Liability,USD,1.0,-1471955.6,Matched,APR-202412,True,,1275960.21
800158,2024-12-25,2024-12,NWC,Northwind Cargo B.V.,Operating Bank - Main,****9105,ING Zakelijk,AP RUN - VENDOR BILL SETTLEMENT,Multiple vendors,-585258.66,ACH Payment,2000,Accounts Payable,Liability,EUR,1.09,-637931.94,Matched,APR-202412,True,,1793167.58
800149,2024-12-26,2024-12,APX,Apex Warehousing LLC,Operating Bank - Main,****5560,First Meridian Bank,ACH BATCH DEPOSIT - CUSTOMER RECEIPTS,Lockbox settlement,180914.65,Deposit,1100,Accounts Receivable,Asset,USD,1.0,180914.65,Matched,LBX-202412,True,,2210418.93
800137,2024-12-26,2024-12,CFS,Cascade Freight Systems Inc,Operating Bank - Main,****2298,Cascade Regional Bank,ACH BATCH DEPOSIT - CUSTOMER RECEIPTS,Lockbox settlement,351288.65,Deposit,1100,Accounts Receivable,Asset,USD,1.0,351288.65,Matched,LBX-202412,True,,2053546.88
800131,2024-12-26,2024-12,MLG,Meridian Logistics LLC,Operating Bank - Main,****7734,First Meridian Bank,ACH BATCH DEPOSIT - CUSTOMER RECEIPTS,Lockbox settlement,421125.89,Deposit,1100,Accounts Receivable,Asset,USD,1.0,421125.89,Matched,LBX-202412,True,,1697086.1
800143,2024-12-26,2024-12,NWC,Northwind Cargo B.V.,Operating Bank - Main,****9105,ING Zakelijk,ACH BATCH DEPOSIT - CUSTOMER RECEIPTS,Lockbox settlement,419134.98,Deposit,1100,Accounts Receivable,Asset,EUR,1.09,456857.13,Matched,LBX-202412,True,,2212302.56
800150,2024-12-28,2024-12,APX,Apex Warehousing LLC,Operating Bank - Main,****5560,First Meridian Bank,"NORTHSTAR PAYROLL - WAGES, TAXES & BENEFITS",Northstar Payroll Services,-34443.25,ACH Payment,6000,"Salaries, Wages & Benefits",Expense,USD,1.0,-34443.25,Matched,PR-202412,True,,2175975.68
800138,2024-12-28,2024-12,CFS,Cascade Freight Systems Inc,Operating Bank - Main,****2298,Cascade Regional Bank,"NORTHSTAR PAYROLL - WAGES, TAXES & BENEFITS",Northstar Payroll Services,-47395.87,ACH Payment,6000,"Salaries, Wages & Benefits",Expense,USD,1.0,-47395.87,Matched,PR-202412,True,,2006151.01
800155,2024-12-28,2024-12,MHG,Meridian Holdings Group LLC,Operating Bank - Main,****4021,First Meridian Bank,CORPORATE OVERHEAD - SHARED SERVICES,Grantham Audit Group,-143418.84,ACH Payment,6000,"Salaries, Wages & Benefits",Expense,USD,1.0,-143418.84,Matched,MHG-202412,True,,1503507.56
800132,2024-12-28,2024-12,MLG,Meridian Logistics LLC,Operating Bank - Main,****7734,First Meridian Bank,"NORTHSTAR PAYROLL - WAGES, TAXES & BENEFITS",Northstar Payroll Services,-74777.48,ACH Payment,6000,"Salaries, Wages & Benefits",Expense,USD,1.0,-74777.48,Matched,PR-202412,True,,1622308.62
800144,2024-12-28,2024-12,NWC,Northwind Cargo B.V.,Operating Bank - Main,****9105,ING Zakelijk,"NORTHSTAR PAYROLL - WAGES, TAXES & BENEFITS",Northstar Payroll Services,-55175.13,ACH Payment,6000,"Salaries, Wages & Benefits",Expense,EUR,1.09,-60140.89,Matched,PR-202412,True,,2157127.43
800167,2024-12-31,2024-12,APX,Apex Warehousing LLC,Operating Bank - Main,****5560,First Meridian Bank,BANK ANALYSIS & MERCHANT SERVICE CHARGES,First Meridian Bank,-10861.56,Service Charge,6600,Bank Fees & Merchant Charges,Expense,USD,1.0,-10861.56,Matched,SVC,True,,2165114.12
800165,2024-12-31,2024-12,CFS,Cascade Freight Systems Inc,Operating Bank - Main,****2298,Cascade Regional Bank,BANK ANALYSIS & MERCHANT SERVICE CHARGES,Cascade Regional Bank,-6028.6,Service Charge,6600,Bank Fees & Merchant Charges,Expense,USD,1.0,-6028.6,Matched,SVC,True,,2000122.41
800163,2024-12-31,2024-12,MHG,Meridian Holdings Group LLC,Operating Bank - Main,****4021,First Meridian Bank,BANK ANALYSIS & MERCHANT SERVICE CHARGES,First Meridian Bank,-9312.68,Service Charge,6600,Bank Fees & Merchant Charges,Expense,USD,1.0,-9312.68,Matched,SVC,True,,1494194.88
800164,2024-12-31,2024-12,MLG,Meridian Logistics LLC,Operating Bank - Main,****7734,First Meridian Bank,BANK ANALYSIS & MERCHANT SERVICE CHARGES,First Meridian Bank,-5898.85,Service Charge,6600,Bank Fees & Merchant Charges,Expense,USD,1.0,-5898.85,Matched,SVC,True,,1616409.77
800166,2024-12-31,2024-12,NWC,Northwind Cargo B.V.,Operating Bank - Main,****9105,ING Zakelijk,BANK ANALYSIS & MERCHANT SERVICE CHARGES,ING Zakelijk,-5221.23,Service Charge,6600,Bank Fees & Merchant Charges,Expense,EUR,1.09,-5691.14,Matched,SVC,True,,2151906.2
800188,2025-01-03,2025-01,APX,Apex Warehousing LLC,Operating Bank - Main,****5560,First Meridian Bank,GATEWAY INDUSTRIAL PARKS - MONTHLY RENT & OCCUPANCY,Gateway Industrial Parks,-10143.3,ACH Payment,6110,Rent - Warehouse & Yard,Expense,USD,1.0,-10143.3,Matched,RNT-202501,True,,2154970.82
800176,2025-01-03,2025-01,CFS,Cascade Freight Systems Inc,Operating Bank - Main,****2298,Cascade Regional Bank,GATEWAY INDUSTRIAL PARKS - MONTHLY RENT & OCCUPANCY,Gateway Industrial Parks,-12250.09,ACH Payment,6110,Rent - Warehouse & Yard,Expense,USD,1.0,-12250.09,Matched,RNT-202501,True,,1987872.32
800170,2025-01-03,2025-01,MLG,Meridian Logistics LLC,Operating Bank - Main,****7734,First Meridian Bank,STERLING PROPERTY HOLDINGS - MONTHLY RENT & OCCUPANCY,Sterling Property Holdings,-19486.2,ACH Payment,6100,Rent - Office,Expense,USD,1.0,-19486.2,Matched,RNT-202501,True,,1596923.57
800182,2025-01-03,2025-01,NWC,Northwind Cargo B.V.,Operating Bank - Main,****9105,ING Zakelijk,STERLING PROPERTY HOLDINGS - MONTHLY RENT & OCCUPANCY,Sterling Property Holdings,-17437.3,ACH Payment,6100,Rent - Office,Expense,EUR,1.09,-19006.66,Matched,RNT-202501,True,,2134468.9
800675,2025-01-05,2025-01,MLG,Meridian Logistics LLC,Operating Bank - Main,****7734,First Meridian Bank,AP RUN - VENDOR BILL SETTLEMENT,Multiple vendors,-1471955.6,ACH Payment,2000,Accounts Payable,Liability,USD,1.0,-1471955.6,Matched,APR-202412,True,POSSIBLE DUPLICATE PAYMENT,124967.97
800189,2025-01-08,2025-01,APX,Apex Warehousing LLC,Operating Bank - Main,****5560,First Meridian Bank,INSURANCE PREMIUM INSTALLMENT,Ironclad Insurance Brokers,-7282.53,ACH Payment,6500,Insurance - Liability & Cargo,Expense,USD,1.0,-7282.53,Matched,INS-202501,True,,2147688.29
800177,2025-01-08,2025-01,CFS,Cascade Freight Systems Inc,Operating Bank - Main,****2298,Cascade Regional Bank,INSURANCE PREMIUM INSTALLMENT,Ironclad Insurance Brokers,-8320.0,ACH Payment,6500,Insurance - Liability & Cargo,Expense,USD,1.0,-8320.0,Matched,INS-202501,True,,1979552.32
800171,2025-01-08,2025-01,MLG,Meridian Logistics LLC,Operating Bank - Main,****7734,First Meridian Bank,INSURANCE PREMIUM INSTALLMENT,Ironclad Insurance Brokers,-13709.18,ACH Payment,6500,Insurance - Liability & Cargo,Expense,USD,1.0,-13709.18,Matched,INS-202501,True,,111258.79
800183,2025-01-08,2025-01,NWC,Northwind Cargo B.V.,Operating Bank - Main,****9105,ING Zakelijk,INSURANCE PREMIUM INSTALLMENT,Ironclad Insurance Brokers,-12453.24,ACH Payment,6500,Insurance - Liability & Cargo,Expense,EUR,1.09,-13574.04,Matched,INS-202501,True,,2122015.66
800190,2025-01-12,2025-01,APX,Apex Warehousing LLC,Operating Bank - Main,****5560,First Meridian Bank,RAMP FINANCIAL SOFTWARE - SOFTWARE / IT,Ramp Financial Software,-7024.28,Card Charge,6200,Software Subscriptions - SaaS,Expense,USD,1.0,-7024.28,Matched,TEC-202501,True,,2140664.01
800178,2025-01-12,2025-01,CFS,Cascade Freight Systems Inc,Operating Bank - Main,****2298,Cascade Regional Bank,NETSUITE SOLUTIONS PARTNER - SOFTWARE / IT,NetSuite Solutions Partner,-7900.58,Card Charge,6200,Software Subscriptions - SaaS,Expense,USD,1.0,-7900.58,Matched,TEC-202501,True,,1971651.74
800693,2025-01-12,2025-01,CFS,Cascade Freight Systems Inc,Operating Bank - Main,****2298,Cascade Regional Bank,WIRE IN - NO REMITTANCE ADVICE,,-37573.61,Withdrawal,9000,Suspense / Ask My Accountant,Expense,USD,1.0,-37573.61,Unmatched,,False,NEEDS CATEGORIZATION,1934078.13
800172,2025-01-12,2025-01,MLG,Meridian Logistics LLC,Operating Bank - Main,****7734,First Meridian Bank,RAMP FINANCIAL SOFTWARE - SOFTWARE / IT,Ramp Financial Software,-12150.94,ACH Payment,6200,Software Subscriptions - SaaS,Expense,USD,1.0,-12150.94,Matched,TEC-202501,True,,99107.85
800184,2025-01-12,2025-01,NWC,Northwind Cargo B.V.,Operating Bank - Main,****9105,ING Zakelijk,NETSUITE SOLUTIONS PARTNER - SOFTWARE / IT,NetSuite Solutions Partner,-9717.35,ACH Payment,6200,Software Subscriptions - SaaS,Expense,EUR,1.09,-10591.91,Matched,TEC-202501,True,,2112298.31
800191,2025-01-18,2025-01,APX,Apex Warehousing LLC,Operating Bank - Main,****5560,First Meridian Bank,SUNDANCE FACILITY SERVICES - REPAIRS & MAINTENANCE - FACILITIES,Sundance Facility Services,-7098.34,ACH Payment,6150,Repairs & Maintenance - Facilities,Expense,USD,1.0,-7098.34,Matched,OPX-202501,True,,2133565.67
800179,2025-01-18,2025-01,CFS,Cascade Freight Systems Inc,Operating Bank - Main,****2298,Cascade Regional Bank,VERTEX TELECOM - TELECOM & INTERNET,Vertex Telecom,-8523.35,ACH Payment,6130,Telecom & Internet,Expense,USD,1.0,-8523.35,Matched,OPX-202501,True,,1925554.78
800173,2025-01-18,2025-01,MLG,Meridian Logistics LLC,Operating Bank - Main,****7734,First Meridian Bank,CONSOLIDATED POWER & LIGHT - UTILITIES,Consolidated Power & Light,-10487.87,ACH Payment,6120,Utilities,Expense,USD,1.0,-10487.87,Matched,OPX-202501,True,,88619.98
800701,2025-01-18,2025-01,MLG,Meridian Logistics LLC,Operating Bank - Main,****7734,First Meridian Bank,EXECUTIVE CARD - TRAVEL & ENTERTAINMENT,Corporate Travel Alliance,-26720.07,Card Charge,6430,Meals & Entertainment,Expense,USD,1.0,-26720.07,Matched,,True,POLICY REVIEW - NO RECEIPTS,61899.91
800185,2025-01-18,2025-01,NWC,Northwind Cargo B.V.,Operating Bank - Main,****9105,ING Zakelijk,OFFICEWORKS SUPPLY CO - OFFICE SUPPLIES,OfficeWorks Supply Co,-10521.91,ACH Payment,6140,Office Supplies,Expense,EUR,1.09,-11468.89,Matched,OPX-202501,True,,2101776.4
800703,2025-01-20,2025-01,CFS,Cascade Freight Systems Inc,Operating Bank - Main,****2298,Cascade Regional Bank,EXECUTIVE CARD - TRAVEL & ENTERTAINMENT,Corporate Travel Alliance,-22366.24,Card Charge,6430,Meals & Entertainment,Expense,USD,1.0,-22366.24,Matched,,True,POLICY REVIEW - NO RECEIPTS,1903188.54
800186,2025-01-26,2025-01,APX,Apex Warehousing LLC,Operating Bank - Main,****5560,First Meridian Bank,ACH BATCH DEPOSIT - CUSTOMER RECEIPTS,Lockbox settlement,338127.79,Deposit,1100,Accounts Receivable,Asset,USD,1.0,338127.79,Matched,LBX-202501,True,,2471693.46
800174,2025-01-26,2025-01,CFS,Cascade Freight Systems Inc,Operating Bank - Main,****2298,Cascade Regional Bank,ACH BATCH DEPOSIT - CUSTOMER RECEIPTS,Lockbox settlement,225893.52,Deposit,1100,Accounts Receivable,Asset,USD,1.0,225893.52,Matched,LBX-202501,True,,2129082.06
800168,2025-01-26,2025-01,MLG,Meridian Logistics LLC,Operating Bank - Main,****7734,First Meridian Bank,ACH BATCH DEPOSIT - CUSTOMER RECEIPTS,Lockbox settlement,679145.87,Deposit,1100,Accounts Receivable,Asset,USD,1.0,679145.87,Matched,LBX-202501,True,,741045.78
800180,2025-01-26,2025-01,NWC,Northwind Cargo B.V.,Operating Bank - Main,****9105,ING Zakelijk,ACH BATCH DEPOSIT - CUSTOMER RECEIPTS,Lockbox settlement,236422.38,Deposit,1100,Accounts Receivable,Asset,EUR,1.09,257700.39,Matched,LBX-202501,True,,2338198.78
800187,2025-01-28,2025-01,APX,Apex Warehousing LLC,Operating Bank - Main,****5560,First Meridian Bank,"NORTHSTAR PAYROLL - WAGES, TAXES & BENEFITS",Northstar Payroll Services,-33677.18,ACH Payment,6000,"Salaries, Wages & Benefits",Expense,USD,1.0,-33677.18,Matched,PR-202501,True,,2438016.28
800175,2025-01-28,2025-01,CFS,Cascade Freight Systems Inc,Operating Bank - Main,****2298,Cascade Regional Bank,"NORTHSTAR PAYROLL - WAGES, TAXES & BENEFITS",Northstar Payroll Services,-43645.41,ACH Payment,6000,"Salaries, Wages & Benefits",Expense,USD,1.0,-43645.41,Matched,PR-202501,True,,2085436.65
800192,2025-01-28,2025-01,MHG,Meridian Holdings Group LLC,Operating Bank - Main,****4021,First Meridian Bank,CORPORATE OVERHEAD - SHARED SERVICES,Northstar Payroll Services,-163091.79,ACH Payment,6000,"Salaries, Wages & Benefits",Expense,USD,1.0,-163091.79,Matched,MHG-202501,True,,1331103.09
800169,2025-01-28,2025-01,MLG,Meridian Logistics LLC,Operating Bank - Main,****7734,First Meridian Bank,"NORTHSTAR PAYROLL - WAGES, TAXES & BENEFITS",Northstar Payroll Services,-69814.7,ACH Payment,6000,"Salaries, Wages & Benefits",Expense,USD,1.0,-69814.7,Matched,PR-202501,True,,671231.08
800181,2025-01-28,2025-01,NWC,Northwind Cargo B.V.,Operating Bank - Main,****9105,ING Zakelijk,"NORTHSTAR PAYROLL - WAGES, TAXES & BENEFITS",Northstar Payroll Services,-53835.77,ACH Payment,6000,"Salaries, Wages & Benefits",Expense,EUR,1.09,-58680.98,Matched,PR-202501,True,,2284363.01
800213,2025-02-03,2025-02,APX,Apex Warehousing LLC,Operating Bank - Main,****5560,First Meridian Bank,GATEWAY INDUSTRIAL PARKS - MONTHLY RENT & OCCUPANCY,Gateway Industrial Parks,-10327.28,ACH Payment,6110,Rent - Warehouse & Yard,Expense,USD,1.0,-10327.28,Matched,RNT-202502,True,,2427689.0
800201,2025-02-03,2025-02,CFS,Cascade Freight Systems Inc,Operating Bank - Main,****2298,Cascade Regional Bank,GATEWAY INDUSTRIAL PARKS - MONTHLY RENT & OCCUPANCY,Gateway Industrial Parks,-13679.19,ACH Payment,6110,Rent - Warehouse & Yard,Expense,USD,1.0,-13679.19,Matched,RNT-202502,True,,2071757.46
800195,2025-02-03,2025-02,MLG,Meridian Logistics LLC,Operating Bank - Main,****7734,First Meridian Bank,STERLING PROPERTY HOLDINGS - MONTHLY RENT & OCCUPANCY,Sterling Property Holdings,-20820.48,ACH Payment,6100,Rent - Office,Expense,USD,1.0,-20820.48,Matched,RNT-202502,True,,650410.6
800207,2025-02-03,2025-02,NWC,Northwind Cargo B.V.,Operating Bank - Main,****9105,ING Zakelijk,STERLING PROPERTY HOLDINGS - MONTHLY RENT & OCCUPANCY,Sterling Property Holdings,-17731.61,ACH Payment,6100,Rent - Office,Expense,EUR,1.09,-19327.46,Matched,RNT-202502,True,,2266631.4
800214,2025-02-08,2025-02,APX,Apex Warehousing LLC,Operating Bank - Main,****5560,First Meridian Bank,INSURANCE PREMIUM INSTALLMENT,WorkSafe Comp Underwriters,-7503.57,ACH Payment,6510,Insurance - Workers Comp,Expense,USD,1.0,-7503.57,Matched,INS-202502,True,,2420185.43
800682,2025-02-08,2025-02,APX,Apex Warehousing LLC,Operating Bank - Main,****5560,First Meridian Bank,RETURNED ITEM - NSF,,26928.3,Deposit,9000,Suspense / Ask My Accountant,Expense,USD,1.0,26928.3,Unmatched,,False,NEEDS CATEGORIZATION,2447113.73
800202,2025-02-08,2025-02,CFS,Cascade Freight Systems Inc,Operating Bank - Main,****2298,Cascade Regional Bank,INSURANCE PREMIUM INSTALLMENT,WorkSafe Comp Underwriters,-9343.75,ACH Payment,6510,Insurance - Workers Comp,Expense,USD,1.0,-9343.75,Matched,INS-202502,True,,2062413.71
800196,2025-02-08,2025-02,MLG,Meridian Logistics LLC,Operating Bank - Main,****7734,First Meridian Bank,INSURANCE PREMIUM INSTALLMENT,WorkSafe Comp Underwriters,-14352.75,ACH Payment,6510,Insurance - Workers Comp,Expense,USD,1.0,-14352.75,Matched,INS-202502,True,,636057.85
800208,2025-02-08,2025-02,NWC,Northwind Cargo B.V.,Operating Bank - Main,****9105,ING Zakelijk,INSURANCE PREMIUM INSTALLMENT,WorkSafe Comp Underwriters,-12721.3,ACH Payment,6510,Insurance - Workers Comp,Expense,EUR,1.09,-13866.22,Matched,INS-202502,True,,2253910.1
800215,2025-02-12,2025-02,APX,Apex Warehousing LLC,Operating Bank - Main,****5560,First Meridian Bank,"CLOUDSPAN TECHNOLOGIES, INC. - SOFTWARE / IT","Cloudspan Technologies, Inc.",-7003.32,ACH Payment,6140,Office Supplies,Expense,USD,1.0,-7003.32,Matched,TEC-202502,True,MISCODED,2440110.41
800203,2025-02-12,2025-02,CFS,Cascade Freight Systems Inc,Operating Bank - Main,****2298,Cascade Regional Bank,"CLOUDSPAN TECHNOLOGIES, INC. - SOFTWARE / IT","Cloudspan Technologies, Inc.",-7619.35,ACH Payment,6210,IT Infrastructure & Cloud Hosting,Expense,USD,1.0,-7619.35,Matched,TEC-202502,True,,2054794.36
800197,2025-02-12,2025-02,MLG,Meridian Logistics LLC,Operating Bank - Main,****7734,First Meridian Bank,CLOUDSPAN TECHNOLOGIES - SOFTWARE / IT,Cloudspan Technologies,-12412.83,Card Charge,6210,IT Infrastructure & Cloud Hosting,Expense,USD,1.0,-12412.83,Matched,TEC-202502,True,,623645.02
800209,2025-02-12,2025-02,NWC,Northwind Cargo B.V.,Operating Bank - Main,****9105,ING Zakelijk,"CLOUDSPAN TECHNOLOGIES, INC. - SOFTWARE / IT","Cloudspan Technologies, Inc.",-11352.93,Card Charge,6140,Office Supplies,Expense,EUR,1.09,-12374.69,Matched,TEC-202502,True,MISCODED,2242557.17
800216,2025-02-18,2025-02,APX,Apex Warehousing LLC,Operating Bank - Main,****5560,First Meridian Bank,HARRINGTON & BLAKE LLP - PROFESSIONAL FEES - LEGAL,Harrington & Blake LLP,-7036.65,ACH Payment,6300,Professional Fees - Legal,Expense,USD,1.0,-7036.65,Matched,OPX-202502,True,,2433073.76
800204,2025-02-18,2025-02,CFS,Cascade Freight Systems Inc,Operating Bank - Main,****2298,Cascade Regional Bank,SUNDANCE FACILITY SERVICES - REPAIRS & MAINTENANCE - FACILITIES,Sundance Facility Services,-8791.51,ACH Payment,6150,Repairs & Maintenance - Facilities,Expense,USD,1.0,-8791.51,Matched,OPX-202502,True,,2046002.85
800198,2025-02-18,2025-02,MLG,Meridian Logistics LLC,Operating Bank - Main,****7734,First Meridian Bank,OFFICEWORKS SUPPLY CO - OFFICE SUPPLIES,OfficeWorks Supply Co,-14391.59,ACH Payment,6140,Office Supplies,Expense,USD,1.0,-14391.59,Matched,OPX-202502,True,,609253.43
800210,2025-02-18,2025-02,NWC,Northwind Cargo B.V.,Operating Bank - Main,****9105,ING Zakelijk,DATASTREAM ANALYTICS INC - DATA & MARKET INTELLIGENCE,Datastream Analytics Inc,-10212.81,ACH Payment,6220,Data & Market Intelligence,Expense,EUR,1.09,-11131.97,Matched,OPX-202502,True,,2232344.36
800211,2025-02-26,2025-02,APX,Apex Warehousing LLC,Operating Bank - Main,****5560,First Meridian Bank,ACH BATCH DEPOSIT - CUSTOMER RECEIPTS,Lockbox settlement,166559.31,Deposit,1100,Accounts Receivable,Asset,USD,1.0,166559.31,Matched,LBX-202502,True,,2599633.07
800199,2025-02-26,2025-02,CFS,Cascade Freight Systems Inc,Operating Bank - Main,****2298,Cascade Regional Bank,ACH BATCH DEPOSIT - CUSTOMER RECEIPTS,Lockbox settlement,560782.84,Deposit,1100,Accounts Receivable,Asset,USD,1.0,560782.84,Matched,LBX-202502,True,,2606785.69
800193,2025-02-26,2025-02,MLG,Meridian Logistics LLC,Operating Bank - Main,****7734,First Meridian Bank,ACH BATCH DEPOSIT - CUSTOMER RECEIPTS,Lockbox settlement,491706.86,Deposit,1100,Accounts Receivable,Asset,USD,1.0,491706.86,Matched,LBX-202502,True,,1100960.29
800205,2025-02-26,2025-02,NWC,Northwind Cargo B.V.,Operating Bank - Main,****9105,ING Zakelijk,ACH BATCH DEPOSIT - CUSTOMER RECEIPTS,Lockbox settlement,276188.97,Deposit,1100,Accounts Receivable,Asset,EUR,1.09,301045.98,Matched,LBX-202502,True,,2508533.33
800212,2025-02-28,2025-02,APX,Apex Warehousing LLC,Operating Bank - Main,****5560,First Meridian Bank,"NORTHSTAR PAYROLL - WAGES, TAXES & BENEFITS",Northstar Payroll Services,-34126.18,ACH Payment,6000,"Salaries, Wages & Benefits",Expense,USD,1.0,-34126.18,Matched,PR-202502,True,,2565506.89
800200,2025-02-28,2025-02,CFS,Cascade Freight Systems Inc,Operating Bank - Main,****2298,Cascade Regional Bank,"NORTHSTAR PAYROLL - WAGES, TAXES & BENEFITS",Northstar Payroll Services,-45787.98,ACH Payment,6000,"Salaries, Wages & Benefits",Expense,USD,1.0,-45787.98,Matched,PR-202502,True,,2560997.71
800217,2025-02-28,2025-02,MHG,Meridian Holdings Group LLC,Operating Bank - Main,****4021,First Meridian Bank,CORPORATE OVERHEAD - SHARED SERVICES,Grantham Audit Group,-165359.45,ACH Payment,6000,"Salaries, Wages & Benefits",Expense,USD,1.0,-165359.45,Matched,MHG-202502,True,,1165743.64
800194,2025-02-28,2025-02,MLG,Meridian Logistics LLC,Operating Bank - Main,****7734,First Meridian Bank,"NORTHSTAR PAYROLL - WAGES, TAXES & BENEFITS",Northstar Payroll Services,-76681.15,ACH Payment,6000,"Salaries, Wages & Benefits",Expense,USD,1.0,-76681.15,Matched,PR-202502,True,,1024279.14
800206,2025-02-28,2025-02,NWC,Northwind Cargo B.V.,Operating Bank - Main,****9105,ING Zakelijk,"NORTHSTAR PAYROLL - WAGES, TAXES & BENEFITS",Northstar Payroll Services,-53855.91,ACH Payment,6000,"Salaries, Wages & Benefits",Expense,EUR,1.09,-58702.94,Matched,PR-202502,True,,2454677.42
800238,2025-03-03,2025-03,APX,Apex Warehousing LLC,Operating Bank - Main,****5560,First Meridian Bank,GATEWAY INDUSTRIAL PARKS - MONTHLY RENT & OCCUPANCY,Gateway Industrial Parks,-11725.32,ACH Payment,6110,Rent - Warehouse & Yard,Expense,USD,1.0,-11725.32,Matched,RNT-202503,True,,2553781.57
800226,2025-03-03,2025-03,CFS,Cascade Freight Systems Inc,Operating Bank - Main,****2298,Cascade Regional Bank,GATEWAY INDUSTRIAL PARKS - MONTHLY RENT & OCCUPANCY,Gateway Industrial Parks,-13645.32,ACH Payment,6110,Rent - Warehouse & Yard,Expense,USD,1.0,-13645.32,Matched,RNT-202503,True,,2547352.39
800220,2025-03-03,2025-03,MLG,Meridian Logistics LLC,Operating Bank - Main,****7734,First Meridian Bank,STERLING PROPERTY HOLDINGS - MONTHLY RENT & OCCUPANCY,Sterling Property Holdings,-21403.16,ACH Payment,6100,Rent - Office,Expense,USD,1.0,-21403.16,Matched,RNT-202503,True,,1002875.98
800232,2025-03-03,2025-03,NWC,Northwind Cargo B.V.,Operating Bank - Main,****9105,ING Zakelijk,STERLING PROPERTY HOLDINGS - MONTHLY RENT & OCCUPANCY,Sterling Property Holdings,-18853.68,ACH Payment,6100,Rent - Office,Expense,EUR,1.09,-20550.51,Matched,RNT-202503,True,,2435823.74
800249,2025-03-05,2025-03,APX,Apex Warehousing LLC,Operating Bank - Main,****5560,First Meridian Bank,FEDERATED EQUIP FINANCE - QUARTERLY NOTE PAYMENT,Federated Equipment Finance,-19940.32,ACH Payment,2410,Equipment Notes Payable,Liability,USD,1.0,-19940.32,Matched,LN-202503,True,,2533841.25
800248,2025-03-05,2025-03,CFS,Cascade Freight Systems Inc,Operating Bank - Main,****2298,Cascade Regional Bank,FEDERATED EQUIP FINANCE - QUARTERLY NOTE PAYMENT,Federated Equipment Finance,-33012.26,ACH Payment,2410,Equipment Notes Payable,Liability,USD,1.0,-33012.26,Matched,LN-202503,True,,2514340.13
800247,2025-03-05,2025-03,MLG,Meridian Logistics LLC,Operating Bank - Main,****7734,First Meridian Bank,FEDERATED EQUIP FINANCE - QUARTERLY NOTE PAYMENT,Federated Equipment Finance,-60379.83,ACH Payment,2410,Equipment Notes Payable,Liability,USD,1.0,-60379.83,Matched,LN-202503,True,,942496.15
800681,2025-03-06,2025-03,MLG,Meridian Logistics LLC,Operating Bank - Main,****7734,First Meridian Bank,WIRE IN - NO REMITTANCE ADVICE,,30870.07,Deposit,9000,Suspense / Ask My Accountant,Expense,USD,1.0,30870.07,Unmatched,,False,NEEDS CATEGORIZATION,973366.22
800689,2025-03-07,2025-03,APX,Apex Warehousing LLC,Operating Bank - Main,****5560,First Meridian Bank,ACH CREDIT - UNIDENTIFIED SENDER,,-25510.26,Withdrawal,9000,Suspense / Ask My Accountant,Expense,USD,1.0,-25510.26,Unmatched,,False,NEEDS CATEGORIZATION,2508330.99
800239,2025-03-08,2025-03,APX,Apex Warehousing LLC,Operating Bank - Main,****5560,First Meridian Bank,INSURANCE PREMIUM INSTALLMENT,Ironclad Insurance Brokers,-7979.54,ACH Payment,6500,Insurance - Liability & Cargo,Expense,USD,1.0,-7979.54,Matched,INS-202503,True,,2500351.45
800227,2025-03-08,2025-03,CFS,Cascade Freight Systems Inc,Operating Bank - Main,****2298,Cascade Regional Bank,INSURANCE PREMIUM INSTALLMENT,Ironclad Insurance Brokers,-9510.82,ACH Payment,6500,Insurance - Liability & Cargo,Expense,USD,1.0,-9510.82,Matched,INS-202503,True,,2504829.31
800221,2025-03-08,2025-03,MLG,Meridian Logistics LLC,Operating Bank - Main,****7734,First Meridian Bank,INSURANCE PREMIUM INSTALLMENT,Ironclad Insurance Brokers,-15787.0,ACH Payment,6500,Insurance - Liability & Cargo,Expense,USD,1.0,-15787.0,Matched,INS-202503,True,,957579.22
800233,2025-03-08,2025-03,NWC,Northwind Cargo B.V.,Operating Bank - Main,****9105,ING Zakelijk,INSURANCE PREMIUM INSTALLMENT,Ironclad Insurance Brokers,-13998.18,ACH Payment,6500,Insurance - Liability & Cargo,Expense,EUR,1.09,-15258.01,Matched,INS-202503,True,,2421825.56
800240,2025-03-12,2025-03,APX,Apex Warehousing LLC,Operating Bank - Main,****5560,First Meridian Bank,NETSUITE SOLUTIONS PARTNER - SOFTWARE / IT,NetSuite Solutions Partner,-7347.0,ACH Payment,6200,Software Subscriptions - SaaS,Expense,USD,1.0,-7347.0,Matched,TEC-202503,True,,2493004.45
800228,2025-03-12,2025-03,CFS,Cascade Freight Systems Inc,Operating Bank - Main,****2298,Cascade Regional Bank,"CLOUDSPAN TECHNOLOGIES, INC. - SOFTWARE / IT","Cloudspan Technologies, Inc.",-8131.22,ACH Payment,6140,Office Supplies,Expense,USD,1.0,-8131.22,Matched,TEC-202503,True,MISCODED,2496698.09
800222,2025-03-12,2025-03,MLG,Meridian Logistics LLC,Operating Bank - Main,****7734,First Meridian Bank,RAMP FINANCIAL SOFTWARE - SOFTWARE / IT,Ramp Financial Software,-14175.83,Card Charge,6200,Software Subscriptions - SaaS,Expense,USD,1.0,-14175.83,Matched,TEC-202503,True,,943403.39
800234,2025-03-12,2025-03,NWC,Northwind Cargo B.V.,Operating Bank - Main,****9105,ING Zakelijk,NETSUITE SOLUTIONS PARTNER - SOFTWARE / IT,NetSuite Solutions Partner,-11799.34,Card Charge,6200,Software Subscriptions - SaaS,Expense,EUR,1.09,-12861.28,Matched,TEC-202503,True,,2410026.22
800241,2025-03-18,2025-03,APX,Apex Warehousing LLC,Operating Bank - Main,****5560,First Meridian Bank,NIMBUS DEV CONTRACTORS - PROFESSIONAL FEES - CONSULTING,Nimbus Dev Contractors,-7784.35,ACH Payment,6320,Professional Fees - Consulting,Expense,USD,1.0,-7784.35,Matched,OPX-202503,True,,2485220.1
800229,2025-03-18,2025-03,CFS,Cascade Freight Systems Inc,Operating Bank - Main,****2298,Cascade Regional Bank,HARRINGTON & BLAKE LLP - PROFESSIONAL FEES - LEGAL,Harrington & Blake LLP,-8260.22,ACH Payment,6300,Professional Fees - Legal,Expense,USD,1.0,-8260.22,Matched,OPX-202503,True,,2488437.87
800223,2025-03-18,2025-03,MLG,Meridian Logistics LLC,Operating Bank - Main,****7734,First Meridian Bank,DATASTREAM ANALYTICS INC - DATA & MARKET INTELLIGENCE,Datastream Analytics Inc,-12465.42,ACH Payment,6220,Data & Market Intelligence,Expense,USD,1.0,-12465.42,Matched,OPX-202503,True,,930937.97
800235,2025-03-18,2025-03,NWC,Northwind Cargo B.V.,Operating Bank - Main,****9105,ING Zakelijk,GRANTHAM AUDIT GROUP - PROFESSIONAL FEES - AUDIT & TAX,Grantham Audit Group,-12563.3,ACH Payment,6310,Professional Fees - Audit & Tax,Expense,EUR,1.09,-13694.0,Matched,OPX-202503,True,,2397462.92
800246,2025-03-25,2025-03,APX,Apex Warehousing LLC,Operating Bank - Main,****5560,First Meridian Bank,AP RUN - VENDOR BILL SETTLEMENT,Multiple vendors,-374426.97,ACH Payment,2000,Accounts Payable,Liability,USD,1.0,-374426.97,Matched,APR-202503,True,,2110793.13
800244,2025-03-25,2025-03,CFS,Cascade Freight Systems Inc,Operating Bank - Main,****2298,Cascade Regional Bank,AP RUN - VENDOR BILL SETTLEMENT,Multiple vendors,-792372.65,ACH Payment,2000,Accounts Payable,Liability,USD,1.0,-792372.65,Matched,APR-202503,True,,1696065.22
800243,2025-03-25,2025-03,MLG,Meridian Logistics LLC,Operating Bank - Main,****7734,First Meridian Bank,AP RUN - VENDOR BILL SETTLEMENT,Multiple vendors,-1414692.7,ACH Payment,2000,Accounts Payable,Liability,USD,1.0,-1414692.7,Matched,APR-202503,True,,-483754.73
800245,2025-03-25,2025-03,NWC,Northwind Cargo B.V.,Operating Bank - Main,****9105,ING Zakelijk,AP RUN - VENDOR BILL SETTLEMENT,Multiple vendors,-514015.2,ACH Payment,2000,Accounts Payable,Liability,EUR,1.09,-560276.57,Matched,APR-202503,True,,1883447.72
800236,2025-03-26,2025-03,APX,Apex Warehousing LLC,Operating Bank - Main,****5560,First Meridian Bank,ACH BATCH DEPOSIT - CUSTOMER RECEIPTS,Lockbox settlement,40075.41,Deposit,1100,Accounts Receivable,Asset,USD,1.0,40075.41,Matched,LBX-202503,True,,2150868.54
800224,2025-03-26,2025-03,CFS,Cascade Freight Systems Inc,Operating Bank - Main,****2298,Cascade Regional Bank,ACH BATCH DEPOSIT - CUSTOMER RECEIPTS,Lockbox settlement,260606.79,Deposit,1100,Accounts Receivable,Asset,USD,1.0,260606.79,Matched,LBX-202503,True,,1956672.01
800218,2025-03-26,2025-03,MLG,Meridian Logistics LLC,Operating Bank - Main,****7734,First Meridian Bank,ACH BATCH DEPOSIT - CUSTOMER RECEIPTS,Lockbox settlement,1121344.52,Deposit,1100,Accounts Receivable,Asset,USD,1.0,1121344.52,Matched,LBX-202503,True,,637589.79
800230,2025-03-26,2025-03,NWC,Northwind Cargo B.V.,Operating Bank - Main,****9105,ING Zakelijk,ACH BATCH DEPOSIT - CUSTOMER RECEIPTS,Lockbox settlement,344182.86,Deposit,1100,Accounts Receivable,Asset,EUR,1.09,375159.32,Matched,LBX-202503,True,,2227630.58
800237,2025-03-28,2025-03,APX,Apex Warehousing LLC,Operating Bank - Main,****5560,First Meridian Bank,"NORTHSTAR PAYROLL - WAGES, TAXES & BENEFITS",Northstar Payroll Services,-39116.54,ACH Payment,6000,"Salaries, Wages & Benefits",Expense,USD,1.0,-39116.54,Matched,PR-202503,True,,2111752.0
800225,2025-03-28,2025-03,CFS,Cascade Freight Systems Inc,Operating Bank - Main,****2298,Cascade Regional Bank,"NORTHSTAR PAYROLL - WAGES, TAXES & BENEFITS",Northstar Payroll Services,-48052.77,ACH Payment,6000,"Salaries, Wages & Benefits",Expense,USD,1.0,-48052.77,Matched,PR-202503,True,,1908619.24
800242,2025-03-28,2025-03,MHG,Meridian Holdings Group LLC,Operating Bank - Main,****4021,First Meridian Bank,CORPORATE OVERHEAD - SHARED SERVICES,Grantham Audit Group,-165573.55,ACH Payment,6000,"Salaries, Wages & Benefits",Expense,USD,1.0,-165573.55,Matched,MHG-202503,True,,1000170.09
800219,2025-03-28,2025-03,MLG,Meridian Logistics LLC,Operating Bank - Main,****7734,First Meridian Bank,"NORTHSTAR PAYROLL - WAGES, TAXES & BENEFITS",Northstar Payroll Services,-76709.77,ACH Payment,6000,"Salaries, Wages & Benefits",Expense,USD,1.0,-76709.77,Matched,PR-202503,True,,560880.02
800231,2025-03-28,2025-03,NWC,Northwind Cargo B.V.,Operating Bank - Main,****9105,ING Zakelijk,"NORTHSTAR PAYROLL - WAGES, TAXES & BENEFITS",Northstar Payroll Services,-61807.48,ACH Payment,6000,"Salaries, Wages & Benefits",Expense,EUR,1.09,-67370.15,Matched,PR-202503,True,,2165823.1
800270,2025-04-03,2025-04,APX,Apex Warehousing LLC,Operating Bank - Main,****5560,First Meridian Bank,GATEWAY INDUSTRIAL PARKS - MONTHLY RENT & OCCUPANCY,Gateway Industrial Parks,-11946.88,ACH Payment,6110,Rent - Warehouse & Yard,Expense,USD,1.0,-11946.88,Matched,RNT-202504,True,,2099805.12
800258,2025-04-03,2025-04,CFS,Cascade Freight Systems Inc,Operating Bank - Main,****2298,Cascade Regional Bank,GATEWAY INDUSTRIAL PARKS - MONTHLY RENT & OCCUPANCY,Gateway Industrial Parks,-14858.53,ACH Payment,6110,Rent - Warehouse & Yard,Expense,USD,1.0,-14858.53,Matched,RNT-202504,True,,1893760.71
800252,2025-04-03,2025-04,MLG,Meridian Logistics LLC,Operating Bank - Main,****7734,First Meridian Bank,STERLING PROPERTY HOLDINGS - MONTHLY RENT & OCCUPANCY,Sterling Property Holdings,-21876.54,ACH Payment,6100,Rent - Office,Expense,USD,1.0,-21876.54,Matched,RNT-202504,True,,539003.48
800264,2025-04-03,2025-04,NWC,Northwind Cargo B.V.,Operating Bank - Main,****9105,ING Zakelijk,STERLING PROPERTY HOLDINGS - MONTHLY RENT & OCCUPANCY,Sterling Property Holdings,-20462.01,ACH Payment,6100,Rent - Office,Expense,EUR,1.09,-22303.59,Matched,RNT-202504,True,,2145361.09
800271,2025-04-08,2025-04,APX,Apex Warehousing LLC,Operating Bank - Main,****5560,First Meridian Bank,INSURANCE PREMIUM INSTALLMENT,WorkSafe Comp Underwriters,-8087.32,ACH Payment,6510,Insurance - Workers Comp,Expense,USD,1.0,-8087.32,Matched,INS-202504,True,,2091717.8
800259,2025-04-08,2025-04,CFS,Cascade Freight Systems Inc,Operating Bank - Main,****2298,Cascade Regional Bank,INSURANCE PREMIUM INSTALLMENT,WorkSafe Comp Underwriters,-11170.61,ACH Payment,6510,Insurance - Workers Comp,Expense,USD,1.0,-11170.61,Matched,INS-202504,True,,1882590.1
800253,2025-04-08,2025-04,MLG,Meridian Logistics LLC,Operating Bank - Main,****7734,First Meridian Bank,INSURANCE PREMIUM INSTALLMENT,WorkSafe Comp Underwriters,-16428.73,ACH Payment,6510,Insurance - Workers Comp,Expense,USD,1.0,-16428.73,Matched,INS-202504,True,,522574.75
800265,2025-04-08,2025-04,NWC,Northwind Cargo B.V.,Operating Bank - Main,****9105,ING Zakelijk,INSURANCE PREMIUM INSTALLMENT,WorkSafe Comp Underwriters,-14545.72,ACH Payment,6510,Insurance - Workers Comp,Expense,EUR,1.09,-15854.84,Matched,INS-202504,True,,2130815.37
800697,2025-04-09,2025-04,MHG,Meridian Holdings Group LLC,Operating Bank - Main,****4021,First Meridian Bank,ACH CREDIT - UNIDENTIFIED SENDER,,20730.84,Deposit,9000,Suspense / Ask My Accountant,Expense,USD,1.0,20730.84,Unmatched,,False,NEEDS CATEGORIZATION,1020900.93
800272,2025-04-12,2025-04,APX,Apex Warehousing LLC,Operating Bank - Main,****5560,First Meridian Bank,CLOUDSPAN TECHNOLOGIES - SOFTWARE / IT,Cloudspan Technologies,-7783.5,ACH Payment,6210,IT Infrastructure & Cloud Hosting,Expense,USD,1.0,-7783.5,Matched,TEC-202504,True,,2083934.3
800260,2025-04-12,2025-04,CFS,Cascade Freight Systems Inc,Operating Bank - Main,****2298,Cascade Regional Bank,"CLOUDSPAN TECHNOLOGIES, INC. - SOFTWARE / IT","Cloudspan Technologies, Inc.",-8914.23,ACH Payment,6210,IT Infrastructure & Cloud Hosting,Expense,USD,1.0,-8914.23,Matched,TEC-202504,True,,1873675.87
800254,2025-04-12,2025-04,MLG,Meridian Logistics LLC,Operating Bank - Main,****7734,First Meridian Bank,NETSUITE SOLUTIONS PARTNER - SOFTWARE / IT,NetSuite Solutions Partner,-14542.4,ACH Payment,6140,Office Supplies,Expense,USD,1.0,-14542.4,Matched,TEC-202504,True,MISCODED,508032.35
800266,2025-04-12,2025-04,NWC,Northwind Cargo B.V.,Operating Bank - Main,****9105,ING Zakelijk,CLOUDSPAN TECHNOLOGIES - SOFTWARE / IT,Cloudspan Technologies,-11924.35,ACH Payment,6210,IT Infrastructure & Cloud Hosting,Expense,EUR,1.09,-12997.55,Matched,TEC-202504,True,,2118891.02
800273,2025-04-18,2025-04,APX,Apex Warehousing LLC,Operating Bank - Main,****5560,First Meridian Bank,CORPORATE TRAVEL ALLIANCE - TRAVEL,Corporate Travel Alliance,-6706.75,ACH Payment,6420,Travel,Expense,USD,1.0,-6706.75,Matched,OPX-202504,True,,2077227.55
800261,2025-04-18,2025-04,CFS,Cascade Freight Systems Inc,Operating Bank - Main,****2298,Cascade Regional Bank,BRIDGEPOINT CONSULTING - PROFESSIONAL FEES - CONSULTING,Bridgepoint Consulting,-10703.24,ACH Payment,6320,Professional Fees - Consulting,Expense,USD,1.0,-10703.24,Matched,OPX-202504,True,,1862972.63
800255,2025-04-18,2025-04,MLG,Meridian Logistics LLC,Operating Bank - Main,****7734,First Meridian Bank,GRANTHAM AUDIT GROUP - PROFESSIONAL FEES - AUDIT & TAX,Grantham Audit Group,-13627.45,ACH Payment,6310,Professional Fees - Audit & Tax,Expense,USD,1.0,-13627.45,Matched,OPX-202504,True,,494404.9
800267,2025-04-18,2025-04,NWC,Northwind Cargo B.V.,Operating Bank - Main,****9105,ING Zakelijk,LIGHTHOUSE MARKETING GROUP - MARKETING & ADVERTISING,Lighthouse Marketing Group,-11406.65,ACH Payment,6400,Marketing & Advertising,Expense,EUR,1.09,-12433.25,Matched,OPX-202504,True,,2107484.37
800268,2025-04-26,2025-04,APX,Apex Warehousing LLC,Operating Bank - Main,****5560,First Meridian Bank,ACH BATCH DEPOSIT - CUSTOMER RECEIPTS,Lockbox settlement,411983.92,Deposit,1100,Accounts Receivable,Asset,USD,1.0,411983.92,Matched,LBX-202504,True,,2489211.47
800256,2025-04-26,2025-04,CFS,Cascade Freight Systems Inc,Operating Bank - Main,****2298,Cascade Regional Bank,ACH BATCH DEPOSIT - CUSTOMER RECEIPTS,Lockbox settlement,457378.25,Deposit,1100,Accounts Receivable,Asset,USD,1.0,457378.25,Matched,LBX-202504,True,,2320350.88
800250,2025-04-26,2025-04,MLG,Meridian Logistics LLC,Operating Bank - Main,****7734,First Meridian Bank,ACH BATCH DEPOSIT - CUSTOMER RECEIPTS,Lockbox settlement,382437.35,Deposit,1100,Accounts Receivable,Asset,USD,1.0,382437.35,Matched,LBX-202504,True,,876842.25
800262,2025-04-26,2025-04,NWC,Northwind Cargo B.V.,Operating Bank - Main,****9105,ING Zakelijk,ACH BATCH DEPOSIT - CUSTOMER RECEIPTS,Lockbox settlement,284417.54,Deposit,1100,Accounts Receivable,Asset,EUR,1.09,310015.12,Matched,LBX-202504,True,,2391901.91
800269,2025-04-28,2025-04,APX,Apex Warehousing LLC,Operating Bank - Main,****5560,First Meridian Bank,"NORTHSTAR PAYROLL - WAGES, TAXES & BENEFITS",Northstar Payroll Services,-38290.83,ACH Payment,6000,"Salaries, Wages & Benefits",Expense,USD,1.0,-38290.83,Matched,PR-202504,True,,2450920.64
800257,2025-04-28,2025-04,CFS,Cascade Freight Systems Inc,Operating Bank - Main,****2298,Cascade Regional Bank,"NORTHSTAR PAYROLL - WAGES, TAXES & BENEFITS",Northstar Payroll Services,-52130.74,ACH Payment,6000,"Salaries, Wages & Benefits",Expense,USD,1.0,-52130.74,Matched,PR-202504,True,,2268220.14
800274,2025-04-28,2025-04,MHG,Meridian Holdings Group LLC,Operating Bank - Main,****4021,First Meridian Bank,CORPORATE OVERHEAD - SHARED SERVICES,Northstar Payroll Services,-169404.02,ACH Payment,6000,"Salaries, Wages & Benefits",Expense,USD,1.0,-169404.02,Matched,MHG-202504,True,,851496.91
800251,2025-04-28,2025-04,MLG,Meridian Logistics LLC,Operating Bank - Main,****7734,First Meridian Bank,"NORTHSTAR PAYROLL - WAGES, TAXES & BENEFITS",Northstar Payroll Services,-81783.13,ACH Payment,6000,"Salaries, Wages & Benefits",Expense,USD,1.0,-81783.13,Matched,PR-202504,True,,795059.12
800263,2025-04-28,2025-04,NWC,Northwind Cargo B.V.,Operating Bank - Main,****9105,ING Zakelijk,"NORTHSTAR PAYROLL - WAGES, TAXES & BENEFITS",Northstar Payroll Services,-62134.33,ACH Payment,6000,"Salaries, Wages & Benefits",Expense,EUR,1.09,-67726.42,Matched,PR-202504,True,,2329767.58
800295,2025-05-03,2025-05,APX,Apex Warehousing LLC,Operating Bank - Main,****5560,First Meridian Bank,GATEWAY INDUSTRIAL PARKS - MONTHLY RENT & OCCUPANCY,Gateway Industrial Parks,-11739.72,ACH Payment,6110,Rent - Warehouse & Yard,Expense,USD,1.0,-11739.72,Matched,RNT-202505,True,,2439180.92
800283,2025-05-03,2025-05,CFS,Cascade Freight Systems Inc,Operating Bank - Main,****2298,Cascade Regional Bank,GATEWAY INDUSTRIAL PARKS - MONTHLY RENT & OCCUPANCY,Gateway Industrial Parks,-13974.27,ACH Payment,6110,Rent - Warehouse & Yard,Expense,USD,1.0,-13974.27,Matched,RNT-202505,True,,2254245.87
800277,2025-05-03,2025-05,MLG,Meridian Logistics LLC,Operating Bank - Main,****7734,First Meridian Bank,STERLING PROPERTY HOLDINGS - MONTHLY RENT & OCCUPANCY,Sterling Property Holdings,-21425.25,ACH Payment,6100,Rent - Office,Expense,USD,1.0,-21425.25,Matched,RNT-202505,True,,773633.87
800289,2025-05-03,2025-05,NWC,Northwind Cargo B.V.,Operating Bank - Main,****9105,ING Zakelijk,STERLING PROPERTY HOLDINGS - MONTHLY RENT & OCCUPANCY,Sterling Property Holdings,-19471.42,ACH Payment,6100,Rent - Office,Expense,EUR,1.09,-21223.85,Matched,RNT-202505,True,,2310296.16
800296,2025-05-08,2025-05,APX,Apex Warehousing LLC,Operating Bank - Main,****5560,First Meridian Bank,INSURANCE PREMIUM INSTALLMENT,Ironclad Insurance Brokers,-8432.74,ACH Payment,6500,Insurance - Liability & Cargo,Expense,USD,1.0,-8432.74,Matched,INS-202505,True,,2430748.18
800284,2025-05-08,2025-05,CFS,Cascade Freight Systems Inc,Operating Bank - Main,****2298,Cascade Regional Bank,INSURANCE PREMIUM INSTALLMENT,Ironclad Insurance Brokers,-10362.11,ACH Payment,6500,Insurance - Liability & Cargo,Expense,USD,1.0,-10362.11,Matched,INS-202505,True,,2243883.76
800278,2025-05-08,2025-05,MLG,Meridian Logistics LLC,Operating Bank - Main,****7734,First Meridian Bank,INSURANCE PREMIUM INSTALLMENT,Ironclad Insurance Brokers,-15943.92,ACH Payment,6500,Insurance - Liability & Cargo,Expense,USD,1.0,-15943.92,Matched,INS-202505,True,,757689.95
800290,2025-05-08,2025-05,NWC,Northwind Cargo B.V.,Operating Bank - Main,****9105,ING Zakelijk,INSURANCE PREMIUM INSTALLMENT,Ironclad Insurance Brokers,-12887.28,ACH Payment,6500,Insurance - Liability & Cargo,Expense,EUR,1.09,-14047.13,Matched,INS-202505,True,,2297408.88
800297,2025-05-12,2025-05,APX,Apex Warehousing LLC,Operating Bank - Main,****5560,First Meridian Bank,NETSUITE SOLUTIONS PARTNER - SOFTWARE / IT,NetSuite Solutions Partner,-7136.9,Card Charge,6140,Office Supplies,Expense,USD,1.0,-7136.9,Matched,TEC-202505,True,MISCODED,2423611.28
800285,2025-05-12,2025-05,CFS,Cascade Freight Systems Inc,Operating Bank - Main,****2298,Cascade Regional Bank,NETSUITE SOLUTIONS PARTNER - SOFTWARE / IT,NetSuite Solutions Partner,-9066.27,Card Charge,6200,Software Subscriptions - SaaS,Expense,USD,1.0,-9066.27,Matched,TEC-202505,True,,2234817.49
800279,2025-05-12,2025-05,MLG,Meridian Logistics LLC,Operating Bank - Main,****7734,First Meridian Bank,RAMP FINANCIAL SOFTWARE - SOFTWARE / IT,Ramp Financial Software,-12259.38,Card Charge,6200,Software Subscriptions - SaaS,Expense,USD,1.0,-12259.38,Matched,TEC-202505,True,,745430.57
800291,2025-05-12,2025-05,NWC,Northwind Cargo B.V.,Operating Bank - Main,****9105,ING Zakelijk,RAMP FINANCIAL SOFTWARE - SOFTWARE / IT,Ramp Financial Software,-11020.65,Card Charge,6200,Software Subscriptions - SaaS,Expense,EUR,1.09,-12012.51,Matched,TEC-202505,True,,2286388.23
800298,2025-05-18,2025-05,APX,Apex Warehousing LLC,Operating Bank - Main,****5560,First Meridian Bank,"SUNDRY VENDOR - LICENSES, PERMITS & REGULATORY",Sundry vendor,-8004.17,ACH Payment,6630,"Licenses, Permits & Regulatory",Expense,USD,1.0,-8004.17,Matched,OPX-202505,True,,2415607.11
800286,2025-05-18,2025-05,CFS,Cascade Freight Systems Inc,Operating Bank - Main,****2298,Cascade Regional Bank,CORPORATE TRAVEL ALLIANCE - TRAVEL,Corporate Travel Alliance,-8267.04,ACH Payment,6420,Travel,Expense,USD,1.0,-8267.04,Matched,OPX-202505,True,,2226550.45
800280,2025-05-18,2025-05,MLG,Meridian Logistics LLC,Operating Bank - Main,****7734,First Meridian Bank,LIGHTHOUSE MARKETING GROUP - MARKETING & ADVERTISING,Lighthouse Marketing Group,-14767.05,ACH Payment,6400,Marketing & Advertising,Expense,USD,1.0,-14767.05,Matched,OPX-202505,True,,730663.52
800292,2025-05-18,2025-05,NWC,Northwind Cargo B.V.,Operating Bank - Main,****9105,ING Zakelijk,SUNDRY VENDOR - MEALS & ENTERTAINMENT,Sundry vendor,-10197.95,ACH Payment,6430,Meals & Entertainment,Expense,EUR,1.09,-11115.76,Matched,OPX-202505,True,,2276190.28
800684,2025-05-22,2025-05,MLG,Meridian Logistics LLC,Operating Bank - Main,****7734,First Meridian Bank,RETURNED ITEM - NSF,,40815.77,Deposit,9000,Suspense / Ask My Accountant,Expense,USD,1.0,40815.77,Unmatched,,False,NEEDS CATEGORIZATION,771479.29
800695,2025-05-24,2025-05,MLG,Meridian Logistics LLC,Operating Bank - Main,****7734,First Meridian Bank,ONLINE XFER - NO MEMO,,39420.94,Deposit,9000,Suspense / Ask My Accountant,Expense,USD,1.0,39420.94,Unmatched,,False,NEEDS CATEGORIZATION,810900.23
800698,2025-05-25,2025-05,MLG,Meridian Logistics LLC,Operating Bank - Main,****7734,First Meridian Bank,EXECUTIVE CARD - TRAVEL & ENTERTAINMENT,Corporate Travel Alliance,-10320.96,Card Charge,6430,Meals & Entertainment,Expense,USD,1.0,-10320.96,Matched,,True,POLICY REVIEW - NO RECEIPTS,800579.27
800293,2025-05-26,2025-05,APX,Apex Warehousing LLC,Operating Bank - Main,****5560,First Meridian Bank,ACH BATCH DEPOSIT - CUSTOMER RECEIPTS,Lockbox settlement,210912.84,Deposit,1100,Accounts Receivable,Asset,USD,1.0,210912.84,Matched,LBX-202505,True,,2626519.95
800281,2025-05-26,2025-05,CFS,Cascade Freight Systems Inc,Operating Bank - Main,****2298,Cascade Regional Bank,ACH BATCH DEPOSIT - CUSTOMER RECEIPTS,Lockbox settlement,382895.87,Deposit,1100,Accounts Receivable,Asset,USD,1.0,382895.87,Matched,LBX-202505,True,,2609446.32
800275,2025-05-26,2025-05,MLG,Meridian Logistics LLC,Operating Bank - Main,****7734,First Meridian Bank,ACH BATCH DEPOSIT - CUSTOMER RECEIPTS,Lockbox settlement,403284.15,Deposit,1100,Accounts Receivable,Asset,USD,1.0,403284.15,Matched,LBX-202505,True,,1203863.42
800287,2025-05-26,2025-05,NWC,Northwind Cargo B.V.,Operating Bank - Main,****9105,ING Zakelijk,ACH BATCH DEPOSIT - CUSTOMER RECEIPTS,Lockbox settlement,357906.51,Deposit,1100,Accounts Receivable,Asset,EUR,1.09,390118.1,Matched,LBX-202505,True,,2634096.79
800294,2025-05-28,2025-05,APX,Apex Warehousing LLC,Operating Bank - Main,****5560,First Meridian Bank,"NORTHSTAR PAYROLL - WAGES, TAXES & BENEFITS",Northstar Payroll Services,-37827.75,ACH Payment,6000,"Salaries, Wages & Benefits",Expense,USD,1.0,-37827.75,Matched,PR-202505,True,,2588692.2
800282,2025-05-28,2025-05,CFS,Cascade Freight Systems Inc,Operating Bank - Main,****2298,Cascade Regional Bank,"NORTHSTAR PAYROLL - WAGES, TAXES & BENEFITS",Northstar Payroll Services,-50826.17,ACH Payment,6000,"Salaries, Wages & Benefits",Expense,USD,1.0,-50826.17,Matched,PR-202505,True,,2558620.15
800299,2025-05-28,2025-05,MHG,Meridian Holdings Group LLC,Operating Bank - Main,****4021,First Meridian Bank,CORPORATE OVERHEAD - SHARED SERVICES,Grantham Audit Group,-168507.36,ACH Payment,6000,"Salaries, Wages & Benefits",Expense,USD,1.0,-168507.36,Matched,MHG-202505,True,,682989.55
800276,2025-05-28,2025-05,MLG,Meridian Logistics LLC,Operating Bank - Main,****7734,First Meridian Bank,"NORTHSTAR PAYROLL - WAGES, TAXES & BENEFITS",Northstar Payroll Services,-80342.92,ACH Payment,6000,"Salaries, Wages & Benefits",Expense,USD,1.0,-80342.92,Matched,PR-202505,True,,1123520.5
800288,2025-05-28,2025-05,NWC,Northwind Cargo B.V.,Operating Bank - Main,****9105,ING Zakelijk,"NORTHSTAR PAYROLL - WAGES, TAXES & BENEFITS",Northstar Payroll Services,-60262.17,ACH Payment,6000,"Salaries, Wages & Benefits",Expense,EUR,1.09,-65685.76,Matched,PR-202505,True,,2573834.62
800320,2025-06-03,2025-06,APX,Apex Warehousing LLC,Operating Bank - Main,****5560,First Meridian Bank,GATEWAY INDUSTRIAL PARKS - MONTHLY RENT & OCCUPANCY,Gateway Industrial Parks,-10675.76,ACH Payment,6110,Rent - Warehouse & Yard,Expense,USD,1.0,-10675.76,Matched,RNT-202506,True,,2578016.44
800308,2025-06-03,2025-06,CFS,Cascade Freight Systems Inc,Operating Bank - Main,****2298,Cascade Regional Bank,GATEWAY INDUSTRIAL PARKS - MONTHLY RENT & OCCUPANCY,Gateway Industrial Parks,-12571.78,ACH Payment,6110,Rent - Warehouse & Yard,Expense,USD,1.0,-12571.78,Matched,RNT-202506,True,,2546048.37
800302,2025-06-03,2025-06,MLG,Meridian Logistics LLC,Operating Bank - Main,****7734,First Meridian Bank,STERLING PROPERTY HOLDINGS - MONTHLY RENT & OCCUPANCY,Sterling Property Holdings,-19357.36,ACH Payment,6100,Rent - Office,Expense,USD,1.0,-19357.36,Matched,RNT-202506,True,,1104163.14
800314,2025-06-03,2025-06,NWC,Northwind Cargo B.V.,Operating Bank - Main,****9105,ING Zakelijk,STERLING PROPERTY HOLDINGS - MONTHLY RENT & OCCUPANCY,Sterling Property Holdings,-17236.74,ACH Payment,6100,Rent - Office,Expense,EUR,1.09,-18788.05,Matched,RNT-202506,True,,2556597.88
800331,2025-06-05,2025-06,APX,Apex Warehousing LLC,Operating Bank - Main,****5560,First Meridian Bank,FEDERATED EQUIP FINANCE - QUARTERLY NOTE PAYMENT,Federated Equipment Finance,-18267.65,ACH Payment,2410,Equipment Notes Payable,Liability,USD,1.0,-18267.65,Matched,LN-202506,True,,2559748.79
800330,2025-06-05,2025-06,CFS,Cascade Freight Systems Inc,Operating Bank - Main,****2298,Cascade Regional Bank,FEDERATED EQUIP FINANCE - QUARTERLY NOTE PAYMENT,Federated Equipment Finance,-30343.0,ACH Payment,2410,Equipment Notes Payable,Liability,USD,1.0,-30343.0,Matched,LN-202506,True,,2515705.37
800329,2025-06-05,2025-06,MLG,Meridian Logistics LLC,Operating Bank - Main,****7734,First Meridian Bank,FEDERATED EQUIP FINANCE - QUARTERLY NOTE PAYMENT,Federated Equipment Finance,-55153.44,ACH Payment,2410,Equipment Notes Payable,Liability,USD,1.0,-55153.44,Matched,LN-202506,True,,1049009.7
800321,2025-06-08,2025-06,APX,Apex Warehousing LLC,Operating Bank - Main,****5560,First Meridian Bank,INSURANCE PREMIUM INSTALLMENT,WorkSafe Comp Underwriters,-7034.81,ACH Payment,6510,Insurance - Workers Comp,Expense,USD,1.0,-7034.81,Matched,INS-202506,True,,2552713.98
800309,2025-06-08,2025-06,CFS,Cascade Freight Systems Inc,Operating Bank - Main,****2298,Cascade Regional Bank,INSURANCE PREMIUM INSTALLMENT,WorkSafe Comp Underwriters,-8830.81,ACH Payment,6510,Insurance - Workers Comp,Expense,USD,1.0,-8830.81,Matched,INS-202506,True,,2506874.56
800303,2025-06-08,2025-06,MLG,Meridian Logistics LLC,Operating Bank - Main,****7734,First Meridian Bank,INSURANCE PREMIUM INSTALLMENT,WorkSafe Comp Underwriters,-13586.96,ACH Payment,6510,Insurance - Workers Comp,Expense,USD,1.0,-13586.96,Matched,INS-202506,True,,1035422.74
800315,2025-06-08,2025-06,NWC,Northwind Cargo B.V.,Operating Bank - Main,****9105,ING Zakelijk,INSURANCE PREMIUM INSTALLMENT,WorkSafe Comp Underwriters,-12306.98,ACH Payment,6510,Insurance - Workers Comp,Expense,EUR,1.09,-13414.61,Matched,INS-202506,True,,2544290.9
800322,2025-06-12,2025-06,APX,Apex Warehousing LLC,Operating Bank - Main,****5560,First Meridian Bank,CLOUDSPAN TECHNOLOGIES - SOFTWARE / IT,Cloudspan Technologies,-6161.0,ACH Payment,6210,IT Infrastructure & Cloud Hosting,Expense,USD,1.0,-6161.0,Matched,TEC-202506,True,,2546552.98
800310,2025-06-12,2025-06,CFS,Cascade Freight Systems Inc,Operating Bank - Main,****2298,Cascade Regional Bank,NETSUITE SOLUTIONS PARTNER - SOFTWARE / IT,NetSuite Solutions Partner,-7559.97,ACH Payment,6140,Office Supplies,Expense,USD,1.0,-7559.97,Matched,TEC-202506,True,MISCODED,2499314.59
800304,2025-06-12,2025-06,MLG,Meridian Logistics LLC,Operating Bank - Main,****7734,First Meridian Bank,"CLOUDSPAN TECHNOLOGIES, INC. - SOFTWARE / IT","Cloudspan Technologies, Inc.",-13251.26,ACH Payment,6210,IT Infrastructure & Cloud Hosting,Expense,USD,1.0,-13251.26,Matched,TEC-202506,True,,1022171.48
800316,2025-06-12,2025-06,NWC,Northwind Cargo B.V.,Operating Bank - Main,****9105,ING Zakelijk,"CLOUDSPAN TECHNOLOGIES, INC. - SOFTWARE / IT","Cloudspan Technologies, Inc.",-10661.82,ACH Payment,6210,IT Infrastructure & Cloud Hosting,Expense,EUR,1.09,-11621.38,Matched,TEC-202506,True,,2533629.08
800323,2025-06-18,2025-06,APX,Apex Warehousing LLC,Operating Bank - Main,****5560,First Meridian Bank,VERTEX TELECOM - TELECOM & INTERNET,Vertex Telecom,-5831.85,ACH Payment,6130,Telecom & Internet,Expense,USD,1.0,-5831.85,Matched,OPX-202506,True,,2540721.13
800311,2025-06-18,2025-06,CFS,Cascade Freight Systems Inc,Operating Bank - Main,****2298,Cascade Regional Bank,"SUNDRY VENDOR - LICENSES, PERMITS & REGULATORY",Sundry vendor,-8368.58,ACH Payment,6630,"Licenses, Permits & Regulatory",Expense,USD,1.0,-8368.58,Matched,OPX-202506,True,,2490946.01
800305,2025-06-18,2025-06,MLG,Meridian Logistics LLC,Operating Bank - Main,****7734,First Meridian Bank,SUNDRY VENDOR - MEALS & ENTERTAINMENT,Sundry vendor,-12118.68,ACH Payment,6430,Meals & Entertainment,Expense,USD,1.0,-12118.68,Matched,OPX-202506,True,,1010052.8
800317,2025-06-18,2025-06,NWC,Northwind Cargo B.V.,Operating Bank - Main,****9105,ING Zakelijk,CONSOLIDATED POWER & LIGHT - UTILITIES,Consolidated Power & Light,-10348.99,ACH Payment,6120,Utilities,Expense,EUR,1.09,-11280.4,Matched,OPX-202506,True,,2523280.09
800328,2025-06-25,2025-06,APX,Apex Warehousing LLC,Operating Bank - Main,****5560,First Meridian Bank,AP RUN - VENDOR BILL SETTLEMENT,Multiple vendors,-397068.53,ACH Payment,2000,Accounts Payable,Liability,USD,1.0,-397068.53,Matched,APR-202506,True,,2143652.6
800326,2025-06-25,2025-06,CFS,Cascade Freight Systems Inc,Operating Bank - Main,****2298,Cascade Regional Bank,AP RUN - VENDOR BILL SETTLEMENT,Multiple vendors,-892034.95,ACH Payment,2000,Accounts Payable,Liability,USD,1.0,-892034.95,Matched,APR-202506,True,,1598911.06
800325,2025-06-25,2025-06,MLG,Meridian Logistics LLC,Operating Bank - Main,****7734,First Meridian Bank,AP RUN - VENDOR BILL SETTLEMENT,Multiple vendors,-1424103.95,ACH Payment,2000,Accounts Payable,Liability,USD,1.0,-1424103.95,Matched,APR-202506,True,,-414051.15
800327,2025-06-25,2025-06,NWC,Northwind Cargo B.V.,Operating Bank - Main,****9105,ING Zakelijk,AP RUN - VENDOR BILL SETTLEMENT,Multiple vendors,-634374.06,ACH Payment,2000,Accounts Payable,Liability,EUR,1.09,-691467.72,Matched,APR-202506,True,,1888906.03
800318,2025-06-26,2025-06,APX,Apex Warehousing LLC,Operating Bank - Main,****5560,First Meridian Bank,ACH BATCH DEPOSIT - CUSTOMER RECEIPTS,Lockbox settlement,130222.13,Deposit,1100,Accounts Receivable,Asset,USD,1.0,130222.13,Matched,LBX-202506,True,,2273874.73
800306,2025-06-26,2025-06,CFS,Cascade Freight Systems Inc,Operating Bank - Main,****2298,Cascade Regional Bank,ACH BATCH DEPOSIT - CUSTOMER RECEIPTS,Lockbox settlement,381652.37,Deposit,1100,Accounts Receivable,Asset,USD,1.0,381652.37,Matched,LBX-202506,True,,1980563.43
800300,2025-06-26,2025-06,MLG,Meridian Logistics LLC,Operating Bank - Main,****7734,First Meridian Bank,ACH BATCH DEPOSIT - CUSTOMER RECEIPTS,Lockbox settlement,965773.05,Deposit,1100,Accounts Receivable,Asset,USD,1.0,965773.05,Matched,LBX-202506,True,,551721.9
800312,2025-06-26,2025-06,NWC,Northwind Cargo B.V.,Operating Bank - Main,****9105,ING Zakelijk,ACH BATCH DEPOSIT - CUSTOMER RECEIPTS,Lockbox settlement,381676.79,Deposit,1100,Accounts Receivable,Asset,EUR,1.09,416027.7,Matched,LBX-202506,True,,2270582.82
800319,2025-06-28,2025-06,APX,Apex Warehousing LLC,Operating Bank - Main,****5560,First Meridian Bank,"NORTHSTAR PAYROLL - WAGES, TAXES & BENEFITS",Northstar Payroll Services,-34488.64,ACH Payment,6000,"Salaries, Wages & Benefits",Expense,USD,1.0,-34488.64,Matched,PR-202506,True,,2239386.09
800307,2025-06-28,2025-06,CFS,Cascade Freight Systems Inc,Operating Bank - Main,****2298,Cascade Regional Bank,"NORTHSTAR PAYROLL - WAGES, TAXES & BENEFITS",Northstar Payroll Services,-42215.6,ACH Payment,6000,"Salaries, Wages & Benefits",Expense,USD,1.0,-42215.6,Matched,PR-202506,True,,1938347.83
800324,2025-06-28,2025-06,MHG,Meridian Holdings Group LLC,Operating Bank - Main,****4021,First Meridian Bank,CORPORATE OVERHEAD - SHARED SERVICES,Northstar Payroll Services,-163606.45,ACH Payment,6000,"Salaries, Wages & Benefits",Expense,USD,1.0,-163606.45,Matched,MHG-202506,True,,519383.1
800301,2025-06-28,2025-06,MLG,Meridian Logistics LLC,Operating Bank - Main,****7734,First Meridian Bank,"NORTHSTAR PAYROLL - WAGES, TAXES & BENEFITS",Northstar Payroll Services,-70973.37,ACH Payment,6000,"Salaries, Wages & Benefits",Expense,USD,1.0,-70973.37,Matched,PR-202506,True,,480748.53
800313,2025-06-28,2025-06,NWC,Northwind Cargo B.V.,Operating Bank - Main,****9105,ING Zakelijk,"NORTHSTAR PAYROLL - WAGES, TAXES & BENEFITS",Northstar Payroll Services,-54151.58,ACH Payment,6000,"Salaries, Wages & Benefits",Expense,EUR,1.09,-59025.22,Matched,PR-202506,True,,2216431.24
800336,2025-06-30,2025-06,APX,Apex Warehousing LLC,Operating Bank - Main,****5560,First Meridian Bank,BANK ANALYSIS & MERCHANT SERVICE CHARGES,First Meridian Bank,-4963.32,Service Charge,6600,Bank Fees & Merchant Charges,Expense,USD,1.0,-4963.32,Matched,SVC,True,,2234422.77
800334,2025-06-30,2025-06,CFS,Cascade Freight Systems Inc,Operating Bank - Main,****2298,Cascade Regional Bank,BANK ANALYSIS & MERCHANT SERVICE CHARGES,Cascade Regional Bank,-4150.63,Service Charge,6600,Bank Fees & Merchant Charges,Expense,USD,1.0,-4150.63,Matched,SVC,True,,1934197.2
800332,2025-06-30,2025-06,MHG,Meridian Holdings Group LLC,Operating Bank - Main,****4021,First Meridian Bank,BANK ANALYSIS & MERCHANT SERVICE CHARGES,First Meridian Bank,-6075.99,Service Charge,6600,Bank Fees & Merchant Charges,Expense,USD,1.0,-6075.99,Matched,SVC,True,,513307.11
800333,2025-06-30,2025-06,MLG,Meridian Logistics LLC,Operating Bank - Main,****7734,First Meridian Bank,BANK ANALYSIS & MERCHANT SERVICE CHARGES,First Meridian Bank,-7956.22,Service Charge,6600,Bank Fees & Merchant Charges,Expense,USD,1.0,-7956.22,Matched,SVC,True,,472792.31
800335,2025-06-30,2025-06,NWC,Northwind Cargo B.V.,Operating Bank - Main,****9105,ING Zakelijk,BANK ANALYSIS & MERCHANT SERVICE CHARGES,ING Zakelijk,-6854.37,Service Charge,6600,Bank Fees & Merchant Charges,Expense,EUR,1.09,-7471.26,Matched,SVC,True,,2209576.87
800357,2025-07-03,2025-07,APX,Apex Warehousing LLC,Operating Bank - Main,****5560,First Meridian Bank,GATEWAY INDUSTRIAL PARKS - MONTHLY RENT & OCCUPANCY,Gateway Industrial Parks,-9996.56,ACH Payment,6110,Rent - Warehouse & Yard,Expense,USD,1.0,-9996.56,Matched,RNT-202507,True,,2224426.21
800345,2025-07-03,2025-07,CFS,Cascade Freight Systems Inc,Operating Bank - Main,****2298,Cascade Regional Bank,GATEWAY INDUSTRIAL PARKS - MONTHLY RENT & OCCUPANCY,Gateway Industrial Parks,-11579.84,ACH Payment,6110,Rent - Warehouse & Yard,Expense,USD,1.0,-11579.84,Matched,RNT-202507,True,,1922617.36
800339,2025-07-03,2025-07,MLG,Meridian Logistics LLC,Operating Bank - Main,****7734,First Meridian Bank,STERLING PROPERTY HOLDINGS - MONTHLY RENT & OCCUPANCY,Sterling Property Holdings,-18937.91,ACH Payment,6100,Rent - Office,Expense,USD,1.0,-18937.91,Matched,RNT-202507,True,,453854.4
800351,2025-07-03,2025-07,NWC,Northwind Cargo B.V.,Operating Bank - Main,****9105,ING Zakelijk,STERLING PROPERTY HOLDINGS - MONTHLY RENT & OCCUPANCY,Sterling Property Holdings,-17134.92,ACH Payment,6100,Rent - Office,Expense,EUR,1.09,-18677.06,Matched,RNT-202507,True,,2192441.95
800358,2025-07-08,2025-07,APX,Apex Warehousing LLC,Operating Bank - Main,****5560,First Meridian Bank,INSURANCE PREMIUM INSTALLMENT,Ironclad Insurance Brokers,-6958.39,ACH Payment,6500,Insurance - Liability & Cargo,Expense,USD,1.0,-6958.39,Matched,INS-202507,True,,2217467.82
800346,2025-07-08,2025-07,CFS,Cascade Freight Systems Inc,Operating Bank - Main,****2298,Cascade Regional Bank,INSURANCE PREMIUM INSTALLMENT,Ironclad Insurance Brokers,-8681.64,ACH Payment,6500,Insurance - Liability & Cargo,Expense,USD,1.0,-8681.64,Matched,INS-202507,True,,1913935.72
800340,2025-07-08,2025-07,MLG,Meridian Logistics LLC,Operating Bank - Main,****7734,First Meridian Bank,INSURANCE PREMIUM INSTALLMENT,Ironclad Insurance Brokers,-14169.48,ACH Payment,6500,Insurance - Liability & Cargo,Expense,USD,1.0,-14169.48,Matched,INS-202507,True,,439684.92
800352,2025-07-08,2025-07,NWC,Northwind Cargo B.V.,Operating Bank - Main,****9105,ING Zakelijk,INSURANCE PREMIUM INSTALLMENT,Ironclad Insurance Brokers,-12113.92,ACH Payment,6500,Insurance - Liability & Cargo,Expense,EUR,1.09,-13204.17,Matched,INS-202507,True,,2180328.03
800359,2025-07-12,2025-07,APX,Apex Warehousing LLC,Operating Bank - Main,****5560,First Meridian Bank,NETSUITE SOLUTIONS PARTNER - SOFTWARE / IT,NetSuite Solutions Partner,-6321.26,ACH Payment,6200,Software Subscriptions - SaaS,Expense,USD,1.0,-6321.26,Matched,TEC-202507,True,,2211146.56
800347,2025-07-12,2025-07,CFS,Cascade Freight Systems Inc,Operating Bank - Main,****2298,Cascade Regional Bank,NETSUITE SOLUTIONS PARTNER - SOFTWARE / IT,NetSuite Solutions Partner,-8061.37,Card Charge,6200,Software Subscriptions - SaaS,Expense,USD,1.0,-8061.37,Matched,TEC-202507,True,,1905874.35
800341,2025-07-12,2025-07,MLG,Meridian Logistics LLC,Operating Bank - Main,****7734,First Meridian Bank,"CLOUDSPAN TECHNOLOGIES, INC. - SOFTWARE / IT","Cloudspan Technologies, Inc.",-11522.26,ACH Payment,6140,Office Supplies,Expense,USD,1.0,-11522.26,Matched,TEC-202507,True,MISCODED,428162.66
800353,2025-07-12,2025-07,NWC,Northwind Cargo B.V.,Operating Bank - Main,****9105,ING Zakelijk,NETSUITE SOLUTIONS PARTNER - SOFTWARE / IT,NetSuite Solutions Partner,-11059.6,Card Charge,6140,Office Supplies,Expense,EUR,1.09,-12054.97,Matched,TEC-202507,True,MISCODED,2169268.43
800360,2025-07-18,2025-07,APX,Apex Warehousing LLC,Operating Bank - Main,****5560,First Meridian Bank,SUNDANCE FACILITY SERVICES - REPAIRS & MAINTENANCE - FACILITIES,Sundance Facility Services,-6429.32,ACH Payment,6150,Repairs & Maintenance - Facilities,Expense,USD,1.0,-6429.32,Matched,OPX-202507,True,,2204717.24
800348,2025-07-18,2025-07,CFS,Cascade Freight Systems Inc,Operating Bank - Main,****2298,Cascade Regional Bank,VERTEX TELECOM - TELECOM & INTERNET,Vertex Telecom,-7660.42,ACH Payment,6130,Telecom & Internet,Expense,USD,1.0,-7660.42,Matched,OPX-202507,True,,1898213.93
800342,2025-07-18,2025-07,MLG,Meridian Logistics LLC,Operating Bank - Main,****7734,First Meridian Bank,CONSOLIDATED POWER & LIGHT - UTILITIES,Consolidated Power & Light,-12787.33,ACH Payment,6120,Utilities,Expense,USD,1.0,-12787.33,Matched,OPX-202507,True,,415375.33
800354,2025-07-18,2025-07,NWC,Northwind Cargo B.V.,Operating Bank - Main,****9105,ING Zakelijk,OFFICEWORKS SUPPLY CO - OFFICE SUPPLIES,OfficeWorks Supply Co,-11640.77,ACH Payment,6140,Office Supplies,Expense,EUR,1.09,-12688.44,Matched,OPX-202507,True,,2157627.66
800687,2025-07-24,2025-07,CFS,Cascade Freight Systems Inc,Operating Bank - Main,****2298,Cascade Regional Bank,ONLINE XFER - NO MEMO,,27502.03,Deposit,9000,Suspense / Ask My Accountant,Expense,USD,1.0,27502.03,Unmatched,,False,NEEDS CATEGORIZATION,1925715.96
800355,2025-07-26,2025-07,APX,Apex Warehousing LLC,Operating Bank - Main,****5560,First Meridian Bank,ACH BATCH DEPOSIT - CUSTOMER RECEIPTS,Lockbox settlement,331736.54,Deposit,1100,Accounts Receivable,Asset,USD,1.0,331736.54,Matched,LBX-202507,True,,2536453.78
800343,2025-07-26,2025-07,CFS,Cascade Freight Systems Inc,Operating Bank - Main,****2298,Cascade Regional Bank,ACH BATCH DEPOSIT - CUSTOMER RECEIPTS,Lockbox settlement,413021.38,Deposit,1100,Accounts Receivable,Asset,USD,1.0,413021.38,Matched,LBX-202507,True,,2338737.34
800337,2025-07-26,2025-07,MLG,Meridian Logistics LLC,Operating Bank - Main,****7734,First Meridian Bank,ACH BATCH DEPOSIT - CUSTOMER RECEIPTS,Lockbox settlement,707554.04,Deposit,1100,Accounts Receivable,Asset,USD,1.0,707554.04,Matched,LBX-202507,True,,1122929.37
800349,2025-07-26,2025-07,NWC,Northwind Cargo B.V.,Operating Bank - Main,****9105,ING Zakelijk,ACH BATCH DEPOSIT - CUSTOMER RECEIPTS,Lockbox settlement,334632.79,Deposit,1100,Accounts Receivable,Asset,EUR,1.09,364749.74,Matched,LBX-202507,True,,2492260.45
800356,2025-07-28,2025-07,APX,Apex Warehousing LLC,Operating Bank - Main,****5560,First Meridian Bank,"NORTHSTAR PAYROLL - WAGES, TAXES & BENEFITS",Northstar Payroll Services,-33330.25,ACH Payment,6000,"Salaries, Wages & Benefits",Expense,USD,1.0,-33330.25,Matched,PR-202507,True,,2503123.53
800344,2025-07-28,2025-07,CFS,Cascade Freight Systems Inc,Operating Bank - Main,****2298,Cascade Regional Bank,"NORTHSTAR PAYROLL - WAGES, TAXES & BENEFITS",Northstar Payroll Services,-40288.48,ACH Payment,6000,"Salaries, Wages & Benefits",Expense,USD,1.0,-40288.48,Matched,PR-202507,True,,2298448.86
800361,2025-07-28,2025-07,MHG,Meridian Holdings Group LLC,Operating Bank - Main,****4021,First Meridian Bank,CORPORATE OVERHEAD - SHARED SERVICES,Northstar Payroll Services,-170958.53,ACH Payment,6000,"Salaries, Wages & Benefits",Expense,USD,1.0,-170958.53,Matched,MHG-202507,True,,342348.58
800338,2025-07-28,2025-07,MLG,Meridian Logistics LLC,Operating Bank - Main,****7734,First Meridian Bank,"NORTHSTAR PAYROLL - WAGES, TAXES & BENEFITS",Northstar Payroll Services,-71256.55,ACH Payment,6000,"Salaries, Wages & Benefits",Expense,USD,1.0,-71256.55,Matched,PR-202507,True,,1051672.82
800350,2025-07-28,2025-07,NWC,Northwind Cargo B.V.,Operating Bank - Main,****9105,ING Zakelijk,"NORTHSTAR PAYROLL - WAGES, TAXES & BENEFITS",Northstar Payroll Services,-54483.91,ACH Payment,6000,"Salaries, Wages & Benefits",Expense,EUR,1.09,-59387.46,Matched,PR-202507,True,,2437776.54
800382,2025-08-03,2025-08,APX,Apex Warehousing LLC,Operating Bank - Main,****5560,First Meridian Bank,GATEWAY INDUSTRIAL PARKS - MONTHLY RENT & OCCUPANCY,Gateway Industrial Parks,-11894.38,ACH Payment,6110,Rent - Warehouse & Yard,Expense,USD,1.0,-11894.38,Matched,RNT-202508,True,,2491229.15
800370,2025-08-03,2025-08,CFS,Cascade Freight Systems Inc,Operating Bank - Main,****2298,Cascade Regional Bank,GATEWAY INDUSTRIAL PARKS - MONTHLY RENT & OCCUPANCY,Gateway Industrial Parks,-12430.88,ACH Payment,6110,Rent - Warehouse & Yard,Expense,USD,1.0,-12430.88,Matched,RNT-202508,True,,2286017.98
800364,2025-08-03,2025-08,MLG,Meridian Logistics LLC,Operating Bank - Main,****7734,First Meridian Bank,STERLING PROPERTY HOLDINGS - MONTHLY RENT & OCCUPANCY,Sterling Property Holdings,-19230.67,ACH Payment,6100,Rent - Office,Expense,USD,1.0,-19230.67,Matched,RNT-202508,True,,1032442.15
800376,2025-08-03,2025-08,NWC,Northwind Cargo B.V.,Operating Bank - Main,****9105,ING Zakelijk,STERLING PROPERTY HOLDINGS - MONTHLY RENT & OCCUPANCY,Sterling Property Holdings,-18071.2,ACH Payment,6100,Rent - Office,Expense,EUR,1.09,-19697.61,Matched,RNT-202508,True,,2419705.34
800383,2025-08-08,2025-08,APX,Apex Warehousing LLC,Operating Bank - Main,****5560,First Meridian Bank,INSURANCE PREMIUM INSTALLMENT,WorkSafe Comp Underwriters,-8714.32,ACH Payment,6510,Insurance - Workers Comp,Expense,USD,1.0,-8714.32,Matched,INS-202508,True,,2482514.83
800371,2025-08-08,2025-08,CFS,Cascade Freight Systems Inc,Operating Bank - Main,****2298,Cascade Regional Bank,INSURANCE PREMIUM INSTALLMENT,WorkSafe Comp Underwriters,-8455.5,ACH Payment,6510,Insurance - Workers Comp,Expense,USD,1.0,-8455.5,Matched,INS-202508,True,,2277562.48
800365,2025-08-08,2025-08,MLG,Meridian Logistics LLC,Operating Bank - Main,****7734,First Meridian Bank,INSURANCE PREMIUM INSTALLMENT,WorkSafe Comp Underwriters,-13223.0,ACH Payment,6510,Insurance - Workers Comp,Expense,USD,1.0,-13223.0,Matched,INS-202508,True,,1019219.15
800377,2025-08-08,2025-08,NWC,Northwind Cargo B.V.,Operating Bank - Main,****9105,ING Zakelijk,INSURANCE PREMIUM INSTALLMENT,WorkSafe Comp Underwriters,-13574.15,ACH Payment,6510,Insurance - Workers Comp,Expense,EUR,1.09,-14795.82,Matched,INS-202508,True,,2406131.19
800384,2025-08-12,2025-08,APX,Apex Warehousing LLC,Operating Bank - Main,****5560,First Meridian Bank,"CLOUDSPAN TECHNOLOGIES, INC. - SOFTWARE / IT","Cloudspan Technologies, Inc.",-7841.92,ACH Payment,6210,IT Infrastructure & Cloud Hosting,Expense,USD,1.0,-7841.92,Matched,TEC-202508,True,,2474672.91
800372,2025-08-12,2025-08,CFS,Cascade Freight Systems Inc,Operating Bank - Main,****2298,Cascade Regional Bank,"CLOUDSPAN TECHNOLOGIES, INC. - SOFTWARE / IT","Cloudspan Technologies, Inc.",-7506.72,ACH Payment,6140,Office Supplies,Expense,USD,1.0,-7506.72,Matched,TEC-202508,True,MISCODED,2270055.76
800366,2025-08-12,2025-08,MLG,Meridian Logistics LLC,Operating Bank - Main,****7734,First Meridian Bank,CLOUDSPAN TECHNOLOGIES - SOFTWARE / IT,Cloudspan Technologies,-12293.41,ACH Payment,6210,IT Infrastructure & Cloud Hosting,Expense,USD,1.0,-12293.41,Matched,TEC-202508,True,,1006925.74
800378,2025-08-12,2025-08,NWC,Northwind Cargo B.V.,Operating Bank - Main,****9105,ING Zakelijk,"CLOUDSPAN TECHNOLOGIES, INC. - SOFTWARE / IT","Cloudspan Technologies, Inc.",-10870.68,ACH Payment,6210,IT Infrastructure & Cloud Hosting,Expense,EUR,1.09,-11849.04,Matched,TEC-202508,True,,2395260.51
800683,2025-08-15,2025-08,NWC,Northwind Cargo B.V.,Operating Bank - Main,****9105,ING Zakelijk,RETURNED ITEM - NSF,,-22025.2,Withdrawal,9000,Suspense / Ask My Accountant,Expense,EUR,1.09,-24007.47,Unmatched,,False,NEEDS CATEGORIZATION,2373235.31
800385,2025-08-18,2025-08,APX,Apex Warehousing LLC,Operating Bank - Main,****5560,First Meridian Bank,HARRINGTON & BLAKE LLP - PROFESSIONAL FEES - LEGAL,Harrington & Blake LLP,-8236.32,ACH Payment,6300,Professional Fees - Legal,Expense,USD,1.0,-8236.32,Matched,OPX-202508,True,,2466436.59
800373,2025-08-18,2025-08,CFS,Cascade Freight Systems Inc,Operating Bank - Main,****2298,Cascade Regional Bank,SUNDANCE FACILITY SERVICES - REPAIRS & MAINTENANCE - FACILITIES,Sundance Facility Services,-7207.54,ACH Payment,6150,Repairs & Maintenance - Facilities,Expense,USD,1.0,-7207.54,Matched,OPX-202508,True,,2262848.22
800367,2025-08-18,2025-08,MLG,Meridian Logistics LLC,Operating Bank - Main,****7734,First Meridian Bank,OFFICEWORKS SUPPLY CO - OFFICE SUPPLIES,OfficeWorks Supply Co,-10492.83,ACH Payment,6140,Office Supplies,Expense,USD,1.0,-10492.83,Matched,OPX-202508,True,,996432.91
800379,2025-08-18,2025-08,NWC,Northwind Cargo B.V.,Operating Bank - Main,****9105,ING Zakelijk,DATASTREAM ANALYTICS INC - DATA & MARKET INTELLIGENCE,Datastream Analytics Inc,-10656.15,ACH Payment,6220,Data & Market Intelligence,Expense,EUR,1.09,-11615.2,Matched,OPX-202508,True,,2362579.16
800380,2025-08-26,2025-08,APX,Apex Warehousing LLC,Operating Bank - Main,****5560,First Meridian Bank,ACH BATCH DEPOSIT - CUSTOMER RECEIPTS,Lockbox settlement,229036.75,Deposit,1100,Accounts Receivable,Asset,USD,1.0,229036.75,Matched,LBX-202508,True,,2695473.34
800368,2025-08-26,2025-08,CFS,Cascade Freight Systems Inc,Operating Bank - Main,****2298,Cascade Regional Bank,ACH BATCH DEPOSIT - CUSTOMER RECEIPTS,Lockbox settlement,289195.64,Deposit,1100,Accounts Receivable,Asset,USD,1.0,289195.64,Matched,LBX-202508,True,,2552043.86
800362,2025-08-26,2025-08,MLG,Meridian Logistics LLC,Operating Bank - Main,****7734,First Meridian Bank,ACH BATCH DEPOSIT - CUSTOMER RECEIPTS,Lockbox settlement,310310.39,Deposit,1100,Accounts Receivable,Asset,USD,1.0,310310.39,Matched,LBX-202508,True,,1306743.3
800374,2025-08-26,2025-08,NWC,Northwind Cargo B.V.,Operating Bank - Main,****9105,ING Zakelijk,ACH BATCH DEPOSIT - CUSTOMER RECEIPTS,Lockbox settlement,218109.83,Deposit,1100,Accounts Receivable,Asset,EUR,1.09,237739.71,Matched,LBX-202508,True,,2580688.99
800381,2025-08-28,2025-08,APX,Apex Warehousing LLC,Operating Bank - Main,****5560,First Meridian Bank,"NORTHSTAR PAYROLL - WAGES, TAXES & BENEFITS",Northstar Payroll Services,-39917.89,ACH Payment,6000,"Salaries, Wages & Benefits",Expense,USD,1.0,-39917.89,Matched,PR-202508,True,,2655555.45
800369,2025-08-28,2025-08,CFS,Cascade Freight Systems Inc,Operating Bank - Main,****2298,Cascade Regional Bank,"NORTHSTAR PAYROLL - WAGES, TAXES & BENEFITS",Northstar Payroll Services,-41120.56,ACH Payment,6000,"Salaries, Wages & Benefits",Expense,USD,1.0,-41120.56,Matched,PR-202508,True,,2510923.3
800386,2025-08-28,2025-08,MHG,Meridian Holdings Group LLC,Operating Bank - Main,****4021,First Meridian Bank,CORPORATE OVERHEAD - SHARED SERVICES,Grantham Audit Group,-176106.63,ACH Payment,6000,"Salaries, Wages & Benefits",Expense,USD,1.0,-176106.63,Matched,MHG-202508,True,,166241.95
800363,2025-08-28,2025-08,MLG,Meridian Logistics LLC,Operating Bank - Main,****7734,First Meridian Bank,"NORTHSTAR PAYROLL - WAGES, TAXES & BENEFITS",Northstar Payroll Services,-68485.92,ACH Payment,6000,"Salaries, Wages & Benefits",Expense,USD,1.0,-68485.92,Matched,PR-202508,True,,1238257.38
800375,2025-08-28,2025-08,NWC,Northwind Cargo B.V.,Operating Bank - Main,****9105,ING Zakelijk,"NORTHSTAR PAYROLL - WAGES, TAXES & BENEFITS",Northstar Payroll Services,-57869.79,ACH Payment,6000,"Salaries, Wages & Benefits",Expense,EUR,1.09,-63078.07,Matched,PR-202508,True,,2522819.2
800407,2025-09-03,2025-09,APX,Apex Warehousing LLC,Operating Bank - Main,****5560,First Meridian Bank,GATEWAY INDUSTRIAL PARKS - MONTHLY RENT & OCCUPANCY,Gateway Industrial Parks,-12316.21,ACH Payment,6110,Rent - Warehouse & Yard,Expense,USD,1.0,-12316.21,Matched,RNT-202509,True,,2643239.24
800395,2025-09-03,2025-09,CFS,Cascade Freight Systems Inc,Operating Bank - Main,****2298,Cascade Regional Bank,GATEWAY INDUSTRIAL PARKS - MONTHLY RENT & OCCUPANCY,Gateway Industrial Parks,-13944.7,ACH Payment,6110,Rent - Warehouse & Yard,Expense,USD,1.0,-13944.7,Matched,RNT-202509,True,,2496978.6
800389,2025-09-03,2025-09,MLG,Meridian Logistics LLC,Operating Bank - Main,****7734,First Meridian Bank,STERLING PROPERTY HOLDINGS - MONTHLY RENT & OCCUPANCY,Sterling Property Holdings,-21642.78,ACH Payment,6100,Rent - Office,Expense,USD,1.0,-21642.78,Matched,RNT-202509,True,,1216614.6
800401,2025-09-03,2025-09,NWC,Northwind Cargo B.V.,Operating Bank - Main,****9105,ING Zakelijk,STERLING PROPERTY HOLDINGS - MONTHLY RENT & OCCUPANCY,Sterling Property Holdings,-19871.13,ACH Payment,6100,Rent - Office,Expense,EUR,1.09,-21659.53,Matched,RNT-202509,True,,2502948.07
800418,2025-09-05,2025-09,APX,Apex Warehousing LLC,Operating Bank - Main,****5560,First Meridian Bank,FEDERATED EQUIP FINANCE - QUARTERLY NOTE PAYMENT,Federated Equipment Finance,-14097.7,ACH Payment,2410,Equipment Notes Payable,Liability,USD,1.0,-14097.7,Matched,LN-202509,True,,2629141.54
800417,2025-09-05,2025-09,CFS,Cascade Freight Systems Inc,Operating Bank - Main,****2298,Cascade Regional Bank,FEDERATED EQUIP FINANCE - QUARTERLY NOTE PAYMENT,Federated Equipment Finance,-34732.1,ACH Payment,2410,Equipment Notes Payable,Liability,USD,1.0,-34732.1,Matched,LN-202509,True,,2462246.5
800416,2025-09-05,2025-09,MLG,Meridian Logistics LLC,Operating Bank - Main,****7734,First Meridian Bank,FEDERATED EQUIP FINANCE - QUARTERLY NOTE PAYMENT,Federated Equipment Finance,-54820.82,ACH Payment,2410,Equipment Notes Payable,Liability,USD,1.0,-54820.82,Matched,LN-202509,True,,1161793.78
800408,2025-09-08,2025-09,APX,Apex Warehousing LLC,Operating Bank - Main,****5560,First Meridian Bank,INSURANCE PREMIUM INSTALLMENT,Ironclad Insurance Brokers,-8551.41,ACH Payment,6500,Insurance - Liability & Cargo,Expense,USD,1.0,-8551.41,Matched,INS-202509,True,,2620590.13
800396,2025-09-08,2025-09,CFS,Cascade Freight Systems Inc,Operating Bank - Main,****2298,Cascade Regional Bank,INSURANCE PREMIUM INSTALLMENT,Ironclad Insurance Brokers,-9432.83,ACH Payment,6500,Insurance - Liability & Cargo,Expense,USD,1.0,-9432.83,Matched,INS-202509,True,,2452813.67
800390,2025-09-08,2025-09,MLG,Meridian Logistics LLC,Operating Bank - Main,****7734,First Meridian Bank,INSURANCE PREMIUM INSTALLMENT,Ironclad Insurance Brokers,-15391.5,ACH Payment,6500,Insurance - Liability & Cargo,Expense,USD,1.0,-15391.5,Matched,INS-202509,True,,1146402.28
800402,2025-09-08,2025-09,NWC,Northwind Cargo B.V.,Operating Bank - Main,****9105,ING Zakelijk,INSURANCE PREMIUM INSTALLMENT,Ironclad Insurance Brokers,-13868.22,ACH Payment,6500,Insurance - Liability & Cargo,Expense,EUR,1.09,-15116.36,Matched,INS-202509,True,,2489079.85
800409,2025-09-12,2025-09,APX,Apex Warehousing LLC,Operating Bank - Main,****5560,First Meridian Bank,RAMP FINANCIAL SOFTWARE - SOFTWARE / IT,Ramp Financial Software,-7773.1,ACH Payment,6200,Software Subscriptions - SaaS,Expense,USD,1.0,-7773.1,Matched,TEC-202509,True,,2612817.03
800397,2025-09-12,2025-09,CFS,Cascade Freight Systems Inc,Operating Bank - Main,****2298,Cascade Regional Bank,NETSUITE SOLUTIONS PARTNER - SOFTWARE / IT,NetSuite Solutions Partner,-8352.4,ACH Payment,6200,Software Subscriptions - SaaS,Expense,USD,1.0,-8352.4,Matched,TEC-202509,True,,2444461.27
800391,2025-09-12,2025-09,MLG,Meridian Logistics LLC,Operating Bank - Main,****7734,First Meridian Bank,RAMP FINANCIAL SOFTWARE - SOFTWARE / IT,Ramp Financial Software,-14355.3,ACH Payment,6200,Software Subscriptions - SaaS,Expense,USD,1.0,-14355.3,Matched,TEC-202509,True,,1132046.98
800403,2025-09-12,2025-09,NWC,Northwind Cargo B.V.,Operating Bank - Main,****9105,ING Zakelijk,"CLOUDSPAN TECHNOLOGIES, INC. - SOFTWARE / IT","Cloudspan Technologies, Inc.",-12013.02,ACH Payment,6140,Office Supplies,Expense,EUR,1.09,-13094.19,Matched,TEC-202509,True,MISCODED,2477066.83
800410,2025-09-18,2025-09,APX,Apex Warehousing LLC,Operating Bank - Main,****5560,First Meridian Bank,BRIDGEPOINT CONSULTING - PROFESSIONAL FEES - CONSULTING,Bridgepoint Consulting,-7271.89,ACH Payment,6320,Professional Fees - Consulting,Expense,USD,1.0,-7271.89,Matched,OPX-202509,True,,2605545.14
800398,2025-09-18,2025-09,CFS,Cascade Freight Systems Inc,Operating Bank - Main,****2298,Cascade Regional Bank,HARRINGTON & BLAKE LLP - PROFESSIONAL FEES - LEGAL,Harrington & Blake LLP,-7582.86,ACH Payment,6300,Professional Fees - Legal,Expense,USD,1.0,-7582.86,Matched,OPX-202509,True,,2436878.41
800392,2025-09-18,2025-09,MLG,Meridian Logistics LLC,Operating Bank - Main,****7734,First Meridian Bank,DATASTREAM ANALYTICS INC - DATA & MARKET INTELLIGENCE,Datastream Analytics Inc,-14834.4,ACH Payment,6220,Data & Market Intelligence,Expense,USD,1.0,-14834.4,Matched,OPX-202509,True,,1117212.58
800404,2025-09-18,2025-09,NWC,Northwind Cargo B.V.,Operating Bank - Main,****9105,ING Zakelijk,GRANTHAM AUDIT GROUP - PROFESSIONAL FEES - AUDIT & TAX,Grantham Audit Group,-11211.16,ACH Payment,6310,Professional Fees - Audit & Tax,Expense,EUR,1.09,-12220.17,Matched,OPX-202509,True,,2465855.67
800415,2025-09-25,2025-09,APX,Apex Warehousing LLC,Operating Bank - Main,****5560,First Meridian Bank,AP RUN - VENDOR BILL SETTLEMENT,Multiple vendors,-377403.75,ACH Payment,2000,Accounts Payable,Liability,USD,1.0,-377403.75,Matched,APR-202509,True,,2228141.39
800413,2025-09-25,2025-09,CFS,Cascade Freight Systems Inc,Operating Bank - Main,****2298,Cascade Regional Bank,AP RUN - VENDOR BILL SETTLEMENT,Multiple vendors,-853084.6,ACH Payment,2000,Accounts Payable,Liability,USD,1.0,-853084.6,Matched,APR-202509,True,,1583793.81
800412,2025-09-25,2025-09,MLG,Meridian Logistics LLC,Operating Bank - Main,****7734,First Meridian Bank,AP RUN - VENDOR BILL SETTLEMENT,Multiple vendors,-1396976.59,ACH Payment,2000,Accounts Payable,Liability,USD,1.0,-1396976.59,Matched,APR-202509,True,,-279764.01
800414,2025-09-25,2025-09,NWC,Northwind Cargo B.V.,Operating Bank - Main,****9105,ING Zakelijk,AP RUN - VENDOR BILL SETTLEMENT,Multiple vendors,-588661.82,ACH Payment,2000,Accounts Payable,Liability,EUR,1.09,-641641.38,Matched,APR-202509,True,,1877193.85
800405,2025-09-26,2025-09,APX,Apex Warehousing LLC,Operating Bank - Main,****5560,First Meridian Bank,ACH BATCH DEPOSIT - CUSTOMER RECEIPTS,Lockbox settlement,194923.56,Deposit,1100,Accounts Receivable,Asset,USD,1.0,194923.56,Matched,LBX-202509,True,,2423064.95
800393,2025-09-26,2025-09,CFS,Cascade Freight Systems Inc,Operating Bank - Main,****2298,Cascade Regional Bank,ACH BATCH DEPOSIT - CUSTOMER RECEIPTS,Lockbox settlement,303680.14,Deposit,1100,Accounts Receivable,Asset,USD,1.0,303680.14,Matched,LBX-202509,True,,1887473.95
800387,2025-09-26,2025-09,MLG,Meridian Logistics LLC,Operating Bank - Main,****7734,First Meridian Bank,ACH BATCH DEPOSIT - CUSTOMER RECEIPTS,Lockbox settlement,918436.43,Deposit,1100,Accounts Receivable,Asset,USD,1.0,918436.43,Matched,LBX-202509,True,,638672.42
800399,2025-09-26,2025-09,NWC,Northwind Cargo B.V.,Operating Bank - Main,****9105,ING Zakelijk,ACH BATCH DEPOSIT - CUSTOMER RECEIPTS,Lockbox settlement,585635.43,Deposit,1100,Accounts Receivable,Asset,EUR,1.09,638342.62,Matched,LBX-202509,True,,2462829.28
800406,2025-09-28,2025-09,APX,Apex Warehousing LLC,Operating Bank - Main,****5560,First Meridian Bank,"NORTHSTAR PAYROLL - WAGES, TAXES & BENEFITS",Northstar Payroll Services,-39999.93,ACH Payment,6000,"Salaries, Wages & Benefits",Expense,USD,1.0,-39999.93,Matched,PR-202509,True,,2383065.02
800394,2025-09-28,2025-09,CFS,Cascade Freight Systems Inc,Operating Bank - Main,****2298,Cascade Regional Bank,"NORTHSTAR PAYROLL - WAGES, TAXES & BENEFITS",Northstar Payroll Services,-48088.97,ACH Payment,6000,"Salaries, Wages & Benefits",Expense,USD,1.0,-48088.97,Matched,PR-202509,True,,1839384.98
800411,2025-09-28,2025-09,MHG,Meridian Holdings Group LLC,Operating Bank - Main,****4021,First Meridian Bank,CORPORATE OVERHEAD - SHARED SERVICES,Harrington & Blake LLP,-161893.41,ACH Payment,6000,"Salaries, Wages & Benefits",Expense,USD,1.0,-161893.41,Matched,MHG-202509,True,,4348.54
800388,2025-09-28,2025-09,MLG,Meridian Logistics LLC,Operating Bank - Main,****7734,First Meridian Bank,"NORTHSTAR PAYROLL - WAGES, TAXES & BENEFITS",Northstar Payroll Services,-79233.16,ACH Payment,6000,"Salaries, Wages & Benefits",Expense,USD,1.0,-79233.16,Matched,PR-202509,True,,559439.26
800400,2025-09-28,2025-09,NWC,Northwind Cargo B.V.,Operating Bank - Main,****9105,ING Zakelijk,"NORTHSTAR PAYROLL - WAGES, TAXES & BENEFITS",Northstar Payroll Services,-61499.62,ACH Payment,6000,"Salaries, Wages & Benefits",Expense,EUR,1.09,-67034.58,Matched,PR-202509,True,,2401329.66
800439,2025-10-03,2025-10,APX,Apex Warehousing LLC,Operating Bank - Main,****5560,First Meridian Bank,GATEWAY INDUSTRIAL PARKS - MONTHLY RENT & OCCUPANCY,Gateway Industrial Parks,-12942.25,ACH Payment,6110,Rent - Warehouse & Yard,Expense,USD,1.0,-12942.25,Matched,RNT-202510,True,,2370122.77
800427,2025-10-03,2025-10,CFS,Cascade Freight Systems Inc,Operating Bank - Main,****2298,Cascade Regional Bank,GATEWAY INDUSTRIAL PARKS - MONTHLY RENT & OCCUPANCY,Gateway Industrial Parks,-15210.85,ACH Payment,6110,Rent - Warehouse & Yard,Expense,USD,1.0,-15210.85,Matched,RNT-202510,True,,1824174.13
800421,2025-10-03,2025-10,MLG,Meridian Logistics LLC,Operating Bank - Main,****7734,First Meridian Bank,STERLING PROPERTY HOLDINGS - MONTHLY RENT & OCCUPANCY,Sterling Property Holdings,-23352.67,ACH Payment,6100,Rent - Office,Expense,USD,1.0,-23352.67,Matched,RNT-202510,True,,536086.59
800433,2025-10-03,2025-10,NWC,Northwind Cargo B.V.,Operating Bank - Main,****9105,ING Zakelijk,STERLING PROPERTY HOLDINGS - MONTHLY RENT & OCCUPANCY,Sterling Property Holdings,-21357.5,ACH Payment,6100,Rent - Office,Expense,EUR,1.09,-23279.67,Matched,RNT-202510,True,,2379972.16
800440,2025-10-08,2025-10,APX,Apex Warehousing LLC,Operating Bank - Main,****5560,First Meridian Bank,INSURANCE PREMIUM INSTALLMENT,WorkSafe Comp Underwriters,-8972.52,ACH Payment,6510,Insurance - Workers Comp,Expense,USD,1.0,-8972.52,Matched,INS-202510,True,,2361150.25
800428,2025-10-08,2025-10,CFS,Cascade Freight Systems Inc,Operating Bank - Main,****2298,Cascade Regional Bank,INSURANCE PREMIUM INSTALLMENT,WorkSafe Comp Underwriters,-10980.22,ACH Payment,6510,Insurance - Workers Comp,Expense,USD,1.0,-10980.22,Matched,INS-202510,True,,1813193.91
800422,2025-10-08,2025-10,MLG,Meridian Logistics LLC,Operating Bank - Main,****7734,First Meridian Bank,INSURANCE PREMIUM INSTALLMENT,WorkSafe Comp Underwriters,-15481.54,ACH Payment,6510,Insurance - Workers Comp,Expense,USD,1.0,-15481.54,Matched,INS-202510,True,,520605.05
800434,2025-10-08,2025-10,NWC,Northwind Cargo B.V.,Operating Bank - Main,****9105,ING Zakelijk,INSURANCE PREMIUM INSTALLMENT,WorkSafe Comp Underwriters,-14749.06,ACH Payment,6510,Insurance - Workers Comp,Expense,EUR,1.09,-16076.47,Matched,INS-202510,True,,2365223.1
800441,2025-10-12,2025-10,APX,Apex Warehousing LLC,Operating Bank - Main,****5560,First Meridian Bank,CLOUDSPAN TECHNOLOGIES - SOFTWARE / IT,Cloudspan Technologies,-7577.69,ACH Payment,6210,IT Infrastructure & Cloud Hosting,Expense,USD,1.0,-7577.69,Matched,TEC-202510,True,,2353572.56
800429,2025-10-12,2025-10,CFS,Cascade Freight Systems Inc,Operating Bank - Main,****2298,Cascade Regional Bank,"CLOUDSPAN TECHNOLOGIES, INC. - SOFTWARE / IT","Cloudspan Technologies, Inc.",-8413.13,Card Charge,6140,Office Supplies,Expense,USD,1.0,-8413.13,Matched,TEC-202510,True,MISCODED,1804780.78
800423,2025-10-12,2025-10,MLG,Meridian Logistics LLC,Operating Bank - Main,****7734,First Meridian Bank,CLOUDSPAN TECHNOLOGIES - SOFTWARE / IT,Cloudspan Technologies,-14267.42,ACH Payment,6210,IT Infrastructure & Cloud Hosting,Expense,USD,1.0,-14267.42,Matched,TEC-202510,True,,506337.63
800435,2025-10-12,2025-10,NWC,Northwind Cargo B.V.,Operating Bank - Main,****9105,ING Zakelijk,CLOUDSPAN TECHNOLOGIES - SOFTWARE / IT,Cloudspan Technologies,-12782.02,ACH Payment,6210,IT Infrastructure & Cloud Hosting,Expense,EUR,1.09,-13932.4,Matched,TEC-202510,True,,2352441.08
800442,2025-10-18,2025-10,APX,Apex Warehousing LLC,Operating Bank - Main,****5560,First Meridian Bank,CORPORATE TRAVEL ALLIANCE - TRAVEL,Corporate Travel Alliance,-6758.81,ACH Payment,6420,Travel,Expense,USD,1.0,-6758.81,Matched,OPX-202510,True,,2346813.75
800430,2025-10-18,2025-10,CFS,Cascade Freight Systems Inc,Operating Bank - Main,****2298,Cascade Regional Bank,NIMBUS DEV CONTRACTORS - REPAIRS & MAINTENANCE - FACILITIES,Nimbus Dev Contractors,-9921.61,ACH Payment,6150,Repairs & Maintenance - Facilities,Expense,USD,1.0,-9921.61,Matched,OPX-202510,True,MISCODED,1794859.17
800680,2025-10-18,2025-10,CFS,Cascade Freight Systems Inc,Operating Bank - Main,****2298,Cascade Regional Bank,RETURNED ITEM - NSF,,-26852.66,Withdrawal,9000,Suspense / Ask My Accountant,Expense,USD,1.0,-26852.66,Unmatched,,False,NEEDS CATEGORIZATION,1768006.51
800424,2025-10-18,2025-10,MLG,Meridian Logistics LLC,Operating Bank - Main,****7734,First Meridian Bank,GRANTHAM AUDIT GROUP - PROFESSIONAL FEES - AUDIT & TAX,Grantham Audit Group,-15443.21,ACH Payment,6310,Professional Fees - Audit & Tax,Expense,USD,1.0,-15443.21,Matched,OPX-202510,True,,490894.42
800436,2025-10-18,2025-10,NWC,Northwind Cargo B.V.,Operating Bank - Main,****9105,ING Zakelijk,LIGHTHOUSE MARKETING GROUP - MARKETING & ADVERTISING,Lighthouse Marketing Group,-14023.74,ACH Payment,6400,Marketing & Advertising,Expense,EUR,1.09,-15285.88,Matched,OPX-202510,True,,2338417.34
800437,2025-10-26,2025-10,APX,Apex Warehousing LLC,Operating Bank - Main,****5560,First Meridian Bank,ACH BATCH DEPOSIT - CUSTOMER RECEIPTS,Lockbox settlement,136344.03,Deposit,1100,Accounts Receivable,Asset,USD,1.0,136344.03,Matched,LBX-202510,True,,2483157.78
800425,2025-10-26,2025-10,CFS,Cascade Freight Systems Inc,Operating Bank - Main,****2298,Cascade Regional Bank,ACH BATCH DEPOSIT - CUSTOMER RECEIPTS,Lockbox settlement,303922.81,Deposit,1100,Accounts Receivable,Asset,USD,1.0,303922.81,Matched,LBX-202510,True,,2071929.32
800419,2025-10-26,2025-10,MLG,Meridian Logistics LLC,Operating Bank - Main,****7734,First Meridian Bank,ACH BATCH DEPOSIT - CUSTOMER RECEIPTS,Lockbox settlement,499646.67,Deposit,1100,Accounts Receivable,Asset,USD,1.0,499646.67,Matched,LBX-202510,True,,990541.09
800431,2025-10-26,2025-10,NWC,Northwind Cargo B.V.,Operating Bank - Main,****9105,ING Zakelijk,ACH BATCH DEPOSIT - CUSTOMER RECEIPTS,Lockbox settlement,184215.11,Deposit,1100,Accounts Receivable,Asset,EUR,1.09,200794.47,Matched,LBX-202510,True,,2522632.45
800438,2025-10-28,2025-10,APX,Apex Warehousing LLC,Operating Bank - Main,****5560,First Meridian Bank,"NORTHSTAR PAYROLL - WAGES, TAXES & BENEFITS",Northstar Payroll Services,-39602.09,ACH Payment,6000,"Salaries, Wages & Benefits",Expense,USD,1.0,-39602.09,Matched,PR-202510,True,,2443555.69
800426,2025-10-28,2025-10,CFS,Cascade Freight Systems Inc,Operating Bank - Main,****2298,Cascade Regional Bank,"NORTHSTAR PAYROLL - WAGES, TAXES & BENEFITS",Northstar Payroll Services,-52093.04,ACH Payment,6000,"Salaries, Wages & Benefits",Expense,USD,1.0,-52093.04,Matched,PR-202510,True,,2019836.28
800443,2025-10-28,2025-10,MHG,Meridian Holdings Group LLC,Operating Bank - Main,****4021,First Meridian Bank,CORPORATE OVERHEAD - SHARED SERVICES,Grantham Audit Group,-161327.91,ACH Payment,6000,"Salaries, Wages & Benefits",Expense,USD,1.0,-161327.91,Matched,MHG-202510,True,,-156979.37
800420,2025-10-28,2025-10,MLG,Meridian Logistics LLC,Operating Bank - Main,****7734,First Meridian Bank,"NORTHSTAR PAYROLL - WAGES, TAXES & BENEFITS",Northstar Payroll Services,-80736.43,ACH Payment,6000,"Salaries, Wages & Benefits",Expense,USD,1.0,-80736.43,Matched,PR-202510,True,,909804.66
800432,2025-10-28,2025-10,NWC,Northwind Cargo B.V.,Operating Bank - Main,****9105,ING Zakelijk,"NORTHSTAR PAYROLL - WAGES, TAXES & BENEFITS",Northstar Payroll Services,-66214.91,ACH Payment,6000,"Salaries, Wages & Benefits",Expense,EUR,1.09,-72174.26,Matched,PR-202510,True,,2456417.54
800464,2025-11-03,2025-11,APX,Apex Warehousing LLC,Operating Bank - Main,****5560,First Meridian Bank,GATEWAY INDUSTRIAL PARKS - MONTHLY RENT & OCCUPANCY,Gateway Industrial Parks,-14068.05,ACH Payment,6110,Rent - Warehouse & Yard,Expense,USD,1.0,-14068.05,Matched,RNT-202511,True,,2429487.64
800452,2025-11-03,2025-11,CFS,Cascade Freight Systems Inc,Operating Bank - Main,****2298,Cascade Regional Bank,GATEWAY INDUSTRIAL PARKS - MONTHLY RENT & OCCUPANCY,Gateway Industrial Parks,-15291.75,ACH Payment,6110,Rent - Warehouse & Yard,Expense,USD,1.0,-15291.75,Matched,RNT-202511,True,,2004544.53
800446,2025-11-03,2025-11,MLG,Meridian Logistics LLC,Operating Bank - Main,****7734,First Meridian Bank,STERLING PROPERTY HOLDINGS - MONTHLY RENT & OCCUPANCY,Sterling Property Holdings,-24136.11,ACH Payment,6100,Rent - Office,Expense,USD,1.0,-24136.11,Matched,RNT-202511,True,,885668.55
800458,2025-11-03,2025-11,NWC,Northwind Cargo B.V.,Operating Bank - Main,****9105,ING Zakelijk,STERLING PROPERTY HOLDINGS - MONTHLY RENT & OCCUPANCY,Sterling Property Holdings,-21107.02,ACH Payment,6100,Rent - Office,Expense,EUR,1.09,-23006.66,Matched,RNT-202511,True,,2435310.52
800465,2025-11-08,2025-11,APX,Apex Warehousing LLC,Operating Bank - Main,****5560,First Meridian Bank,INSURANCE PREMIUM INSTALLMENT,Ironclad Insurance Brokers,-9657.52,ACH Payment,6500,Insurance - Liability & Cargo,Expense,USD,1.0,-9657.52,Matched,INS-202511,True,,2419830.12
800453,2025-11-08,2025-11,CFS,Cascade Freight Systems Inc,Operating Bank - Main,****2298,Cascade Regional Bank,INSURANCE PREMIUM INSTALLMENT,Ironclad Insurance Brokers,-11098.81,ACH Payment,6500,Insurance - Liability & Cargo,Expense,USD,1.0,-11098.81,Matched,INS-202511,True,,1993445.72
800447,2025-11-08,2025-11,MLG,Meridian Logistics LLC,Operating Bank - Main,****7734,First Meridian Bank,INSURANCE PREMIUM INSTALLMENT,Ironclad Insurance Brokers,-17805.86,ACH Payment,6500,Insurance - Liability & Cargo,Expense,USD,1.0,-17805.86,Matched,INS-202511,True,,867862.69
800459,2025-11-08,2025-11,NWC,Northwind Cargo B.V.,Operating Bank - Main,****9105,ING Zakelijk,INSURANCE PREMIUM INSTALLMENT,Ironclad Insurance Brokers,-14545.83,ACH Payment,6500,Insurance - Liability & Cargo,Expense,EUR,1.09,-15854.95,Matched,INS-202511,True,,2420764.69
800466,2025-11-12,2025-11,APX,Apex Warehousing LLC,Operating Bank - Main,****5560,First Meridian Bank,"CLOUDSPAN TECHNOLOGIES, INC. - SOFTWARE / IT","Cloudspan Technologies, Inc.",-8125.09,ACH Payment,6140,Office Supplies,Expense,USD,1.0,-8125.09,Matched,TEC-202511,True,MISCODED,2411705.03
800454,2025-11-12,2025-11,CFS,Cascade Freight Systems Inc,Operating Bank - Main,****2298,Cascade Regional Bank,NETSUITE SOLUTIONS PARTNER - SOFTWARE / IT,NetSuite Solutions Partner,-9768.71,Card Charge,6200,Software Subscriptions - SaaS,Expense,USD,1.0,-9768.71,Matched,TEC-202511,True,,1983677.01
800448,2025-11-12,2025-11,MLG,Meridian Logistics LLC,Operating Bank - Main,****7734,First Meridian Bank,"CLOUDSPAN TECHNOLOGIES, INC. - SOFTWARE / IT","Cloudspan Technologies, Inc.",-16448.34,Card Charge,6140,Office Supplies,Expense,USD,1.0,-16448.34,Matched,TEC-202511,True,MISCODED,851414.35
800460,2025-11-12,2025-11,NWC,Northwind Cargo B.V.,Operating Bank - Main,****9105,ING Zakelijk,RAMP FINANCIAL SOFTWARE - SOFTWARE / IT,Ramp Financial Software,-12724.89,ACH Payment,6200,Software Subscriptions - SaaS,Expense,EUR,1.09,-13870.13,Matched,TEC-202511,True,,2408039.8
800702,2025-11-15,2025-11,MLG,Meridian Logistics LLC,Operating Bank - Main,****7734,First Meridian Bank,EXECUTIVE CARD - TRAVEL & ENTERTAINMENT,Corporate Travel Alliance,-12286.96,Card Charge,6430,Meals & Entertainment,Expense,USD,1.0,-12286.96,Matched,,True,POLICY REVIEW - NO RECEIPTS,839127.39
800467,2025-11-18,2025-11,APX,Apex Warehousing LLC,Operating Bank - Main,****5560,First Meridian Bank,"SUNDRY VENDOR - LICENSES, PERMITS & REGULATORY",Sundry vendor,-9154.76,ACH Payment,6630,"Licenses, Permits & Regulatory",Expense,USD,1.0,-9154.76,Matched,OPX-202511,True,,2402550.27
800455,2025-11-18,2025-11,CFS,Cascade Freight Systems Inc,Operating Bank - Main,****2298,Cascade Regional Bank,CORPORATE TRAVEL ALLIANCE - TRAVEL,Corporate Travel Alliance,-9466.97,ACH Payment,6420,Travel,Expense,USD,1.0,-9466.97,Matched,OPX-202511,True,,1974210.04
800449,2025-11-18,2025-11,MLG,Meridian Logistics LLC,Operating Bank - Main,****7734,First Meridian Bank,LIGHTHOUSE MARKETING GROUP - MARKETING & ADVERTISING,Lighthouse Marketing Group,-16441.61,ACH Payment,6400,Marketing & Advertising,Expense,USD,1.0,-16441.61,Matched,OPX-202511,True,,822685.78
800461,2025-11-18,2025-11,NWC,Northwind Cargo B.V.,Operating Bank - Main,****9105,ING Zakelijk,SUNDRY VENDOR - MEALS & ENTERTAINMENT,Sundry vendor,-13474.41,ACH Payment,6430,Meals & Entertainment,Expense,EUR,1.09,-14687.11,Matched,OPX-202511,True,,2394565.39
800462,2025-11-26,2025-11,APX,Apex Warehousing LLC,Operating Bank - Main,****5560,First Meridian Bank,ACH BATCH DEPOSIT - CUSTOMER RECEIPTS,Lockbox settlement,300035.71,Deposit,1100,Accounts Receivable,Asset,USD,1.0,300035.71,Matched,LBX-202511,True,,2702585.98
800450,2025-11-26,2025-11,CFS,Cascade Freight Systems Inc,Operating Bank - Main,****2298,Cascade Regional Bank,ACH BATCH DEPOSIT - CUSTOMER RECEIPTS,Lockbox settlement,293299.79,Deposit,1100,Accounts Receivable,Asset,USD,1.0,293299.79,Matched,LBX-202511,True,,2267509.83
800444,2025-11-26,2025-11,MLG,Meridian Logistics LLC,Operating Bank - Main,****7734,First Meridian Bank,ACH BATCH DEPOSIT - CUSTOMER RECEIPTS,Lockbox settlement,926999.06,Deposit,1100,Accounts Receivable,Asset,USD,1.0,926999.06,Matched,LBX-202511,True,,1749684.84
800456,2025-11-26,2025-11,NWC,Northwind Cargo B.V.,Operating Bank - Main,****9105,ING Zakelijk,ACH BATCH DEPOSIT - CUSTOMER RECEIPTS,Lockbox settlement,425490.58,Deposit,1100,Accounts Receivable,Asset,EUR,1.09,463784.73,Matched,LBX-202511,True,,2820055.97
800463,2025-11-28,2025-11,APX,Apex Warehousing LLC,Operating Bank - Main,****5560,First Meridian Bank,"NORTHSTAR PAYROLL - WAGES, TAXES & BENEFITS",Northstar Payroll Services,-45994.02,ACH Payment,6000,"Salaries, Wages & Benefits",Expense,USD,1.0,-45994.02,Matched,PR-202511,True,,2656591.96
800451,2025-11-28,2025-11,CFS,Cascade Freight Systems Inc,Operating Bank - Main,****2298,Cascade Regional Bank,"NORTHSTAR PAYROLL - WAGES, TAXES & BENEFITS",Northstar Payroll Services,-52045.88,ACH Payment,6000,"Salaries, Wages & Benefits",Expense,USD,1.0,-52045.88,Matched,PR-202511,True,,2215463.95
800468,2025-11-28,2025-11,MHG,Meridian Holdings Group LLC,Operating Bank - Main,****4021,First Meridian Bank,CORPORATE OVERHEAD - SHARED SERVICES,Northstar Payroll Services,-163384.52,ACH Payment,6000,"Salaries, Wages & Benefits",Expense,USD,1.0,-163384.52,Matched,MHG-202511,True,,-320363.89
800445,2025-11-28,2025-11,MLG,Meridian Logistics LLC,Operating Bank - Main,****7734,First Meridian Bank,"NORTHSTAR PAYROLL - WAGES, TAXES & BENEFITS",Northstar Payroll Services,-89459.69,ACH Payment,6000,"Salaries, Wages & Benefits",Expense,USD,1.0,-89459.69,Matched,PR-202511,True,,1660225.15
800457,2025-11-28,2025-11,NWC,Northwind Cargo B.V.,Operating Bank - Main,****9105,ING Zakelijk,"NORTHSTAR PAYROLL - WAGES, TAXES & BENEFITS",Northstar Payroll Services,-67538.31,ACH Payment,6000,"Salaries, Wages & Benefits",Expense,EUR,1.09,-73616.76,Matched,PR-202511,True,,2752517.66
800489,2025-12-03,2025-12,APX,Apex Warehousing LLC,Operating Bank - Main,****5560,First Meridian Bank,GATEWAY INDUSTRIAL PARKS - MONTHLY RENT & OCCUPANCY,Gateway Industrial Parks,-13839.8,ACH Payment,6110,Rent - Warehouse & Yard,Expense,USD,1.0,-13839.8,Matched,RNT-202512,True,,2642752.16
800477,2025-12-03,2025-12,CFS,Cascade Freight Systems Inc,Operating Bank - Main,****2298,Cascade Regional Bank,GATEWAY INDUSTRIAL PARKS - MONTHLY RENT & OCCUPANCY,Gateway Industrial Parks,-14946.67,ACH Payment,6110,Rent - Warehouse & Yard,Expense,USD,1.0,-14946.67,Matched,RNT-202512,True,,2200517.28
800471,2025-12-03,2025-12,MLG,Meridian Logistics LLC,Operating Bank - Main,****7734,First Meridian Bank,STERLING PROPERTY HOLDINGS - MONTHLY RENT & OCCUPANCY,Sterling Property Holdings,-24558.27,ACH Payment,6100,Rent - Office,Expense,USD,1.0,-24558.27,Matched,RNT-202512,True,,1635666.88
800483,2025-12-03,2025-12,NWC,Northwind Cargo B.V.,Operating Bank - Main,****9105,ING Zakelijk,STERLING PROPERTY HOLDINGS - MONTHLY RENT & OCCUPANCY,Sterling Property Holdings,-21024.26,ACH Payment,6100,Rent - Office,Expense,EUR,1.09,-22916.44,Matched,RNT-202512,True,,2731493.4
800500,2025-12-05,2025-12,APX,Apex Warehousing LLC,Operating Bank - Main,****5560,First Meridian Bank,FEDERATED EQUIP FINANCE - QUARTERLY NOTE PAYMENT,Federated Equipment Finance,-21118.87,ACH Payment,2410,Equipment Notes Payable,Liability,USD,1.0,-21118.87,Matched,LN-202512,True,,2621633.29
800499,2025-12-05,2025-12,CFS,Cascade Freight Systems Inc,Operating Bank - Main,****2298,Cascade Regional Bank,FEDERATED EQUIP FINANCE - QUARTERLY NOTE PAYMENT,Federated Equipment Finance,-31026.99,ACH Payment,2410,Equipment Notes Payable,Liability,USD,1.0,-31026.99,Matched,LN-202512,True,,2169490.29
800498,2025-12-05,2025-12,MLG,Meridian Logistics LLC,Operating Bank - Main,****7734,First Meridian Bank,FEDERATED EQUIP FINANCE - QUARTERLY NOTE PAYMENT,Federated Equipment Finance,-68074.37,ACH Payment,2410,Equipment Notes Payable,Liability,USD,1.0,-68074.37,Matched,LN-202512,True,,1567592.51
800490,2025-12-08,2025-12,APX,Apex Warehousing LLC,Operating Bank - Main,****5560,First Meridian Bank,INSURANCE PREMIUM INSTALLMENT,WorkSafe Comp Underwriters,-9474.33,ACH Payment,6510,Insurance - Workers Comp,Expense,USD,1.0,-9474.33,Matched,INS-202512,True,,2612158.96
800478,2025-12-08,2025-12,CFS,Cascade Freight Systems Inc,Operating Bank - Main,****2298,Cascade Regional Bank,INSURANCE PREMIUM INSTALLMENT,WorkSafe Comp Underwriters,-10391.5,ACH Payment,6510,Insurance - Workers Comp,Expense,USD,1.0,-10391.5,Matched,INS-202512,True,,2159098.79
800472,2025-12-08,2025-12,MLG,Meridian Logistics LLC,Operating Bank - Main,****7734,First Meridian Bank,INSURANCE PREMIUM INSTALLMENT,WorkSafe Comp Underwriters,-17633.37,ACH Payment,6510,Insurance - Workers Comp,Expense,USD,1.0,-17633.37,Matched,INS-202512,True,,1549959.14
800484,2025-12-08,2025-12,NWC,Northwind Cargo B.V.,Operating Bank - Main,****9105,ING Zakelijk,INSURANCE PREMIUM INSTALLMENT,WorkSafe Comp Underwriters,-14319.97,ACH Payment,6510,Insurance - Workers Comp,Expense,EUR,1.09,-15608.77,Matched,INS-202512,True,,2717173.43
800699,2025-12-11,2025-12,CFS,Cascade Freight Systems Inc,Operating Bank - Main,****2298,Cascade Regional Bank,EXECUTIVE CARD - TRAVEL & ENTERTAINMENT,Corporate Travel Alliance,-10335.85,Card Charge,6430,Meals & Entertainment,Expense,USD,1.0,-10335.85,Matched,,True,POLICY REVIEW - NO RECEIPTS,2148762.94
800491,2025-12-12,2025-12,APX,Apex Warehousing LLC,Operating Bank - Main,****5560,First Meridian Bank,CLOUDSPAN TECHNOLOGIES - SOFTWARE / IT,Cloudspan Technologies,-8491.71,ACH Payment,6210,IT Infrastructure & Cloud Hosting,Expense,USD,1.0,-8491.71,Matched,TEC-202512,True,,2603667.25
800479,2025-12-12,2025-12,CFS,Cascade Freight Systems Inc,Operating Bank - Main,****2298,Cascade Regional Bank,CLOUDSPAN TECHNOLOGIES - SOFTWARE / IT,Cloudspan Technologies,-8409.09,Card Charge,6210,IT Infrastructure & Cloud Hosting,Expense,USD,1.0,-8409.09,Matched,TEC-202512,True,,2140353.85
800473,2025-12-12,2025-12,MLG,Meridian Logistics LLC,Operating Bank - Main,****7734,First Meridian Bank,RAMP FINANCIAL SOFTWARE - SOFTWARE / IT,Ramp Financial Software,-14719.93,Card Charge,6140,Office Supplies,Expense,USD,1.0,-14719.93,Matched,TEC-202512,True,MISCODED,1535239.21
800485,2025-12-12,2025-12,NWC,Northwind Cargo B.V.,Operating Bank - Main,****9105,ING Zakelijk,RAMP FINANCIAL SOFTWARE - SOFTWARE / IT,Ramp Financial Software,-13149.73,ACH Payment,6140,Office Supplies,Expense,EUR,1.09,-14333.21,Matched,TEC-202512,True,MISCODED,2704023.7
800492,2025-12-18,2025-12,APX,Apex Warehousing LLC,Operating Bank - Main,****5560,First Meridian Bank,VERTEX TELECOM - TELECOM & INTERNET,Vertex Telecom,-8786.88,ACH Payment,6130,Telecom & Internet,Expense,USD,1.0,-8786.88,Matched,OPX-202512,True,,2594880.37
800480,2025-12-18,2025-12,CFS,Cascade Freight Systems Inc,Operating Bank - Main,****2298,Cascade Regional Bank,"SUNDRY VENDOR - LICENSES, PERMITS & REGULATORY",Sundry vendor,-10385.04,ACH Payment,6630,"Licenses, Permits & Regulatory",Expense,USD,1.0,-10385.04,Matched,OPX-202512,True,,2129968.81
800474,2025-12-18,2025-12,MLG,Meridian Logistics LLC,Operating Bank - Main,****7734,First Meridian Bank,SUNDRY VENDOR - MEALS & ENTERTAINMENT,Sundry vendor,-16309.34,ACH Payment,6430,Meals & Entertainment,Expense,USD,1.0,-16309.34,Matched,OPX-202512,True,,1518929.87
800486,2025-12-18,2025-12,NWC,Northwind Cargo B.V.,Operating Bank - Main,****9105,ING Zakelijk,CONSOLIDATED POWER & LIGHT - UTILITIES,Consolidated Power & Light,-12793.02,ACH Payment,6120,Utilities,Expense,EUR,1.09,-13944.39,Matched,OPX-202512,True,,2691230.68
800497,2025-12-25,2025-12,APX,Apex Warehousing LLC,Operating Bank - Main,****5560,First Meridian Bank,AP RUN - VENDOR BILL SETTLEMENT,Multiple vendors,-436772.96,ACH Payment,2000,Accounts Payable,Liability,USD,1.0,-436772.96,Matched,APR-202512,True,,2158107.41
800495,2025-12-25,2025-12,CFS,Cascade Freight Systems Inc,Operating Bank - Main,****2298,Cascade Regional Bank,AP RUN - VENDOR BILL SETTLEMENT,Multiple vendors,-1039028.36,ACH Payment,2000,Accounts Payable,Liability,USD,1.0,-1039028.36,Matched,APR-202512,True,,1090940.45
800494,2025-12-25,2025-12,MLG,Meridian Logistics LLC,Operating Bank - Main,****7734,First Meridian Bank,AP RUN - VENDOR BILL SETTLEMENT,Multiple vendors,-1649959.07,ACH Payment,2000,Accounts Payable,Liability,USD,1.0,-1649959.07,Matched,APR-202512,True,,-131029.2
800496,2025-12-25,2025-12,NWC,Northwind Cargo B.V.,Operating Bank - Main,****9105,ING Zakelijk,AP RUN - VENDOR BILL SETTLEMENT,Multiple vendors,-681742.92,ACH Payment,2000,Accounts Payable,Liability,EUR,1.09,-743099.78,Matched,APR-202512,True,,2009487.76
800487,2025-12-26,2025-12,APX,Apex Warehousing LLC,Operating Bank - Main,****5560,First Meridian Bank,ACH BATCH DEPOSIT - CUSTOMER RECEIPTS,Lockbox settlement,148634.13,Deposit,1100,Accounts Receivable,Asset,USD,1.0,148634.13,Matched,LBX-202512,True,,2306741.54
800475,2025-12-26,2025-12,CFS,Cascade Freight Systems Inc,Operating Bank - Main,****2298,Cascade Regional Bank,ACH BATCH DEPOSIT - CUSTOMER RECEIPTS,Lockbox settlement,491874.27,Deposit,1100,Accounts Receivable,Asset,USD,1.0,491874.27,Matched,LBX-202512,True,,1582814.72
800469,2025-12-26,2025-12,MLG,Meridian Logistics LLC,Operating Bank - Main,****7734,First Meridian Bank,ACH BATCH DEPOSIT - CUSTOMER RECEIPTS,Lockbox settlement,868564.4,Deposit,1100,Accounts Receivable,Asset,USD,1.0,868564.4,Matched,LBX-202512,True,,737535.2
800481,2025-12-26,2025-12,NWC,Northwind Cargo B.V.,Operating Bank - Main,****9105,ING Zakelijk,ACH BATCH DEPOSIT - CUSTOMER RECEIPTS,Lockbox settlement,482117.46,Deposit,1100,Accounts Receivable,Asset,EUR,1.09,525508.03,Matched,LBX-202512,True,,2491605.22
800488,2025-12-28,2025-12,APX,Apex Warehousing LLC,Operating Bank - Main,****5560,First Meridian Bank,"NORTHSTAR PAYROLL - WAGES, TAXES & BENEFITS",Northstar Payroll Services,-46901.79,ACH Payment,6000,"Salaries, Wages & Benefits",Expense,USD,1.0,-46901.79,Matched,PR-202512,True,,2259839.75
800476,2025-12-28,2025-12,CFS,Cascade Freight Systems Inc,Operating Bank - Main,****2298,Cascade Regional Bank,"NORTHSTAR PAYROLL - WAGES, TAXES & BENEFITS",Northstar Payroll Services,-50080.48,ACH Payment,6000,"Salaries, Wages & Benefits",Expense,USD,1.0,-50080.48,Matched,PR-202512,True,,1532734.24
800493,2025-12-28,2025-12,MHG,Meridian Holdings Group LLC,Operating Bank - Main,****4021,First Meridian Bank,CORPORATE OVERHEAD - SHARED SERVICES,Harrington & Blake LLP,-167666.05,ACH Payment,6000,"Salaries, Wages & Benefits",Expense,USD,1.0,-167666.05,Matched,MHG-202512,True,,-488029.94
800470,2025-12-28,2025-12,MLG,Meridian Logistics LLC,Operating Bank - Main,****7734,First Meridian Bank,"NORTHSTAR PAYROLL - WAGES, TAXES & BENEFITS",Northstar Payroll Services,-83887.44,ACH Payment,6000,"Salaries, Wages & Benefits",Expense,USD,1.0,-83887.44,Matched,PR-202512,True,,653647.76
800482,2025-12-28,2025-12,NWC,Northwind Cargo B.V.,Operating Bank - Main,****9105,ING Zakelijk,"NORTHSTAR PAYROLL - WAGES, TAXES & BENEFITS",Northstar Payroll Services,-64030.51,ACH Payment,6000,"Salaries, Wages & Benefits",Expense,EUR,1.09,-69793.25,Matched,PR-202512,True,,2427574.71
800505,2025-12-31,2025-12,APX,Apex Warehousing LLC,Operating Bank - Main,****5560,First Meridian Bank,BANK ANALYSIS & MERCHANT SERVICE CHARGES,First Meridian Bank,-8892.63,Service Charge,6600,Bank Fees & Merchant Charges,Expense,USD,1.0,-8892.63,Matched,SVC,True,,2250947.12
800503,2025-12-31,2025-12,CFS,Cascade Freight Systems Inc,Operating Bank - Main,****2298,Cascade Regional Bank,BANK ANALYSIS & MERCHANT SERVICE CHARGES,Cascade Regional Bank,-2617.23,Service Charge,6600,Bank Fees & Merchant Charges,Expense,USD,1.0,-2617.23,Matched,SVC,True,,1530117.01
800501,2025-12-31,2025-12,MHG,Meridian Holdings Group LLC,Operating Bank - Main,****4021,First Meridian Bank,BANK ANALYSIS & MERCHANT SERVICE CHARGES,First Meridian Bank,-2870.7,Service Charge,6600,Bank Fees & Merchant Charges,Expense,USD,1.0,-2870.7,Matched,SVC,True,,-490900.64
800502,2025-12-31,2025-12,MLG,Meridian Logistics LLC,Operating Bank - Main,****7734,First Meridian Bank,BANK ANALYSIS & MERCHANT SERVICE CHARGES,First Meridian Bank,-9665.17,Service Charge,6600,Bank Fees & Merchant Charges,Expense,USD,1.0,-9665.17,Matched,SVC,True,,643982.59
800504,2025-12-31,2025-12,NWC,Northwind Cargo B.V.,Operating Bank - Main,****9105,ING Zakelijk,BANK ANALYSIS & MERCHANT SERVICE CHARGES,ING Zakelijk,-9190.51,Service Charge,6600,Bank Fees & Merchant Charges,Expense,EUR,1.09,-10017.65,Matched,SVC,True,,2418384.2
800526,2026-01-03,2026-01,APX,Apex Warehousing LLC,Operating Bank - Main,****5560,First Meridian Bank,GATEWAY INDUSTRIAL PARKS - MONTHLY RENT & OCCUPANCY,Gateway Industrial Parks,-12873.46,ACH Payment,6110,Rent - Warehouse & Yard,Expense,USD,1.0,-12873.46,Matched,RNT-202601,True,,2238073.66
800514,2026-01-03,2026-01,CFS,Cascade Freight Systems Inc,Operating Bank - Main,****2298,Cascade Regional Bank,GATEWAY INDUSTRIAL PARKS - MONTHLY RENT & OCCUPANCY,Gateway Industrial Parks,-13318.73,ACH Payment,6110,Rent - Warehouse & Yard,Expense,USD,1.0,-13318.73,Matched,RNT-202601,True,,1516798.28
800508,2026-01-03,2026-01,MLG,Meridian Logistics LLC,Operating Bank - Main,****7734,First Meridian Bank,STERLING PROPERTY HOLDINGS - MONTHLY RENT & OCCUPANCY,Sterling Property Holdings,-24869.18,ACH Payment,6100,Rent - Office,Expense,USD,1.0,-24869.18,Matched,RNT-202601,True,,619113.41
800520,2026-01-03,2026-01,NWC,Northwind Cargo B.V.,Operating Bank - Main,****9105,ING Zakelijk,STERLING PROPERTY HOLDINGS - MONTHLY RENT & OCCUPANCY,Sterling Property Holdings,-20847.61,ACH Payment,6100,Rent - Office,Expense,EUR,1.09,-22723.9,Matched,RNT-202601,True,,2397536.59
800527,2026-01-08,2026-01,APX,Apex Warehousing LLC,Operating Bank - Main,****5560,First Meridian Bank,INSURANCE PREMIUM INSTALLMENT,Ironclad Insurance Brokers,-8817.26,ACH Payment,6500,Insurance - Liability & Cargo,Expense,USD,1.0,-8817.26,Matched,INS-202601,True,,2229256.4
800515,2026-01-08,2026-01,CFS,Cascade Freight Systems Inc,Operating Bank - Main,****2298,Cascade Regional Bank,INSURANCE PREMIUM INSTALLMENT,Ironclad Insurance Brokers,-10029.07,ACH Payment,6500,Insurance - Liability & Cargo,Expense,USD,1.0,-10029.07,Matched,INS-202601,True,,1506769.21
800509,2026-01-08,2026-01,MLG,Meridian Logistics LLC,Operating Bank - Main,****7734,First Meridian Bank,INSURANCE PREMIUM INSTALLMENT,Ironclad Insurance Brokers,-16636.96,ACH Payment,6500,Insurance - Liability & Cargo,Expense,USD,1.0,-16636.96,Matched,INS-202601,True,,602476.45
800521,2026-01-08,2026-01,NWC,Northwind Cargo B.V.,Operating Bank - Main,****9105,ING Zakelijk,INSURANCE PREMIUM INSTALLMENT,Ironclad Insurance Brokers,-14443.65,ACH Payment,6500,Insurance - Liability & Cargo,Expense,EUR,1.09,-15743.58,Matched,INS-202601,True,,2383092.94
800700,2026-01-10,2026-01,MLG,Meridian Logistics LLC,Operating Bank - Main,****7734,First Meridian Bank,EXECUTIVE CARD - TRAVEL & ENTERTAINMENT,Corporate Travel Alliance,-15076.95,Card Charge,6430,Meals & Entertainment,Expense,USD,1.0,-15076.95,Matched,,True,POLICY REVIEW - NO RECEIPTS,587399.5
800528,2026-01-12,2026-01,APX,Apex Warehousing LLC,Operating Bank - Main,****5560,First Meridian Bank,"CLOUDSPAN TECHNOLOGIES, INC. - SOFTWARE / IT","Cloudspan Technologies, Inc.",-7651.24,Card Charge,6140,Office Supplies,Expense,USD,1.0,-7651.24,Matched,TEC-202601,True,MISCODED,2221605.16
800516,2026-01-12,2026-01,CFS,Cascade Freight Systems Inc,Operating Bank - Main,****2298,Cascade Regional Bank,RAMP FINANCIAL SOFTWARE - SOFTWARE / IT,Ramp Financial Software,-8288.79,Card Charge,6200,Software Subscriptions - SaaS,Expense,USD,1.0,-8288.79,Matched,TEC-202601,True,,1498480.42
800510,2026-01-12,2026-01,MLG,Meridian Logistics LLC,Operating Bank - Main,****7734,First Meridian Bank,RAMP FINANCIAL SOFTWARE - SOFTWARE / IT,Ramp Financial Software,-14155.16,Card Charge,6200,Software Subscriptions - SaaS,Expense,USD,1.0,-14155.16,Matched,TEC-202601,True,,573244.34
800522,2026-01-12,2026-01,NWC,Northwind Cargo B.V.,Operating Bank - Main,****9105,ING Zakelijk,RAMP FINANCIAL SOFTWARE - SOFTWARE / IT,Ramp Financial Software,-13318.51,ACH Payment,6200,Software Subscriptions - SaaS,Expense,EUR,1.09,-14517.18,Matched,TEC-202601,True,,2369774.43
800529,2026-01-18,2026-01,APX,Apex Warehousing LLC,Operating Bank - Main,****5560,First Meridian Bank,SUNDANCE FACILITY SERVICES - REPAIRS & MAINTENANCE - FACILITIES,Sundance Facility Services,-7091.99,ACH Payment,6150,Repairs & Maintenance - Facilities,Expense,USD,1.0,-7091.99,Matched,OPX-202601,True,,2214513.17
800517,2026-01-18,2026-01,CFS,Cascade Freight Systems Inc,Operating Bank - Main,****2298,Cascade Regional Bank,VERTEX TELECOM - TELECOM & INTERNET,Vertex Telecom,-8479.48,ACH Payment,6130,Telecom & Internet,Expense,USD,1.0,-8479.48,Matched,OPX-202601,True,,1490000.94
800511,2026-01-18,2026-01,MLG,Meridian Logistics LLC,Operating Bank - Main,****7734,First Meridian Bank,CONSOLIDATED POWER & LIGHT - UTILITIES,Consolidated Power & Light,-14680.44,ACH Payment,6120,Utilities,Expense,USD,1.0,-14680.44,Matched,OPX-202601,True,,558563.9
800523,2026-01-18,2026-01,NWC,Northwind Cargo B.V.,Operating Bank - Main,****9105,ING Zakelijk,OFFICEWORKS SUPPLY CO - OFFICE SUPPLIES,OfficeWorks Supply Co,-13895.43,ACH Payment,6140,Office Supplies,Expense,EUR,1.09,-15146.02,Matched,OPX-202601,True,,2355879.0
800679,2026-01-24,2026-01,CFS,Cascade Freight Systems Inc,Operating Bank - Main,****2298,Cascade Regional Bank,WIRE IN - NO REMITTANCE ADVICE,,-35982.94,Withdrawal,9000,Suspense / Ask My Accountant,Expense,USD,1.0,-35982.94,Unmatched,,False,NEEDS CATEGORIZATION,1454018.0
800524,2026-01-26,2026-01,APX,Apex Warehousing LLC,Operating Bank - Main,****5560,First Meridian Bank,ACH BATCH DEPOSIT - CUSTOMER RECEIPTS,Lockbox settlement,463759.65,Deposit,1100,Accounts Receivable,Asset,USD,1.0,463759.65,Matched,LBX-202601,True,,2678272.82
800512,2026-01-26,2026-01,CFS,Cascade Freight Systems Inc,Operating Bank - Main,****2298,Cascade Regional Bank,ACH BATCH DEPOSIT - CUSTOMER RECEIPTS,Lockbox settlement,556353.88,Deposit,1100,Accounts Receivable,Asset,USD,1.0,556353.88,Matched,LBX-202601,True,,2010371.88
800506,2026-01-26,2026-01,MLG,Meridian Logistics LLC,Operating Bank - Main,****7734,First Meridian Bank,ACH BATCH DEPOSIT - CUSTOMER RECEIPTS,Lockbox settlement,597086.8,Deposit,1100,Accounts Receivable,Asset,USD,1.0,597086.8,Matched,LBX-202601,True,,1155650.7
800518,2026-01-26,2026-01,NWC,Northwind Cargo B.V.,Operating Bank - Main,****9105,ING Zakelijk,ACH BATCH DEPOSIT - CUSTOMER RECEIPTS,Lockbox settlement,212777.9,Deposit,1100,Accounts Receivable,Asset,EUR,1.09,231927.91,Matched,LBX-202601,True,,2568656.9
800525,2026-01-28,2026-01,APX,Apex Warehousing LLC,Operating Bank - Main,****5560,First Meridian Bank,"NORTHSTAR PAYROLL - WAGES, TAXES & BENEFITS",Northstar Payroll Services,-41185.22,ACH Payment,6000,"Salaries, Wages & Benefits",Expense,USD,1.0,-41185.22,Matched,PR-202601,True,,2637087.6
800513,2026-01-28,2026-01,CFS,Cascade Freight Systems Inc,Operating Bank - Main,****2298,Cascade Regional Bank,"NORTHSTAR PAYROLL - WAGES, TAXES & BENEFITS",Northstar Payroll Services,-46432.45,ACH Payment,6000,"Salaries, Wages & Benefits",Expense,USD,1.0,-46432.45,Matched,PR-202601,True,,1963939.43
800530,2026-01-28,2026-01,MHG,Meridian Holdings Group LLC,Operating Bank - Main,****4021,First Meridian Bank,CORPORATE OVERHEAD - SHARED SERVICES,Grantham Audit Group,-161344.85,ACH Payment,6000,"Salaries, Wages & Benefits",Expense,USD,1.0,-161344.85,Matched,MHG-202601,True,,-652245.49
800507,2026-01-28,2026-01,MLG,Meridian Logistics LLC,Operating Bank - Main,****7734,First Meridian Bank,"NORTHSTAR PAYROLL - WAGES, TAXES & BENEFITS",Northstar Payroll Services,-91557.31,ACH Payment,6000,"Salaries, Wages & Benefits",Expense,USD,1.0,-91557.31,Matched,PR-202601,True,,1064093.39
800519,2026-01-28,2026-01,NWC,Northwind Cargo B.V.,Operating Bank - Main,****9105,ING Zakelijk,"NORTHSTAR PAYROLL - WAGES, TAXES & BENEFITS",Northstar Payroll Services,-63360.59,ACH Payment,6000,"Salaries, Wages & Benefits",Expense,EUR,1.09,-69063.05,Matched,PR-202601,True,,2505296.31
800551,2026-02-03,2026-02,APX,Apex Warehousing LLC,Operating Bank - Main,****5560,First Meridian Bank,GATEWAY INDUSTRIAL PARKS - MONTHLY RENT & OCCUPANCY,Gateway Industrial Parks,-14377.65,ACH Payment,6110,Rent - Warehouse & Yard,Expense,USD,1.0,-14377.65,Matched,RNT-202602,True,,2622709.95
800539,2026-02-03,2026-02,CFS,Cascade Freight Systems Inc,Operating Bank - Main,****2298,Cascade Regional Bank,GATEWAY INDUSTRIAL PARKS - MONTHLY RENT & OCCUPANCY,Gateway Industrial Parks,-14301.3,ACH Payment,6110,Rent - Warehouse & Yard,Expense,USD,1.0,-14301.3,Matched,RNT-202602,True,,1949638.13
800676,2026-02-03,2026-02,CFS,Cascade Freight Systems Inc,Operating Bank - Main,****2298,Cascade Regional Bank,"NORTHSTAR PAYROLL - WAGES, TAXES & BENEFITS",Northstar Payroll Services,-46432.45,ACH Payment,6000,"Salaries, Wages & Benefits",Expense,USD,1.0,-46432.45,Matched,PR-202601,True,POSSIBLE DUPLICATE PAYMENT,1903205.68
800533,2026-02-03,2026-02,MLG,Meridian Logistics LLC,Operating Bank - Main,****7734,First Meridian Bank,STERLING PROPERTY HOLDINGS - MONTHLY RENT & OCCUPANCY,Sterling Property Holdings,-23317.33,ACH Payment,6100,Rent - Office,Expense,USD,1.0,-23317.33,Matched,RNT-202602,True,,1040776.06
800545,2026-02-03,2026-02,NWC,Northwind Cargo B.V.,Operating Bank - Main,****9105,ING Zakelijk,STERLING PROPERTY HOLDINGS - MONTHLY RENT & OCCUPANCY,Sterling Property Holdings,-21007.15,ACH Payment,6100,Rent - Office,Expense,EUR,1.09,-22897.79,Matched,RNT-202602,True,,2484289.16
800691,2026-02-05,2026-02,MLG,Meridian Logistics LLC,Operating Bank - Main,****7734,First Meridian Bank,ACH CREDIT - UNIDENTIFIED SENDER,,-25768.99,Withdrawal,9000,Suspense / Ask My Accountant,Expense,USD,1.0,-25768.99,Unmatched,,False,NEEDS CATEGORIZATION,1015007.07
800677,2026-02-05,2026-02,NWC,Northwind Cargo B.V.,Operating Bank - Main,****9105,ING Zakelijk,"NORTHSTAR PAYROLL - WAGES, TAXES & BENEFITS",Northstar Payroll Services,-63360.59,ACH Payment,6000,"Salaries, Wages & Benefits",Expense,EUR,1.09,-69063.04,Matched,PR-202601,True,POSSIBLE DUPLICATE PAYMENT,2420928.57
800552,2026-02-08,2026-02,APX,Apex Warehousing LLC,Operating Bank - Main,****5560,First Meridian Bank,INSURANCE PREMIUM INSTALLMENT,WorkSafe Comp Underwriters,-9830.79,ACH Payment,6510,Insurance - Workers Comp,Expense,USD,1.0,-9830.79,Matched,INS-202602,True,,2612879.16
800540,2026-02-08,2026-02,CFS,Cascade Freight Systems Inc,Operating Bank - Main,****2298,Cascade Regional Bank,INSURANCE PREMIUM INSTALLMENT,WorkSafe Comp Underwriters,-10384.98,ACH Payment,6510,Insurance - Workers Comp,Expense,USD,1.0,-10384.98,Matched,INS-202602,True,,1892820.7
800534,2026-02-08,2026-02,MLG,Meridian Logistics LLC,Operating Bank - Main,****7734,First Meridian Bank,INSURANCE PREMIUM INSTALLMENT,WorkSafe Comp Underwriters,-15934.09,ACH Payment,6510,Insurance - Workers Comp,Expense,USD,1.0,-15934.09,Matched,INS-202602,True,,999072.98
800546,2026-02-08,2026-02,NWC,Northwind Cargo B.V.,Operating Bank - Main,****9105,ING Zakelijk,INSURANCE PREMIUM INSTALLMENT,WorkSafe Comp Underwriters,-15202.32,ACH Payment,6510,Insurance - Workers Comp,Expense,EUR,1.09,-16570.53,Matched,INS-202602,True,,2405726.25
800553,2026-02-12,2026-02,APX,Apex Warehousing LLC,Operating Bank - Main,****5560,First Meridian Bank,CLOUDSPAN TECHNOLOGIES - SOFTWARE / IT,Cloudspan Technologies,-8278.08,ACH Payment,6210,IT Infrastructure & Cloud Hosting,Expense,USD,1.0,-8278.08,Matched,TEC-202602,True,,2604601.08
800541,2026-02-12,2026-02,CFS,Cascade Freight Systems Inc,Operating Bank - Main,****2298,Cascade Regional Bank,CLOUDSPAN TECHNOLOGIES - SOFTWARE / IT,Cloudspan Technologies,-9128.64,Card Charge,6210,IT Infrastructure & Cloud Hosting,Expense,USD,1.0,-9128.64,Matched,TEC-202602,True,,1883692.06
800535,2026-02-12,2026-02,MLG,Meridian Logistics LLC,Operating Bank - Main,****7734,First Meridian Bank,"CLOUDSPAN TECHNOLOGIES, INC. - SOFTWARE / IT","Cloudspan Technologies, Inc.",-14086.57,Card Charge,6210,IT Infrastructure & Cloud Hosting,Expense,USD,1.0,-14086.57,Matched,TEC-202602,True,,984986.41
800547,2026-02-12,2026-02,NWC,Northwind Cargo B.V.,Operating Bank - Main,****9105,ING Zakelijk,"CLOUDSPAN TECHNOLOGIES, INC. - SOFTWARE / IT","Cloudspan Technologies, Inc.",-12439.83,Card Charge,6210,IT Infrastructure & Cloud Hosting,Expense,EUR,1.09,-13559.42,Matched,TEC-202602,True,,2393286.42
800678,2026-02-13,2026-02,MLG,Meridian Logistics LLC,Operating Bank - Main,****7734,First Meridian Bank,POS PURCHASE - MERCHANT UNKNOWN,,-34902.93,Withdrawal,9000,Suspense / Ask My Accountant,Expense,USD,1.0,-34902.93,Unmatched,,False,NEEDS CATEGORIZATION,950083.48
800554,2026-02-18,2026-02,APX,Apex Warehousing LLC,Operating Bank - Main,****5560,First Meridian Bank,HARRINGTON & BLAKE LLP - PROFESSIONAL FEES - LEGAL,Harrington & Blake LLP,-7910.25,ACH Payment,6300,Professional Fees - Legal,Expense,USD,1.0,-7910.25,Matched,OPX-202602,True,,2596690.83
800542,2026-02-18,2026-02,CFS,Cascade Freight Systems Inc,Operating Bank - Main,****2298,Cascade Regional Bank,SUNDANCE FACILITY SERVICES - REPAIRS & MAINTENANCE - FACILITIES,Sundance Facility Services,-9938.58,ACH Payment,6150,Repairs & Maintenance - Facilities,Expense,USD,1.0,-9938.58,Matched,OPX-202602,True,,1873753.48
800536,2026-02-18,2026-02,MLG,Meridian Logistics LLC,Operating Bank - Main,****7734,First Meridian Bank,OFFICEWORKS SUPPLY CO - OFFICE SUPPLIES,OfficeWorks Supply Co,-12747.96,ACH Payment,6140,Office Supplies,Expense,USD,1.0,-12747.96,Matched,OPX-202602,True,,937335.52
800548,2026-02-18,2026-02,NWC,Northwind Cargo B.V.,Operating Bank - Main,****9105,ING Zakelijk,DATASTREAM ANALYTICS INC - DATA & MARKET INTELLIGENCE,Datastream Analytics Inc,-13843.63,ACH Payment,6220,Data & Market Intelligence,Expense,EUR,1.09,-15089.55,Matched,OPX-202602,True,,2379442.79
800549,2026-02-26,2026-02,APX,Apex Warehousing LLC,Operating Bank - Main,****5560,First Meridian Bank,ACH BATCH DEPOSIT - CUSTOMER RECEIPTS,Lockbox settlement,212965.35,Deposit,1100,Accounts Receivable,Asset,USD,1.0,212965.35,Matched,LBX-202602,True,,2809656.18
800537,2026-02-26,2026-02,CFS,Cascade Freight Systems Inc,Operating Bank - Main,****2298,Cascade Regional Bank,ACH BATCH DEPOSIT - CUSTOMER RECEIPTS,Lockbox settlement,244190.73,Deposit,1100,Accounts Receivable,Asset,USD,1.0,244190.73,Matched,LBX-202602,True,,2117944.21
800531,2026-02-26,2026-02,MLG,Meridian Logistics LLC,Operating Bank - Main,****7734,First Meridian Bank,ACH BATCH DEPOSIT - CUSTOMER RECEIPTS,Lockbox settlement,616219.99,Deposit,1100,Accounts Receivable,Asset,USD,1.0,616219.99,Matched,LBX-202602,True,,1553555.51
800543,2026-02-26,2026-02,NWC,Northwind Cargo B.V.,Operating Bank - Main,****9105,ING Zakelijk,ACH BATCH DEPOSIT - CUSTOMER RECEIPTS,Lockbox settlement,495222.45,Deposit,1100,Accounts Receivable,Asset,EUR,1.09,539792.47,Matched,LBX-202602,True,,2874665.24
800550,2026-02-28,2026-02,APX,Apex Warehousing LLC,Operating Bank - Main,****5560,First Meridian Bank,"NORTHSTAR PAYROLL - WAGES, TAXES & BENEFITS",Northstar Payroll Services,-46815.06,ACH Payment,6000,"Salaries, Wages & Benefits",Expense,USD,1.0,-46815.06,Matched,PR-202602,True,,2762841.12
800538,2026-02-28,2026-02,CFS,Cascade Freight Systems Inc,Operating Bank - Main,****2298,Cascade Regional Bank,"NORTHSTAR PAYROLL - WAGES, TAXES & BENEFITS",Northstar Payroll Services,-49436.69,ACH Payment,6000,"Salaries, Wages & Benefits",Expense,USD,1.0,-49436.69,Matched,PR-202602,True,,2068507.52
800555,2026-02-28,2026-02,MHG,Meridian Holdings Group LLC,Operating Bank - Main,****4021,First Meridian Bank,CORPORATE OVERHEAD - SHARED SERVICES,Northstar Payroll Services,-188063.78,ACH Payment,6000,"Salaries, Wages & Benefits",Expense,USD,1.0,-188063.78,Matched,MHG-202602,True,,-840309.27
800532,2026-02-28,2026-02,MLG,Meridian Logistics LLC,Operating Bank - Main,****7734,First Meridian Bank,"NORTHSTAR PAYROLL - WAGES, TAXES & BENEFITS",Northstar Payroll Services,-86659.4,ACH Payment,6000,"Salaries, Wages & Benefits",Expense,USD,1.0,-86659.4,Matched,PR-202602,True,,1466896.11
800544,2026-02-28,2026-02,NWC,Northwind Cargo B.V.,Operating Bank - Main,****9105,ING Zakelijk,"NORTHSTAR PAYROLL - WAGES, TAXES & BENEFITS",Northstar Payroll Services,-66354.16,ACH Payment,6000,"Salaries, Wages & Benefits",Expense,EUR,1.09,-72326.03,Matched,PR-202602,True,,2808311.08
800576,2026-03-03,2026-03,APX,Apex Warehousing LLC,Operating Bank - Main,****5560,First Meridian Bank,GATEWAY INDUSTRIAL PARKS - MONTHLY RENT & OCCUPANCY,Gateway Industrial Parks,-14511.71,ACH Payment,6110,Rent - Warehouse & Yard,Expense,USD,1.0,-14511.71,Matched,RNT-202603,True,,2748329.41
800564,2026-03-03,2026-03,CFS,Cascade Freight Systems Inc,Operating Bank - Main,****2298,Cascade Regional Bank,GATEWAY INDUSTRIAL PARKS - MONTHLY RENT & OCCUPANCY,Gateway Industrial Parks,-15450.51,ACH Payment,6110,Rent - Warehouse & Yard,Expense,USD,1.0,-15450.51,Matched,RNT-202603,True,,2053057.01
800558,2026-03-03,2026-03,MLG,Meridian Logistics LLC,Operating Bank - Main,****7734,First Meridian Bank,STERLING PROPERTY HOLDINGS - MONTHLY RENT & OCCUPANCY,Sterling Property Holdings,-27334.37,ACH Payment,6100,Rent - Office,Expense,USD,1.0,-27334.37,Matched,RNT-202603,True,,1439561.74
800570,2026-03-03,2026-03,NWC,Northwind Cargo B.V.,Operating Bank - Main,****9105,ING Zakelijk,STERLING PROPERTY HOLDINGS - MONTHLY RENT & OCCUPANCY,Sterling Property Holdings,-21888.17,ACH Payment,6100,Rent - Office,Expense,EUR,1.09,-23858.11,Matched,RNT-202603,True,,2786422.91
800587,2026-03-05,2026-03,APX,Apex Warehousing LLC,Operating Bank - Main,****5560,First Meridian Bank,FEDERATED EQUIP FINANCE - QUARTERLY NOTE PAYMENT,Federated Equipment Finance,-16927.45,ACH Payment,2410,Equipment Notes Payable,Liability,USD,1.0,-16927.45,Matched,LN-202603,True,,2731401.96
800586,2026-03-05,2026-03,CFS,Cascade Freight Systems Inc,Operating Bank - Main,****2298,Cascade Regional Bank,FEDERATED EQUIP FINANCE - QUARTERLY NOTE PAYMENT,Federated Equipment Finance,-32763.51,ACH Payment,2410,Equipment Notes Payable,Liability,USD,1.0,-32763.51,Matched,LN-202603,True,,2020293.5
800585,2026-03-05,2026-03,MLG,Meridian Logistics LLC,Operating Bank - Main,****7734,First Meridian Bank,FEDERATED EQUIP FINANCE - QUARTERLY NOTE PAYMENT,Federated Equipment Finance,-77825.76,ACH Payment,2410,Equipment Notes Payable,Liability,USD,1.0,-77825.76,Matched,LN-202603,True,,1361735.98
800577,2026-03-08,2026-03,APX,Apex Warehousing LLC,Operating Bank - Main,****5560,First Meridian Bank,INSURANCE PREMIUM INSTALLMENT,Ironclad Insurance Brokers,-10078.7,ACH Payment,6500,Insurance - Liability & Cargo,Expense,USD,1.0,-10078.7,Matched,INS-202603,True,,2721323.26
800565,2026-03-08,2026-03,CFS,Cascade Freight Systems Inc,Operating Bank - Main,****2298,Cascade Regional Bank,INSURANCE PREMIUM INSTALLMENT,Ironclad Insurance Brokers,-10707.84,ACH Payment,6500,Insurance - Liability & Cargo,Expense,USD,1.0,-10707.84,Matched,INS-202603,True,,2009585.66
800559,2026-03-08,2026-03,MLG,Meridian Logistics LLC,Operating Bank - Main,****7734,First Meridian Bank,INSURANCE PREMIUM INSTALLMENT,Ironclad Insurance Brokers,-19254.68,ACH Payment,6500,Insurance - Liability & Cargo,Expense,USD,1.0,-19254.68,Matched,INS-202603,True,,1342481.3
800571,2026-03-08,2026-03,NWC,Northwind Cargo B.V.,Operating Bank - Main,****9105,ING Zakelijk,INSURANCE PREMIUM INSTALLMENT,Ironclad Insurance Brokers,-15842.31,ACH Payment,6500,Insurance - Liability & Cargo,Expense,EUR,1.09,-17268.11,Matched,INS-202603,True,,2770580.6
800578,2026-03-12,2026-03,APX,Apex Warehousing LLC,Operating Bank - Main,****5560,First Meridian Bank,NETSUITE SOLUTIONS PARTNER - SOFTWARE / IT,NetSuite Solutions Partner,-9112.42,Card Charge,6200,Software Subscriptions - SaaS,Expense,USD,1.0,-9112.42,Matched,TEC-202603,True,,2712210.84
800566,2026-03-12,2026-03,CFS,Cascade Freight Systems Inc,Operating Bank - Main,****2298,Cascade Regional Bank,NETSUITE SOLUTIONS PARTNER - SOFTWARE / IT,NetSuite Solutions Partner,-9553.88,Card Charge,6140,Office Supplies,Expense,USD,1.0,-9553.88,Matched,TEC-202603,True,MISCODED,2000031.78
800560,2026-03-12,2026-03,MLG,Meridian Logistics LLC,Operating Bank - Main,****7734,First Meridian Bank,NETSUITE SOLUTIONS PARTNER - SOFTWARE / IT,NetSuite Solutions Partner,-17708.97,Card Charge,6200,Software Subscriptions - SaaS,Expense,USD,1.0,-17708.97,Matched,TEC-202603,True,,1324772.33
800572,2026-03-12,2026-03,NWC,Northwind Cargo B.V.,Operating Bank - Main,****9105,ING Zakelijk,RAMP FINANCIAL SOFTWARE - SOFTWARE / IT,Ramp Financial Software,-14138.82,Card Charge,6200,Software Subscriptions - SaaS,Expense,EUR,1.09,-15411.31,Matched,TEC-202603,True,,2756441.78
800579,2026-03-18,2026-03,APX,Apex Warehousing LLC,Operating Bank - Main,****5560,First Meridian Bank,NIMBUS DEV CONTRACTORS - PROFESSIONAL FEES - CONSULTING,Nimbus Dev Contractors,-7834.46,ACH Payment,6320,Professional Fees - Consulting,Expense,USD,1.0,-7834.46,Matched,OPX-202603,True,,2704376.38
800567,2026-03-18,2026-03,CFS,Cascade Freight Systems Inc,Operating Bank - Main,****2298,Cascade Regional Bank,HARRINGTON & BLAKE LLP - PROFESSIONAL FEES - LEGAL,Harrington & Blake LLP,-9510.44,ACH Payment,6300,Professional Fees - Legal,Expense,USD,1.0,-9510.44,Matched,OPX-202603,True,,1990521.34
800561,2026-03-18,2026-03,MLG,Meridian Logistics LLC,Operating Bank - Main,****7734,First Meridian Bank,DATASTREAM ANALYTICS INC - DATA & MARKET INTELLIGENCE,Datastream Analytics Inc,-14611.75,ACH Payment,6220,Data & Market Intelligence,Expense,USD,1.0,-14611.75,Matched,OPX-202603,True,,1310160.58
800573,2026-03-18,2026-03,NWC,Northwind Cargo B.V.,Operating Bank - Main,****9105,ING Zakelijk,GRANTHAM AUDIT GROUP - PROFESSIONAL FEES - AUDIT & TAX,Grantham Audit Group,-14952.33,ACH Payment,6310,Professional Fees - Audit & Tax,Expense,EUR,1.09,-16298.03,Matched,OPX-202603,True,,2741489.45
800584,2026-03-25,2026-03,APX,Apex Warehousing LLC,Operating Bank - Main,****5560,First Meridian Bank,AP RUN - VENDOR BILL SETTLEMENT,Multiple vendors,-441295.72,ACH Payment,2000,Accounts Payable,Liability,USD,1.0,-441295.72,Matched,APR-202603,True,,2263080.66
800582,2026-03-25,2026-03,CFS,Cascade Freight Systems Inc,Operating Bank - Main,****2298,Cascade Regional Bank,AP RUN - VENDOR BILL SETTLEMENT,Multiple vendors,-987865.85,ACH Payment,2000,Accounts Payable,Liability,USD,1.0,-987865.85,Matched,APR-202603,True,,1002655.49
800581,2026-03-25,2026-03,MLG,Meridian Logistics LLC,Operating Bank - Main,****7734,First Meridian Bank,AP RUN - VENDOR BILL SETTLEMENT,Multiple vendors,-1750857.24,ACH Payment,2000,Accounts Payable,Liability,USD,1.0,-1750857.24,Matched,APR-202603,True,,-440696.66
800583,2026-03-25,2026-03,NWC,Northwind Cargo B.V.,Operating Bank - Main,****9105,ING Zakelijk,AP RUN - VENDOR BILL SETTLEMENT,Multiple vendors,-625536.15,ACH Payment,2000,Accounts Payable,Liability,EUR,1.09,-681834.4,Matched,APR-202603,True,,2115953.3
800574,2026-03-26,2026-03,APX,Apex Warehousing LLC,Operating Bank - Main,****5560,First Meridian Bank,ACH BATCH DEPOSIT - CUSTOMER RECEIPTS,Lockbox settlement,291260.72,Deposit,1100,Accounts Receivable,Asset,USD,1.0,291260.72,Matched,LBX-202603,True,,2554341.38
800562,2026-03-26,2026-03,CFS,Cascade Freight Systems Inc,Operating Bank - Main,****2298,Cascade Regional Bank,ACH BATCH DEPOSIT - CUSTOMER RECEIPTS,Lockbox settlement,415211.1,Deposit,1100,Accounts Receivable,Asset,USD,1.0,415211.1,Matched,LBX-202603,True,,1417866.59
800556,2026-03-26,2026-03,MLG,Meridian Logistics LLC,Operating Bank - Main,****7734,First Meridian Bank,ACH BATCH DEPOSIT - CUSTOMER RECEIPTS,Lockbox settlement,1021194.75,Deposit,1100,Accounts Receivable,Asset,USD,1.0,1021194.75,Matched,LBX-202603,True,,580498.09
800568,2026-03-26,2026-03,NWC,Northwind Cargo B.V.,Operating Bank - Main,****9105,ING Zakelijk,ACH BATCH DEPOSIT - CUSTOMER RECEIPTS,Lockbox settlement,258206.45,Deposit,1100,Accounts Receivable,Asset,EUR,1.09,281445.03,Matched,LBX-202603,True,,2374159.75
800575,2026-03-28,2026-03,APX,Apex Warehousing LLC,Operating Bank - Main,****5560,First Meridian Bank,"NORTHSTAR PAYROLL - WAGES, TAXES & BENEFITS",Northstar Payroll Services,-48946.27,ACH Payment,6000,"Salaries, Wages & Benefits",Expense,USD,1.0,-48946.27,Matched,PR-202603,True,,2505395.11
800563,2026-03-28,2026-03,CFS,Cascade Freight Systems Inc,Operating Bank - Main,****2298,Cascade Regional Bank,"NORTHSTAR PAYROLL - WAGES, TAXES & BENEFITS",Northstar Payroll Services,-50257.74,ACH Payment,6000,"Salaries, Wages & Benefits",Expense,USD,1.0,-50257.74,Matched,PR-202603,True,,1367608.85
800580,2026-03-28,2026-03,MHG,Meridian Holdings Group LLC,Operating Bank - Main,****4021,First Meridian Bank,CORPORATE OVERHEAD - SHARED SERVICES,Grantham Audit Group,-168068.95,ACH Payment,6000,"Salaries, Wages & Benefits",Expense,USD,1.0,-168068.95,Matched,MHG-202603,True,,-1008378.22
800557,2026-03-28,2026-03,MLG,Meridian Logistics LLC,Operating Bank - Main,****7734,First Meridian Bank,"NORTHSTAR PAYROLL - WAGES, TAXES & BENEFITS",Northstar Payroll Services,-97479.88,ACH Payment,6000,"Salaries, Wages & Benefits",Expense,USD,1.0,-97479.88,Matched,PR-202603,True,,483018.21
800569,2026-03-28,2026-03,NWC,Northwind Cargo B.V.,Operating Bank - Main,****9105,ING Zakelijk,"NORTHSTAR PAYROLL - WAGES, TAXES & BENEFITS",Northstar Payroll Services,-69573.37,ACH Payment,6000,"Salaries, Wages & Benefits",Expense,EUR,1.09,-75834.98,Matched,PR-202603,True,,2304586.38
800608,2026-04-03,2026-04,APX,Apex Warehousing LLC,Operating Bank - Main,****5560,First Meridian Bank,GATEWAY INDUSTRIAL PARKS - MONTHLY RENT & OCCUPANCY,Gateway Industrial Parks,-16131.03,ACH Payment,6110,Rent - Warehouse & Yard,Expense,USD,1.0,-16131.03,Matched,RNT-202604,True,,2489264.08
800596,2026-04-03,2026-04,CFS,Cascade Freight Systems Inc,Operating Bank - Main,****2298,Cascade Regional Bank,GATEWAY INDUSTRIAL PARKS - MONTHLY RENT & OCCUPANCY,Gateway Industrial Parks,-15590.33,ACH Payment,6110,Rent - Warehouse & Yard,Expense,USD,1.0,-15590.33,Matched,RNT-202604,True,,1352018.52
800590,2026-04-03,2026-04,MLG,Meridian Logistics LLC,Operating Bank - Main,****7734,First Meridian Bank,STERLING PROPERTY HOLDINGS - MONTHLY RENT & OCCUPANCY,Sterling Property Holdings,-25531.49,ACH Payment,6100,Rent - Office,Expense,USD,1.0,-25531.49,Matched,RNT-202604,True,,457486.72
800602,2026-04-03,2026-04,NWC,Northwind Cargo B.V.,Operating Bank - Main,****9105,ING Zakelijk,STERLING PROPERTY HOLDINGS - MONTHLY RENT & OCCUPANCY,Sterling Property Holdings,-23710.82,ACH Payment,6100,Rent - Office,Expense,EUR,1.09,-25844.79,Matched,RNT-202604,True,,2280875.56
800696,2026-04-04,2026-04,MHG,Meridian Holdings Group LLC,Operating Bank - Main,****4021,First Meridian Bank,ACH CREDIT - UNIDENTIFIED SENDER,,-37267.22,Withdrawal,9000,Suspense / Ask My Accountant,Expense,USD,1.0,-37267.22,Unmatched,,False,NEEDS CATEGORIZATION,-1045645.44
800609,2026-04-08,2026-04,APX,Apex Warehousing LLC,Operating Bank - Main,****5560,First Meridian Bank,INSURANCE PREMIUM INSTALLMENT,WorkSafe Comp Underwriters,-10673.16,ACH Payment,6510,Insurance - Workers Comp,Expense,USD,1.0,-10673.16,Matched,INS-202604,True,,2478590.92
800597,2026-04-08,2026-04,CFS,Cascade Freight Systems Inc,Operating Bank - Main,****2298,Cascade Regional Bank,INSURANCE PREMIUM INSTALLMENT,WorkSafe Comp Underwriters,-10706.34,ACH Payment,6510,Insurance - Workers Comp,Expense,USD,1.0,-10706.34,Matched,INS-202604,True,,1341312.18
800591,2026-04-08,2026-04,MLG,Meridian Logistics LLC,Operating Bank - Main,****7734,First Meridian Bank,INSURANCE PREMIUM INSTALLMENT,WorkSafe Comp Underwriters,-18309.9,ACH Payment,6510,Insurance - Workers Comp,Expense,USD,1.0,-18309.9,Matched,INS-202604,True,,439176.82
800603,2026-04-08,2026-04,NWC,Northwind Cargo B.V.,Operating Bank - Main,****9105,ING Zakelijk,INSURANCE PREMIUM INSTALLMENT,WorkSafe Comp Underwriters,-17723.91,ACH Payment,6510,Insurance - Workers Comp,Expense,EUR,1.09,-19319.06,Matched,INS-202604,True,,2263151.65
800610,2026-04-12,2026-04,APX,Apex Warehousing LLC,Operating Bank - Main,****5560,First Meridian Bank,"CLOUDSPAN TECHNOLOGIES, INC. - SOFTWARE / IT","Cloudspan Technologies, Inc.",-9228.28,ACH Payment,6210,IT Infrastructure & Cloud Hosting,Expense,USD,1.0,-9228.28,Matched,TEC-202604,True,,2469362.64
800598,2026-04-12,2026-04,CFS,Cascade Freight Systems Inc,Operating Bank - Main,****2298,Cascade Regional Bank,CLOUDSPAN TECHNOLOGIES - SOFTWARE / IT,Cloudspan Technologies,-9426.81,Card Charge,6210,IT Infrastructure & Cloud Hosting,Expense,USD,1.0,-9426.81,Matched,TEC-202604,True,,1331885.37
800592,2026-04-12,2026-04,MLG,Meridian Logistics LLC,Operating Bank - Main,****7734,First Meridian Bank,"CLOUDSPAN TECHNOLOGIES, INC. - SOFTWARE / IT","Cloudspan Technologies, Inc.",-15044.99,ACH Payment,6210,IT Infrastructure & Cloud Hosting,Expense,USD,1.0,-15044.99,Matched,TEC-202604,True,,424131.83
800604,2026-04-12,2026-04,NWC,Northwind Cargo B.V.,Operating Bank - Main,****9105,ING Zakelijk,"CLOUDSPAN TECHNOLOGIES, INC. - SOFTWARE / IT","Cloudspan Technologies, Inc.",-16396.89,Card Charge,6210,IT Infrastructure & Cloud Hosting,Expense,EUR,1.09,-17872.61,Matched,TEC-202604,True,,2246754.76
800611,2026-04-18,2026-04,APX,Apex Warehousing LLC,Operating Bank - Main,****5560,First Meridian Bank,CORPORATE TRAVEL ALLIANCE - TRAVEL,Corporate Travel Alliance,-10612.3,ACH Payment,6420,Travel,Expense,USD,1.0,-10612.3,Matched,OPX-202604,True,,2458750.34
800599,2026-04-18,2026-04,CFS,Cascade Freight Systems Inc,Operating Bank - Main,****2298,Cascade Regional Bank,NIMBUS DEV CONTRACTORS - PROFESSIONAL FEES - CONSULTING,Nimbus Dev Contractors,-8591.43,ACH Payment,6320,Professional Fees - Consulting,Expense,USD,1.0,-8591.43,Matched,OPX-202604,True,,1323293.94
800593,2026-04-18,2026-04,MLG,Meridian Logistics LLC,Operating Bank - Main,****7734,First Meridian Bank,GRANTHAM AUDIT GROUP - PROFESSIONAL FEES - AUDIT & TAX,Grantham Audit Group,-14154.36,ACH Payment,6310,Professional Fees - Audit & Tax,Expense,USD,1.0,-14154.36,Matched,OPX-202604,True,,409977.47
800605,2026-04-18,2026-04,NWC,Northwind Cargo B.V.,Operating Bank - Main,****9105,ING Zakelijk,LIGHTHOUSE MARKETING GROUP - MARKETING & ADVERTISING,Lighthouse Marketing Group,-15746.15,ACH Payment,6400,Marketing & Advertising,Expense,EUR,1.09,-17163.3,Matched,OPX-202604,True,,2231008.61
800685,2026-04-25,2026-04,CFS,Cascade Freight Systems Inc,Operating Bank - Main,****2298,Cascade Regional Bank,RETURNED ITEM - NSF,,16703.88,Deposit,9000,Suspense / Ask My Accountant,Expense,USD,1.0,16703.88,Unmatched,,False,NEEDS CATEGORIZATION,1339997.82
800606,2026-04-26,2026-04,APX,Apex Warehousing LLC,Operating Bank - Main,****5560,First Meridian Bank,ACH BATCH DEPOSIT - CUSTOMER RECEIPTS,Lockbox settlement,226752.93,Deposit,1100,Accounts Receivable,Asset,USD,1.0,226752.93,Matched,LBX-202604,True,,2685503.27
800594,2026-04-26,2026-04,CFS,Cascade Freight Systems Inc,Operating Bank - Main,****2298,Cascade Regional Bank,ACH BATCH DEPOSIT - CUSTOMER RECEIPTS,Lockbox settlement,534519.57,Deposit,1100,Accounts Receivable,Asset,USD,1.0,534519.57,Matched,LBX-202604,True,,1874517.39
800588,2026-04-26,2026-04,MLG,Meridian Logistics LLC,Operating Bank - Main,****7734,First Meridian Bank,ACH BATCH DEPOSIT - CUSTOMER RECEIPTS,Lockbox settlement,814931.24,Deposit,1100,Accounts Receivable,Asset,USD,1.0,814931.24,Matched,LBX-202604,True,,1224908.71
800600,2026-04-26,2026-04,NWC,Northwind Cargo B.V.,Operating Bank - Main,****9105,ING Zakelijk,ACH BATCH DEPOSIT - CUSTOMER RECEIPTS,Lockbox settlement,364725.16,Deposit,1100,Accounts Receivable,Asset,EUR,1.09,397550.42,Matched,LBX-202604,True,,2595733.77
800607,2026-04-28,2026-04,APX,Apex Warehousing LLC,Operating Bank - Main,****5560,First Meridian Bank,"NORTHSTAR PAYROLL - WAGES, TAXES & BENEFITS",Northstar Payroll Services,-51045.78,ACH Payment,6000,"Salaries, Wages & Benefits",Expense,USD,1.0,-51045.78,Matched,PR-202604,True,,2634457.49
800595,2026-04-28,2026-04,CFS,Cascade Freight Systems Inc,Operating Bank - Main,****2298,Cascade Regional Bank,"NORTHSTAR PAYROLL - WAGES, TAXES & BENEFITS",Northstar Payroll Services,-52817.98,ACH Payment,6000,"Salaries, Wages & Benefits",Expense,USD,1.0,-52817.98,Matched,PR-202604,True,,1821699.41
800612,2026-04-28,2026-04,MHG,Meridian Holdings Group LLC,Operating Bank - Main,****4021,First Meridian Bank,CORPORATE OVERHEAD - SHARED SERVICES,Harrington & Blake LLP,-175165.06,ACH Payment,6000,"Salaries, Wages & Benefits",Expense,USD,1.0,-175165.06,Matched,MHG-202604,True,,-1220810.5
800589,2026-04-28,2026-04,MLG,Meridian Logistics LLC,Operating Bank - Main,****7734,First Meridian Bank,"NORTHSTAR PAYROLL - WAGES, TAXES & BENEFITS",Northstar Payroll Services,-90418.36,ACH Payment,6000,"Salaries, Wages & Benefits",Expense,USD,1.0,-90418.36,Matched,PR-202604,True,,1134490.35
800601,2026-04-28,2026-04,NWC,Northwind Cargo B.V.,Operating Bank - Main,****9105,ING Zakelijk,"NORTHSTAR PAYROLL - WAGES, TAXES & BENEFITS",Northstar Payroll Services,-73939.83,ACH Payment,6000,"Salaries, Wages & Benefits",Expense,EUR,1.09,-80594.41,Matched,PR-202604,True,,2521793.94
800633,2026-05-03,2026-05,APX,Apex Warehousing LLC,Operating Bank - Main,****5560,First Meridian Bank,GATEWAY INDUSTRIAL PARKS - MONTHLY RENT & OCCUPANCY,Gateway Industrial Parks,-15047.44,ACH Payment,6110,Rent - Warehouse & Yard,Expense,USD,1.0,-15047.44,Matched,RNT-202605,True,,2619410.05
800621,2026-05-03,2026-05,CFS,Cascade Freight Systems Inc,Operating Bank - Main,****2298,Cascade Regional Bank,GATEWAY INDUSTRIAL PARKS - MONTHLY RENT & OCCUPANCY,Gateway Industrial Parks,-14988.19,ACH Payment,6110,Rent - Warehouse & Yard,Expense,USD,1.0,-14988.19,Matched,RNT-202605,True,,1806711.22
800615,2026-05-03,2026-05,MLG,Meridian Logistics LLC,Operating Bank - Main,****7734,First Meridian Bank,STERLING PROPERTY HOLDINGS - MONTHLY RENT & OCCUPANCY,Sterling Property Holdings,-25815.51,ACH Payment,6100,Rent - Office,Expense,USD,1.0,-25815.51,Matched,RNT-202605,True,,1108674.84
800627,2026-05-03,2026-05,NWC,Northwind Cargo B.V.,Operating Bank - Main,****9105,ING Zakelijk,STERLING PROPERTY HOLDINGS - MONTHLY RENT & OCCUPANCY,Sterling Property Holdings,-23515.33,ACH Payment,6100,Rent - Office,Expense,EUR,1.09,-25631.71,Matched,RNT-202605,True,,2498278.61
800634,2026-05-08,2026-05,APX,Apex Warehousing LLC,Operating Bank - Main,****5560,First Meridian Bank,INSURANCE PREMIUM INSTALLMENT,Ironclad Insurance Brokers,-10742.82,ACH Payment,6500,Insurance - Liability & Cargo,Expense,USD,1.0,-10742.82,Matched,INS-202605,True,,2608667.23
800622,2026-05-08,2026-05,CFS,Cascade Freight Systems Inc,Operating Bank - Main,****2298,Cascade Regional Bank,INSURANCE PREMIUM INSTALLMENT,Ironclad Insurance Brokers,-10352.28,ACH Payment,6500,Insurance - Liability & Cargo,Expense,USD,1.0,-10352.28,Matched,INS-202605,True,,1796358.94
800616,2026-05-08,2026-05,MLG,Meridian Logistics LLC,Operating Bank - Main,****7734,First Meridian Bank,INSURANCE PREMIUM INSTALLMENT,Ironclad Insurance Brokers,-18073.33,ACH Payment,6500,Insurance - Liability & Cargo,Expense,USD,1.0,-18073.33,Matched,INS-202605,True,,1090601.51
800628,2026-05-08,2026-05,NWC,Northwind Cargo B.V.,Operating Bank - Main,****9105,ING Zakelijk,INSURANCE PREMIUM INSTALLMENT,Ironclad Insurance Brokers,-16835.29,ACH Payment,6500,Insurance - Liability & Cargo,Expense,EUR,1.09,-18350.47,Matched,INS-202605,True,,2481443.32
800635,2026-05-12,2026-05,APX,Apex Warehousing LLC,Operating Bank - Main,****5560,First Meridian Bank,RAMP FINANCIAL SOFTWARE - SOFTWARE / IT,Ramp Financial Software,-8596.18,Card Charge,6200,Software Subscriptions - SaaS,Expense,USD,1.0,-8596.18,Matched,TEC-202605,True,,2600071.05
800623,2026-05-12,2026-05,CFS,Cascade Freight Systems Inc,Operating Bank - Main,****2298,Cascade Regional Bank,RAMP FINANCIAL SOFTWARE - SOFTWARE / IT,Ramp Financial Software,-9510.27,Card Charge,6200,Software Subscriptions - SaaS,Expense,USD,1.0,-9510.27,Matched,TEC-202605,True,,1786848.67
800617,2026-05-12,2026-05,MLG,Meridian Logistics LLC,Operating Bank - Main,****7734,First Meridian Bank,NETSUITE SOLUTIONS PARTNER - SOFTWARE / IT,NetSuite Solutions Partner,-14446.96,Card Charge,6140,Office Supplies,Expense,USD,1.0,-14446.96,Matched,TEC-202605,True,MISCODED,1076154.55
800629,2026-05-12,2026-05,NWC,Northwind Cargo B.V.,Operating Bank - Main,****9105,ING Zakelijk,RAMP FINANCIAL SOFTWARE - SOFTWARE / IT,Ramp Financial Software,-14588.46,ACH Payment,6200,Software Subscriptions - SaaS,Expense,EUR,1.09,-15901.43,Matched,TEC-202605,True,,2466854.86
800636,2026-05-18,2026-05,APX,Apex Warehousing LLC,Operating Bank - Main,****5560,First Meridian Bank,"SUNDRY VENDOR - LICENSES, PERMITS & REGULATORY",Sundry vendor,-9250.25,ACH Payment,6630,"Licenses, Permits & Regulatory",Expense,USD,1.0,-9250.25,Matched,OPX-202605,True,,2590820.8
800624,2026-05-18,2026-05,CFS,Cascade Freight Systems Inc,Operating Bank - Main,****2298,Cascade Regional Bank,CORPORATE TRAVEL ALLIANCE - TRAVEL,Corporate Travel Alliance,-9602.56,ACH Payment,6420,Travel,Expense,USD,1.0,-9602.56,Matched,OPX-202605,True,,1777246.11
800618,2026-05-18,2026-05,MLG,Meridian Logistics LLC,Operating Bank - Main,****7734,First Meridian Bank,LIGHTHOUSE MARKETING GROUP - MARKETING & ADVERTISING,Lighthouse Marketing Group,-13957.11,ACH Payment,6400,Marketing & Advertising,Expense,USD,1.0,-13957.11,Matched,OPX-202605,True,,1062197.44
800630,2026-05-18,2026-05,NWC,Northwind Cargo B.V.,Operating Bank - Main,****9105,ING Zakelijk,SUNDRY VENDOR - MEALS & ENTERTAINMENT,Sundry vendor,-14697.29,ACH Payment,6430,Meals & Entertainment,Expense,EUR,1.09,-16020.05,Matched,OPX-202605,True,,2452157.57
800631,2026-05-26,2026-05,APX,Apex Warehousing LLC,Operating Bank - Main,****5560,First Meridian Bank,ACH BATCH DEPOSIT - CUSTOMER RECEIPTS,Lockbox settlement,147035.71,Deposit,1100,Accounts Receivable,Asset,USD,1.0,147035.71,Matched,LBX-202605,True,,2737856.51
800619,2026-05-26,2026-05,CFS,Cascade Freight Systems Inc,Operating Bank - Main,****2298,Cascade Regional Bank,ACH BATCH DEPOSIT - CUSTOMER RECEIPTS,Lockbox settlement,564666.64,Deposit,1100,Accounts Receivable,Asset,USD,1.0,564666.64,Matched,LBX-202605,True,,2341912.75
800613,2026-05-26,2026-05,MLG,Meridian Logistics LLC,Operating Bank - Main,****7734,First Meridian Bank,ACH BATCH DEPOSIT - CUSTOMER RECEIPTS,Lockbox settlement,846901.07,Deposit,1100,Accounts Receivable,Asset,USD,1.0,846901.07,Matched,LBX-202605,True,,1909098.51
800625,2026-05-26,2026-05,NWC,Northwind Cargo B.V.,Operating Bank - Main,****9105,ING Zakelijk,ACH BATCH DEPOSIT - CUSTOMER RECEIPTS,Lockbox settlement,643528.82,Deposit,1100,Accounts Receivable,Asset,EUR,1.09,701446.41,Matched,LBX-202605,True,,3095686.39
800632,2026-05-28,2026-05,APX,Apex Warehousing LLC,Operating Bank - Main,****5560,First Meridian Bank,"NORTHSTAR PAYROLL - WAGES, TAXES & BENEFITS",Northstar Payroll Services,-48936.2,ACH Payment,6000,"Salaries, Wages & Benefits",Expense,USD,1.0,-48936.2,Matched,PR-202605,True,,2688920.31
800620,2026-05-28,2026-05,CFS,Cascade Freight Systems Inc,Operating Bank - Main,****2298,Cascade Regional Bank,"NORTHSTAR PAYROLL - WAGES, TAXES & BENEFITS",Northstar Payroll Services,-52432.34,ACH Payment,6000,"Salaries, Wages & Benefits",Expense,USD,1.0,-52432.34,Matched,PR-202605,True,,2289480.41
800637,2026-05-28,2026-05,MHG,Meridian Holdings Group LLC,Operating Bank - Main,****4021,First Meridian Bank,CORPORATE OVERHEAD - SHARED SERVICES,Northstar Payroll Services,-165015.06,ACH Payment,6000,"Salaries, Wages & Benefits",Expense,USD,1.0,-165015.06,Matched,MHG-202605,True,,-1385825.56
800614,2026-05-28,2026-05,MLG,Meridian Logistics LLC,Operating Bank - Main,****7734,First Meridian Bank,"NORTHSTAR PAYROLL - WAGES, TAXES & BENEFITS",Northstar Payroll Services,-90970.43,ACH Payment,6000,"Salaries, Wages & Benefits",Expense,USD,1.0,-90970.43,Matched,PR-202605,True,,1818128.08
800626,2026-05-28,2026-05,NWC,Northwind Cargo B.V.,Operating Bank - Main,****9105,ING Zakelijk,"NORTHSTAR PAYROLL - WAGES, TAXES & BENEFITS",Northstar Payroll Services,-75477.95,ACH Payment,6000,"Salaries, Wages & Benefits",Expense,EUR,1.09,-82270.97,Matched,PR-202605,True,,3020208.44
800658,2026-06-03,2026-06,APX,Apex Warehousing LLC,Operating Bank - Main,****5560,First Meridian Bank,GATEWAY INDUSTRIAL PARKS - MONTHLY RENT & OCCUPANCY,Gateway Industrial Parks,-14540.04,ACH Payment,6110,Rent - Warehouse & Yard,Expense,USD,1.0,-14540.04,Matched,RNT-202606,True,,2674380.27
800646,2026-06-03,2026-06,CFS,Cascade Freight Systems Inc,Operating Bank - Main,****2298,Cascade Regional Bank,GATEWAY INDUSTRIAL PARKS - MONTHLY RENT & OCCUPANCY,Gateway Industrial Parks,-12776.57,ACH Payment,6110,Rent - Warehouse & Yard,Expense,USD,1.0,-12776.57,Matched,RNT-202606,True,,2276703.84
800640,2026-06-03,2026-06,MLG,Meridian Logistics LLC,Operating Bank - Main,****7734,First Meridian Bank,STERLING PROPERTY HOLDINGS - MONTHLY RENT & OCCUPANCY,Sterling Property Holdings,-23862.25,ACH Payment,6100,Rent - Office,Expense,USD,1.0,-23862.25,Matched,RNT-202606,True,,1794265.83
800652,2026-06-03,2026-06,NWC,Northwind Cargo B.V.,Operating Bank - Main,****9105,ING Zakelijk,STERLING PROPERTY HOLDINGS - MONTHLY RENT & OCCUPANCY,Sterling Property Holdings,-19995.96,ACH Payment,6100,Rent - Office,Expense,EUR,1.09,-21795.6,Matched,RNT-202606,True,,3000212.48
800669,2026-06-05,2026-06,APX,Apex Warehousing LLC,Operating Bank - Main,****5560,First Meridian Bank,FEDERATED EQUIP FINANCE - QUARTERLY NOTE PAYMENT,Federated Equipment Finance,-17258.78,ACH Payment,2410,Equipment Notes Payable,Liability,USD,1.0,-17258.78,Matched,LN-202606,True,,2657121.49
800668,2026-06-05,2026-06,CFS,Cascade Freight Systems Inc,Operating Bank - Main,****2298,Cascade Regional Bank,FEDERATED EQUIP FINANCE - QUARTERLY NOTE PAYMENT,Federated Equipment Finance,-23532.02,ACH Payment,2410,Equipment Notes Payable,Liability,USD,1.0,-23532.02,Matched,LN-202606,True,,2253171.82
800667,2026-06-05,2026-06,MLG,Meridian Logistics LLC,Operating Bank - Main,****7734,First Meridian Bank,FEDERATED EQUIP FINANCE - QUARTERLY NOTE PAYMENT,Federated Equipment Finance,-56776.88,ACH Payment,2410,Equipment Notes Payable,Liability,USD,1.0,-56776.88,Matched,LN-202606,True,,1737488.95
800659,2026-06-08,2026-06,APX,Apex Warehousing LLC,Operating Bank - Main,****5560,First Meridian Bank,INSURANCE PREMIUM INSTALLMENT,WorkSafe Comp Underwriters,-9864.58,ACH Payment,6510,Insurance - Workers Comp,Expense,USD,1.0,-9864.58,Matched,INS-202606,True,,2647256.91
800647,2026-06-08,2026-06,CFS,Cascade Freight Systems Inc,Operating Bank - Main,****2298,Cascade Regional Bank,INSURANCE PREMIUM INSTALLMENT,WorkSafe Comp Underwriters,-9043.38,ACH Payment,6510,Insurance - Workers Comp,Expense,USD,1.0,-9043.38,Matched,INS-202606,True,,2244128.44
800641,2026-06-08,2026-06,MLG,Meridian Logistics LLC,Operating Bank - Main,****7734,First Meridian Bank,INSURANCE PREMIUM INSTALLMENT,WorkSafe Comp Underwriters,-16174.57,ACH Payment,6510,Insurance - Workers Comp,Expense,USD,1.0,-16174.57,Matched,INS-202606,True,,1721314.38
800653,2026-06-08,2026-06,NWC,Northwind Cargo B.V.,Operating Bank - Main,****9105,ING Zakelijk,INSURANCE PREMIUM INSTALLMENT,WorkSafe Comp Underwriters,-14613.52,ACH Payment,6510,Insurance - Workers Comp,Expense,EUR,1.09,-15928.73,Matched,INS-202606,True,,2985598.96
800660,2026-06-12,2026-06,APX,Apex Warehousing LLC,Operating Bank - Main,****5560,First Meridian Bank,"CLOUDSPAN TECHNOLOGIES, INC. - SOFTWARE / IT","Cloudspan Technologies, Inc.",-8856.87,ACH Payment,6210,IT Infrastructure & Cloud Hosting,Expense,USD,1.0,-8856.87,Matched,TEC-202606,True,,2638400.04
800648,2026-06-12,2026-06,CFS,Cascade Freight Systems Inc,Operating Bank - Main,****2298,Cascade Regional Bank,"CLOUDSPAN TECHNOLOGIES, INC. - SOFTWARE / IT","Cloudspan Technologies, Inc.",-8132.87,ACH Payment,6210,IT Infrastructure & Cloud Hosting,Expense,USD,1.0,-8132.87,Matched,TEC-202606,True,,2235995.57
800642,2026-06-12,2026-06,MLG,Meridian Logistics LLC,Operating Bank - Main,****7734,First Meridian Bank,NETSUITE SOLUTIONS PARTNER - SOFTWARE / IT,NetSuite Solutions Partner,-14820.55,ACH Payment,6140,Office Supplies,Expense,USD,1.0,-14820.55,Matched,TEC-202606,True,MISCODED,1706493.83
800654,2026-06-12,2026-06,NWC,Northwind Cargo B.V.,Operating Bank - Main,****9105,ING Zakelijk,NETSUITE SOLUTIONS PARTNER - SOFTWARE / IT,NetSuite Solutions Partner,-12429.62,Card Charge,6140,Office Supplies,Expense,EUR,1.09,-13548.28,Matched,TEC-202606,True,MISCODED,2973169.34
800686,2026-06-14,2026-06,CFS,Cascade Freight Systems Inc,Operating Bank - Main,****2298,Cascade Regional Bank,WIRE IN - NO REMITTANCE ADVICE,,33255.04,Deposit,9000,Suspense / Ask My Accountant,Expense,USD,1.0,33255.04,Unmatched,,False,NEEDS CATEGORIZATION,2269250.61
800661,2026-06-18,2026-06,APX,Apex Warehousing LLC,Operating Bank - Main,****5560,First Meridian Bank,VERTEX TELECOM - TELECOM & INTERNET,Vertex Telecom,-8367.23,ACH Payment,6130,Telecom & Internet,Expense,USD,1.0,-8367.23,Matched,OPX-202606,True,,2630032.81
800649,2026-06-18,2026-06,CFS,Cascade Freight Systems Inc,Operating Bank - Main,****2298,Cascade Regional Bank,"SUNDRY VENDOR - LICENSES, PERMITS & REGULATORY",Sundry vendor,-8247.98,ACH Payment,6630,"Licenses, Permits & Regulatory",Expense,USD,1.0,-8247.98,Matched,OPX-202606,True,,2261002.63
800643,2026-06-18,2026-06,MLG,Meridian Logistics LLC,Operating Bank - Main,****7734,First Meridian Bank,SUNDRY VENDOR - MEALS & ENTERTAINMENT,Sundry vendor,-15954.16,ACH Payment,6430,Meals & Entertainment,Expense,USD,1.0,-15954.16,Matched,OPX-202606,True,,1690539.67
800655,2026-06-18,2026-06,NWC,Northwind Cargo B.V.,Operating Bank - Main,****9105,ING Zakelijk,CONSOLIDATED POWER & LIGHT - UTILITIES,Consolidated Power & Light,-13049.25,ACH Payment,6120,Utilities,Expense,EUR,1.09,-14223.68,Matched,OPX-202606,True,,2960120.09
800666,2026-06-25,2026-06,APX,Apex Warehousing LLC,Operating Bank - Main,****5560,First Meridian Bank,AP RUN - VENDOR BILL SETTLEMENT,Multiple vendors,-493881.64,ACH Payment,2000,Accounts Payable,Liability,USD,1.0,-493881.64,Matched,APR-202606,True,,2136151.17
800664,2026-06-25,2026-06,CFS,Cascade Freight Systems Inc,Operating Bank - Main,****2298,Cascade Regional Bank,AP RUN - VENDOR BILL SETTLEMENT,Multiple vendors,-1064536.32,ACH Payment,2000,Accounts Payable,Liability,USD,1.0,-1064536.32,Matched,APR-202606,True,,1196466.31
800663,2026-06-25,2026-06,MLG,Meridian Logistics LLC,Operating Bank - Main,****7734,First Meridian Bank,AP RUN - VENDOR BILL SETTLEMENT,Multiple vendors,-1723213.79,ACH Payment,2000,Accounts Payable,Liability,USD,1.0,-1723213.79,Matched,APR-202606,True,,-32674.12
800665,2026-06-25,2026-06,NWC,Northwind Cargo B.V.,Operating Bank - Main,****9105,ING Zakelijk,AP RUN - VENDOR BILL SETTLEMENT,Multiple vendors,-763085.77,ACH Payment,2000,Accounts Payable,Liability,EUR,1.09,-831763.49,Matched,APR-202606,True,,2197034.32
800656,2026-06-26,2026-06,APX,Apex Warehousing LLC,Operating Bank - Main,****5560,First Meridian Bank,ACH BATCH DEPOSIT - CUSTOMER RECEIPTS,Lockbox settlement,252998.43,Deposit,1100,Accounts Receivable,Asset,USD,1.0,252998.43,Matched,LBX-202606,True,,2389149.6
800644,2026-06-26,2026-06,CFS,Cascade Freight Systems Inc,Operating Bank - Main,****2298,Cascade Regional Bank,ACH BATCH DEPOSIT - CUSTOMER RECEIPTS,Lockbox settlement,440502.38,Deposit,1100,Accounts Receivable,Asset,USD,1.0,440502.38,Matched,LBX-202606,True,,1636968.69
800638,2026-06-26,2026-06,MLG,Meridian Logistics LLC,Operating Bank - Main,****7734,First Meridian Bank,ACH BATCH DEPOSIT - CUSTOMER RECEIPTS,Lockbox settlement,458533.25,Deposit,1100,Accounts Receivable,Asset,USD,1.0,458533.25,Matched,LBX-202606,True,,425859.13
800650,2026-06-26,2026-06,NWC,Northwind Cargo B.V.,Operating Bank - Main,****9105,ING Zakelijk,ACH BATCH DEPOSIT - CUSTOMER RECEIPTS,Lockbox settlement,400329.23,Deposit,1100,Accounts Receivable,Asset,EUR,1.09,436358.86,Matched,LBX-202606,True,,2597363.55
800657,2026-06-28,2026-06,APX,Apex Warehousing LLC,Operating Bank - Main,****5560,First Meridian Bank,"NORTHSTAR PAYROLL - WAGES, TAXES & BENEFITS",Northstar Payroll Services,-45633.0,ACH Payment,6000,"Salaries, Wages & Benefits",Expense,USD,1.0,-45633.0,Matched,PR-202606,True,,2343516.6
800645,2026-06-28,2026-06,CFS,Cascade Freight Systems Inc,Operating Bank - Main,****2298,Cascade Regional Bank,"NORTHSTAR PAYROLL - WAGES, TAXES & BENEFITS",Northstar Payroll Services,-44437.77,ACH Payment,6000,"Salaries, Wages & Benefits",Expense,USD,1.0,-44437.77,Matched,PR-202606,True,,1592530.92
800662,2026-06-28,2026-06,MHG,Meridian Holdings Group LLC,Operating Bank - Main,****4021,First Meridian Bank,CORPORATE OVERHEAD - SHARED SERVICES,Grantham Audit Group,-168200.13,ACH Payment,6000,"Salaries, Wages & Benefits",Expense,USD,1.0,-168200.13,Matched,MHG-202606,True,,-1554025.69
800639,2026-06-28,2026-06,MLG,Meridian Logistics LLC,Operating Bank - Main,****7734,First Meridian Bank,"NORTHSTAR PAYROLL - WAGES, TAXES & BENEFITS",Northstar Payroll Services,-83407.33,ACH Payment,6000,"Salaries, Wages & Benefits",Expense,USD,1.0,-83407.33,Matched,PR-202606,True,,342451.8
800651,2026-06-28,2026-06,NWC,Northwind Cargo B.V.,Operating Bank - Main,****9105,ING Zakelijk,"NORTHSTAR PAYROLL - WAGES, TAXES & BENEFITS",Northstar Payroll Services,-62719.35,ACH Payment,6000,"Salaries, Wages & Benefits",Expense,EUR,1.09,-68364.09,Matched,PR-202606,True,,2534644.2
800674,2026-06-30,2026-06,APX,Apex Warehousing LLC,Operating Bank - Main,****5560,First Meridian Bank,BANK ANALYSIS & MERCHANT SERVICE CHARGES,First Meridian Bank,-4442.73,Service Charge,6600,Bank Fees & Merchant Charges,Expense,USD,1.0,-4442.73,Matched,SVC,True,,2339073.87
800672,2026-06-30,2026-06,CFS,Cascade Freight Systems Inc,Operating Bank - Main,****2298,Cascade Regional Bank,BANK ANALYSIS & MERCHANT SERVICE CHARGES,Cascade Regional Bank,-8108.02,Service Charge,6600,Bank Fees & Merchant Charges,Expense,USD,1.0,-8108.02,Matched,SVC,True,,1584422.9
800670,2026-06-30,2026-06,MHG,Meridian Holdings Group LLC,Operating Bank - Main,****4021,First Meridian Bank,BANK ANALYSIS & MERCHANT SERVICE CHARGES,First Meridian Bank,-7035.62,Service Charge,6600,Bank Fees & Merchant Charges,Expense,USD,1.0,-7035.62,Matched,SVC,True,,-1561061.31
800671,2026-06-30,2026-06,MLG,Meridian Logistics LLC,Operating Bank - Main,****7734,First Meridian Bank,BANK ANALYSIS & MERCHANT SERVICE CHARGES,First Meridian Bank,-8664.19,Service Charge,6600,Bank Fees & Merchant Charges,Expense,USD,1.0,-8664.19,Matched,SVC,True,,333787.61
800673,2026-06-30,2026-06,NWC,Northwind Cargo B.V.,Operating Bank - Main,****9105,ING Zakelijk,BANK ANALYSIS & MERCHANT SERVICE CHARGES,ING Zakelijk,-10399.83,Service Charge,6600,Bank Fees & Merchant Charges,Expense,EUR,1.09,-11335.82,Matched,SVC,True,,2524244.37
