Id,DocNumber,TxnDate,DueDate,Period,Entity,EntityName,CustomerRef_value,CustomerRef_name,CustomerIndustry,ItemRef_value,ItemRef_name,Sku,Description,Qty,UnitPrice,IncomeAccountNum,IncomeAccountName,ServiceLine,CurrencyRef_value,CurrencyRef_name,ExchangeRate,TotalAmt,TotalAmtUSD,Balance,Status,SalesTermRef_name,PaymentDate,DaysToPay,DaysOutstanding,BillEmail_Address,BillAddr_Line1,BillAddr_City,BillAddr_Country,PrintStatus,EmailStatus,PrivateNote,domain,sparse,SyncToken
5001,1001,2024-07-11,2024-08-25,2024-07,MLG,Meridian Logistics LLC,2001,Vantage Consumer Brands,CPG,4017,Last Mile Delivery Program,LM-DEL-ST,Last Mile Delivery Program - 2024-07,2,65338.57,4060,Revenue - Last Mile Delivery,Last Mile Delivery,USD,US Dollar,1.0,130677.14,130677.14,0.0,Paid,Net 45,2024-08-29,49,,angela.nowak@vantageconsumerbrands.com,"7611 Oak Ave, Suite 587",Memphis,USA,NotSet,EmailSent,,QBO,False,0
5002,1002,2024-07-09,2024-08-08,2024-07,MLG,Meridian Logistics LLC,2002,Ironbridge Manufacturing,Industrial,4000,Freight Brokerage - Standard,FRT-BRK-STD,Freight Brokerage - Standard - 2024-07,3,37678.26,4000,Revenue - Freight Brokerage,Freight Brokerage,USD,US Dollar,1.0,113034.78,113034.78,0.0,Paid,Net 30,2024-08-05,27,,lena.sandoval@ironbridgemanufacturing.com,"5482 Oak Ave, Suite 181",Columbus,USA,NotSet,EmailSent,,QBO,False,0
5003,1003,2024-07-24,2024-08-08,2024-07,MLG,Meridian Logistics LLC,2006,Kestrel Auto Components,Automotive,4021,Freight Bill Audit & Pay,SVC-AUDIT,Freight Bill Audit & Pay - 2024-07,2,36842.57,4090,Revenue - Software & Data Services,Software & Data Services,USD,US Dollar,1.0,73685.14,73685.14,0.0,Paid,Net 15,2024-08-16,23,,nora.vasquez@kestrelautocomponents.com,"4140 Industrial Pkwy, Suite 748",Newark,USA,NotSet,EmailSent,,QBO,False,0
5004,1004,2024-07-05,2024-08-19,2024-07,MLG,Meridian Logistics LLC,2008,Halcyon Beverage Co,Beverage,4021,Freight Bill Audit & Pay,SVC-AUDIT,Freight Bill Audit & Pay - 2024-07,1,65855.27,4090,Revenue - Software & Data Services,Software & Data Services,USD,US Dollar,1.0,65855.27,65855.27,0.0,Paid,Net 45,2024-09-01,58,,rachel.mensah@halcyonbeverageco.com,"9866 Terminal Way, Suite 792",Dallas,USA,NotSet,EmailSent,,QBO,False,0
5005,1005,2024-07-16,2024-09-14,2024-07,MLG,Meridian Logistics LLC,2013,Summit Medical Supply,Healthcare,4008,LTL Consolidation - Lane Program,LTL-CON-LN,LTL Consolidation - Lane Program - 2024-07,3,19292.68,4020,Revenue - LTL Consolidation,LTL Consolidation,USD,US Dollar,1.0,57878.04,57878.04,0.0,Paid,Net 60,2024-09-14,60,,rachel.whitfield@summitmedicalsupply.com,"3309 Terminal Way, Suite 763",Atlanta,USA,NotSet,EmailSent,,QBO,False,0
5006,1006,2024-07-11,2024-08-10,2024-07,MLG,Meridian Logistics LLC,2017,Onyx Packaging Systems,Packaging,4017,Last Mile Delivery Program,LM-DEL-ST,Last Mile Delivery Program - 2024-07,3,15704.72,4060,Revenue - Last Mile Delivery,Last Mile Delivery,USD,US Dollar,1.0,47114.16,47114.16,0.0,Paid,Net 30,2024-08-08,28,,nora.kowalczyk@onyxpackagingsystems.com,"7811 Commerce Dr, Suite 219",Phoenix,USA,NotSet,EmailSent,,QBO,False,0
5007,1007,2024-07-02,2024-08-01,2024-07,MLG,Meridian Logistics LLC,2023,Atlas Bearing Works,Industrial,4017,Last Mile Delivery Program,LM-DEL-ST,Last Mile Delivery Program - 2024-07,3,15362.14,4060,Revenue - Last Mile Delivery,Last Mile Delivery,USD,US Dollar,1.0,46086.42,46086.42,0.0,Paid,Net 30,2024-07-29,27,,claire.ashworth@atlasbearingworks.com,"1081 Commerce Dr, Suite 448",Dallas,USA,NotSet,EmailSent,,QBO,False,0
5008,1008,2024-07-27,2024-09-10,2024-07,CFS,Cascade Freight Systems Inc,2003,Northline Grocers Co-op,Grocery,4003,Intermodal Rail Program,SVC-RAIL,Intermodal Rail Program - 2024-07,2,52860.64,4000,Revenue - Freight Brokerage,Freight Brokerage,USD,US Dollar,1.0,105721.28,105721.28,0.0,Paid,Net 45,2024-09-20,55,,nora.moreau@northlinegrocerscoop.com,"2276 Commerce Dr, Suite 756",Memphis,USA,NotSet,EmailSent,,QBO,False,0
5009,1009,2024-07-28,2024-08-12,2024-07,CFS,Cascade Freight Systems Inc,2007,Redstone Building Supply,Construction,4006,Dedicated Fleet - Monthly Contract,DED-FLT-MO,Dedicated Fleet - Monthly Contract - 2024-07,3,20092.56,4010,Revenue - Dedicated Fleet,Dedicated Fleet,USD,US Dollar,1.0,60277.68,60277.68,0.0,Paid,Net 15,2024-08-14,17,,victor.marchetti@redstonebuildingsupply.com,"8435 Commerce Dr, Suite 324",Memphis,USA,NotSet,EmailSent,,QBO,False,0
5010,1010,2024-07-08,2024-08-22,2024-07,CFS,Cascade Freight Systems Inc,2011,Meadowvale Farms,Agriculture,4004,Flatbed & Oversize Transport,SVC-FLAT,Flatbed & Oversize Transport - 2024-07,3,16631.73,4000,Revenue - Freight Brokerage,Freight Brokerage,USD,US Dollar,1.0,49895.19,49895.19,0.0,Paid,Net 45,2024-08-15,38,,naomi.kowalczyk@meadowvalefarms.com,"7551 Terminal Way, Suite 176",Charlotte,USA,NotSet,EmailSent,,QBO,False,0
5011,1011,2024-07-17,2024-08-31,2024-07,CFS,Cascade Freight Systems Inc,2015,Copperfield Chemicals,Chemicals,4005,Refrigerated Truckload,SVC-REEF,Refrigerated Truckload - 2024-07,3,14643.57,4000,Revenue - Freight Brokerage,Freight Brokerage,USD,US Dollar,1.0,43930.71,43930.71,0.0,Paid,Net 45,2024-09-19,64,,devon.vandermeer@copperfieldchemicals.com,"6069 Commerce Dr, Suite 265",Columbus,USA,NotSet,EmailSent,,QBO,False,0
5012,1012,2024-07-26,2024-08-25,2024-07,CFS,Cascade Freight Systems Inc,2018,Ferrous Metals Trading,Metals,4007,Driver Leasing Program,SVC-DRIVE,Driver Leasing Program - 2024-07,3,14689.91,4010,Revenue - Dedicated Fleet,Dedicated Fleet,USD,US Dollar,1.0,44069.73,44069.73,0.0,Paid,Net 30,2024-08-30,35,,naomi.ellsworth@ferrousmetalstrading.com,"2584 Havenweg, Suite 861",Memphis,USA,NotSet,EmailSent,,QBO,False,0
5013,1013,2024-07-28,2024-09-11,2024-07,CFS,Cascade Freight Systems Inc,2021,Highmark Steel Service,Metals,4004,Flatbed & Oversize Transport,SVC-FLAT,Flatbed & Oversize Transport - 2024-07,2,20883.74,4000,Revenue - Freight Brokerage,Freight Brokerage,USD,US Dollar,1.0,41767.48,41767.48,0.0,Paid,Net 45,2024-09-17,51,,claire.vandermeer@highmarksteelservice.com,"9247 Oak Ave, Suite 708",Charlotte,USA,NotSet,EmailSent,,QBO,False,0
5014,1014,2024-07-03,2024-08-02,2024-07,NWC,Northwind Cargo B.V.,2000,Global Retail Partners,Retail,4002,Port Drayage Program,SVC-DRAY,Port Drayage Program - 2024-07,1,107166.74,4000,Revenue - Freight Brokerage,Freight Brokerage,EUR,Euro,1.09,107166.74,116811.75,0.0,Paid,Net 30,2024-07-26,23,,nora.solberg@globalretailpartners.com,"9059 Terminal Way, Suite 304",Antwerp,NLD,NotSet,EmailSent,,QBO,False,0
5015,1015,2024-07-28,2024-08-27,2024-07,NWC,Northwind Cargo B.V.,2004,Vertex Pharma Distribution,Pharma,4001,Freight Brokerage - International,FRT-BRK-INT,Freight Brokerage - International - 2024-07,3,16848.17,4000,Revenue - Freight Brokerage,Freight Brokerage,EUR,Euro,1.09,50544.51,55093.52,0.0,Paid,Net 30,2024-09-14,48,,devon.devereaux@vertexpharmadistribution.com,"1824 Cedar Ln, Suite 759",Antwerp,NLD,NotSet,EmailSent,,QBO,False,0
5016,1016,2024-07-08,2024-08-22,2024-07,NWC,Northwind Cargo B.V.,2009,Cobalt Electronics,Electronics,4015,Customs Entry & Clearance,CUS-ENTRY,Customs Entry & Clearance - 2024-07,1,32728.83,4050,Revenue - Customs & Compliance,Customs & Compliance,EUR,Euro,1.09,32728.83,35674.42,0.0,Paid,Net 45,2024-08-18,41,,owen.marchetti@cobaltelectronics.com,"4170 Cedar Ln, Suite 138",Hamburg,NLD,NotSet,EmailSent,,QBO,False,0
5017,1017,2024-07-11,2024-08-25,2024-07,NWC,Northwind Cargo B.V.,2010,Aurora Textiles Group,Apparel,4020,TMS Platform Subscription,SW-TMS-SEAT,TMS Platform Subscription - 2024-07,3,9174.81,4090,Revenue - Software & Data Services,Software & Data Services,EUR,Euro,1.09,27524.43,30001.63,0.0,Paid,Net 45,2024-08-25,45,,bianca.moreau@auroratextilesgroup.com,"5223 Oak Ave, Suite 555",Hamburg,NLD,NotSet,EmailSent,,QBO,False,0
5018,1018,2024-07-04,2024-08-03,2024-07,NWC,Northwind Cargo B.V.,2014,Polaris Cold Chain,Food,4002,Port Drayage Program,SVC-DRAY,Port Drayage Program - 2024-07,1,29030.9,4000,Revenue - Freight Brokerage,Freight Brokerage,EUR,Euro,1.09,29030.9,31643.68,0.0,Paid,Net 30,2024-08-04,31,,marcus.lindqvist@polariscoldchain.com,"3723 Cedar Ln, Suite 328",Duisburg,NLD,NotSet,EmailSent,,QBO,False,0
5019,1019,2024-07-21,2024-08-05,2024-07,NWC,Northwind Cargo B.V.,2020,Volta Battery Systems,Electronics,4001,Freight Brokerage - International,FRT-BRK-INT,Freight Brokerage - International - 2024-07,1,24893.9,4000,Revenue - Freight Brokerage,Freight Brokerage,EUR,Euro,1.09,24893.9,27134.35,0.0,Paid,Net 15,2024-07-22,1,,bianca.nowak@voltabatterysystems.com,"3100 Cedar Ln, Suite 400",Lyon,NLD,NotSet,EmailSent,,QBO,False,0
5020,1020,2024-07-11,2024-09-09,2024-07,APX,Apex Warehousing LLC,2005,Solstice Home Goods,Retail,4009,Cross-Dock Handling,SVC-CROSS,Cross-Dock Handling - 2024-07,2,29406.67,4020,Revenue - LTL Consolidation,LTL Consolidation,USD,US Dollar,1.0,58813.34,58813.34,0.0,Paid,Net 60,2024-08-31,51,,ingrid.whitfield@solsticehomegoods.com,"7197 Commerce Dr, Suite 618",Columbus,USA,NotSet,EmailSent,,QBO,False,0
5021,1021,2024-07-15,2024-08-14,2024-07,APX,Apex Warehousing LLC,2012,Pinnacle Sports Supply,Retail,4011,Cold Storage - Pallet Positions,WHS-COLD,Cold Storage - Pallet Positions - 2024-07,1,34355.65,4030,Revenue - Warehousing & Storage,Warehousing & Storage,USD,US Dollar,1.0,34355.65,34355.65,0.0,Paid,Net 30,2024-08-27,43,,marcus.okafor@pinnaclesportssupply.com,"9301 Industrial Pkwy, Suite 741",Dallas,USA,NotSet,EmailSent,,QBO,False,0
5022,1022,2024-07-24,2024-08-23,2024-07,APX,Apex Warehousing LLC,2016,Trailhead Outdoor Gear,Retail,4011,Cold Storage - Pallet Positions,WHS-COLD,Cold Storage - Pallet Positions - 2024-07,1,31639.41,4030,Revenue - Warehousing & Storage,Warehousing & Storage,USD,US Dollar,1.0,31639.41,31639.41,0.0,Paid,Net 30,2024-08-16,23,,grant.delacroix@trailheadoutdoorgear.com,"3067 Industrial Pkwy, Suite 158",Seattle,USA,NotSet,EmailSent,,QBO,False,0
5023,1023,2024-07-13,2024-07-28,2024-07,APX,Apex Warehousing LLC,2019,Silverline Appliances,Appliances,4013,Fulfillment - Pick & Pack,FUL-PICK,Fulfillment - Pick & Pack - 2024-07,2,13415.17,4040,Revenue - Fulfillment & Pick-Pack,Fulfillment & Pick-Pack,USD,US Dollar,1.0,26830.34,26830.34,0.0,Paid,Net 15,2024-08-04,22,,naomi.kowalczyk@silverlineappliances.com,"3450 Havenweg, Suite 419",Columbus,USA,NotSet,EmailSent,,QBO,False,0
5024,1024,2024-07-26,2024-08-10,2024-07,APX,Apex Warehousing LLC,2022,Lumina Cosmetics,Beauty,4010,Warehousing - Pallet Positions,WHS-STOR-PAL,Warehousing - Pallet Positions - 2024-07,2,13482.06,4030,Revenue - Warehousing & Storage,Warehousing & Storage,USD,US Dollar,1.0,26964.12,26964.12,0.0,Paid,Net 15,2024-08-11,16,,helena.mendez@luminacosmetics.com,"3400 Havenweg, Suite 247",Atlanta,USA,NotSet,EmailSent,,QBO,False,0
5025,1025,2024-08-23,2024-10-07,2024-08,MLG,Meridian Logistics LLC,2001,Vantage Consumer Brands,CPG,4017,Last Mile Delivery Program,LM-DEL-ST,Last Mile Delivery Program - 2024-08,2,66035.83,4060,Revenue - Last Mile Delivery,Last Mile Delivery,USD,US Dollar,1.0,132071.66,132071.66,0.0,Paid,Net 45,2024-10-29,67,,angela.nowak@vantageconsumerbrands.com,"7611 Oak Ave, Suite 587",Memphis,USA,NotSet,EmailSent,,QBO,False,0
5026,1026,2024-08-15,2024-09-14,2024-08,MLG,Meridian Logistics LLC,2002,Ironbridge Manufacturing,Industrial,4000,Freight Brokerage - Standard,FRT-BRK-STD,Freight Brokerage - Standard - 2024-08,2,61277.79,4000,Revenue - Freight Brokerage,Freight Brokerage,USD,US Dollar,1.0,122555.58,122555.58,0.0,Paid,Net 30,2024-09-16,32,,lena.sandoval@ironbridgemanufacturing.com,"5482 Oak Ave, Suite 181",Columbus,USA,NotSet,EmailSent,,QBO,False,0
5027,1027,2024-08-09,2024-08-24,2024-08,MLG,Meridian Logistics LLC,2006,Kestrel Auto Components,Automotive,4021,Freight Bill Audit & Pay,SVC-AUDIT,Freight Bill Audit & Pay - 2024-08,3,24829.78,4090,Revenue - Software & Data Services,Software & Data Services,USD,US Dollar,1.0,74489.34,74489.34,0.0,Paid,Net 15,2024-08-27,18,,nora.vasquez@kestrelautocomponents.com,"4140 Industrial Pkwy, Suite 748",Newark,USA,NotSet,EmailSent,,QBO,False,0
5028,1028,2024-08-18,2024-10-02,2024-08,MLG,Meridian Logistics LLC,2008,Halcyon Beverage Co,Beverage,4021,Freight Bill Audit & Pay,SVC-AUDIT,Freight Bill Audit & Pay - 2024-08,1,64877.78,4090,Revenue - Software & Data Services,Software & Data Services,USD,US Dollar,1.0,64877.78,64877.78,0.0,Paid,Net 45,2024-10-01,44,,rachel.mensah@halcyonbeverageco.com,"9866 Terminal Way, Suite 792",Dallas,USA,NotSet,EmailSent,,QBO,False,0
5029,1029,2024-08-24,2024-10-23,2024-08,MLG,Meridian Logistics LLC,2013,Summit Medical Supply,Healthcare,4008,LTL Consolidation - Lane Program,LTL-CON-LN,LTL Consolidation - Lane Program - 2024-08,2,32273.03,4020,Revenue - LTL Consolidation,LTL Consolidation,USD,US Dollar,1.0,64546.06,64546.06,0.0,Paid,Net 60,2024-11-06,74,,rachel.whitfield@summitmedicalsupply.com,"3309 Terminal Way, Suite 763",Atlanta,USA,NotSet,EmailSent,,QBO,False,0
5030,1030,2024-08-09,2024-09-08,2024-08,MLG,Meridian Logistics LLC,2017,Onyx Packaging Systems,Packaging,4017,Last Mile Delivery Program,LM-DEL-ST,Last Mile Delivery Program - 2024-08,3,16596.17,4060,Revenue - Last Mile Delivery,Last Mile Delivery,USD,US Dollar,1.0,49788.51,49788.51,0.0,Paid,Net 30,2024-09-09,31,,nora.kowalczyk@onyxpackagingsystems.com,"7811 Commerce Dr, Suite 219",Phoenix,USA,NotSet,EmailSent,,QBO,False,0
5031,1031,2024-08-13,2024-09-12,2024-08,MLG,Meridian Logistics LLC,2023,Atlas Bearing Works,Industrial,4017,Last Mile Delivery Program,LM-DEL-ST,Last Mile Delivery Program - 2024-08,3,15234.32,4060,Revenue - Last Mile Delivery,Last Mile Delivery,USD,US Dollar,1.0,45702.96,45702.96,0.0,Paid,Net 30,2024-09-19,37,,claire.ashworth@atlasbearingworks.com,"1081 Commerce Dr, Suite 448",Dallas,USA,NotSet,EmailSent,,QBO,False,0
5032,1032,2024-08-07,2024-09-21,2024-08,CFS,Cascade Freight Systems Inc,2003,Northline Grocers Co-op,Grocery,4003,Intermodal Rail Program,SVC-RAIL,Intermodal Rail Program - 2024-08,1,109645.85,4000,Revenue - Freight Brokerage,Freight Brokerage,USD,US Dollar,1.0,109645.85,109645.85,0.0,Paid,Net 45,2024-09-23,47,,nora.moreau@northlinegrocerscoop.com,"2276 Commerce Dr, Suite 756",Memphis,USA,NotSet,EmailSent,,QBO,False,0
5033,1033,2024-08-27,2024-09-11,2024-08,CFS,Cascade Freight Systems Inc,2007,Redstone Building Supply,Construction,4006,Dedicated Fleet - Monthly Contract,DED-FLT-MO,Dedicated Fleet - Monthly Contract - 2024-08,3,19071.08,4010,Revenue - Dedicated Fleet,Dedicated Fleet,USD,US Dollar,1.0,57213.24,57213.24,0.0,Paid,Net 15,2024-09-18,22,,victor.marchetti@redstonebuildingsupply.com,"8435 Commerce Dr, Suite 324",Memphis,USA,NotSet,EmailSent,,QBO,False,0
5034,1034,2024-08-20,2024-10-04,2024-08,CFS,Cascade Freight Systems Inc,2011,Meadowvale Farms,Agriculture,4004,Flatbed & Oversize Transport,SVC-FLAT,Flatbed & Oversize Transport - 2024-08,3,17095.91,4000,Revenue - Freight Brokerage,Freight Brokerage,USD,US Dollar,1.0,51287.73,51287.73,0.0,Paid,Net 45,2024-10-12,53,,naomi.kowalczyk@meadowvalefarms.com,"7551 Terminal Way, Suite 176",Charlotte,USA,NotSet,EmailSent,,QBO,False,0
5035,1035,2024-08-11,2024-09-25,2024-08,CFS,Cascade Freight Systems Inc,2015,Copperfield Chemicals,Chemicals,4005,Refrigerated Truckload,SVC-REEF,Refrigerated Truckload - 2024-08,2,21708.38,4000,Revenue - Freight Brokerage,Freight Brokerage,USD,US Dollar,1.0,43416.76,43416.76,0.0,Paid,Net 45,2024-09-24,44,,devon.vandermeer@copperfieldchemicals.com,"6069 Commerce Dr, Suite 265",Columbus,USA,NotSet,EmailSent,,QBO,False,0
5036,1036,2024-08-21,2024-09-20,2024-08,CFS,Cascade Freight Systems Inc,2018,Ferrous Metals Trading,Metals,4007,Driver Leasing Program,SVC-DRIVE,Driver Leasing Program - 2024-08,1,53250.24,4010,Revenue - Dedicated Fleet,Dedicated Fleet,USD,US Dollar,1.0,53250.24,53250.24,0.0,Paid,Net 30,2024-09-14,24,,naomi.ellsworth@ferrousmetalstrading.com,"2584 Havenweg, Suite 861",Memphis,USA,NotSet,EmailSent,,QBO,False,0
5037,1037,2024-08-21,2024-10-05,2024-08,CFS,Cascade Freight Systems Inc,2021,Highmark Steel Service,Metals,4004,Flatbed & Oversize Transport,SVC-FLAT,Flatbed & Oversize Transport - 2024-08,1,43405.72,4000,Revenue - Freight Brokerage,Freight Brokerage,USD,US Dollar,1.0,43405.72,43405.72,0.0,Paid,Net 45,2024-10-09,49,,claire.vandermeer@highmarksteelservice.com,"9247 Oak Ave, Suite 708",Charlotte,USA,NotSet,EmailSent,,QBO,False,0
5038,1038,2024-08-24,2024-09-23,2024-08,NWC,Northwind Cargo B.V.,2000,Global Retail Partners,Retail,4002,Port Drayage Program,SVC-DRAY,Port Drayage Program - 2024-08,1,117025.02,4000,Revenue - Freight Brokerage,Freight Brokerage,EUR,Euro,1.09,117025.02,127557.27,0.0,Paid,Net 30,2024-09-16,23,,nora.solberg@globalretailpartners.com,"9059 Terminal Way, Suite 304",Antwerp,NLD,NotSet,EmailSent,,QBO,False,0
5039,1039,2024-08-15,2024-09-14,2024-08,NWC,Northwind Cargo B.V.,2004,Vertex Pharma Distribution,Pharma,4001,Freight Brokerage - International,FRT-BRK-INT,Freight Brokerage - International - 2024-08,2,27949.69,4000,Revenue - Freight Brokerage,Freight Brokerage,EUR,Euro,1.09,55899.38,60930.32,0.0,Paid,Net 30,2024-09-11,27,,devon.devereaux@vertexpharmadistribution.com,"1824 Cedar Ln, Suite 759",Antwerp,NLD,NotSet,EmailSent,,QBO,False,0
5040,1040,2024-08-25,2024-10-09,2024-08,NWC,Northwind Cargo B.V.,2009,Cobalt Electronics,Electronics,4015,Customs Entry & Clearance,CUS-ENTRY,Customs Entry & Clearance - 2024-08,2,17322.81,4050,Revenue - Customs & Compliance,Customs & Compliance,EUR,Euro,1.09,34645.62,37763.73,0.0,Paid,Net 45,2024-10-31,67,,owen.marchetti@cobaltelectronics.com,"4170 Cedar Ln, Suite 138",Hamburg,NLD,NotSet,EmailSent,,QBO,False,0
5041,1041,2024-08-20,2024-10-04,2024-08,NWC,Northwind Cargo B.V.,2010,Aurora Textiles Group,Apparel,4020,TMS Platform Subscription,SW-TMS-SEAT,TMS Platform Subscription - 2024-08,2,15646.77,4090,Revenue - Software & Data Services,Software & Data Services,EUR,Euro,1.09,31293.54,34109.96,0.0,Paid,Net 45,2024-09-30,41,,bianca.moreau@auroratextilesgroup.com,"5223 Oak Ave, Suite 555",Hamburg,NLD,NotSet,EmailSent,,QBO,False,0
5042,1042,2024-08-28,2024-09-27,2024-08,NWC,Northwind Cargo B.V.,2014,Polaris Cold Chain,Food,4002,Port Drayage Program,SVC-DRAY,Port Drayage Program - 2024-08,3,11045.6,4000,Revenue - Freight Brokerage,Freight Brokerage,EUR,Euro,1.09,33136.8,36119.11,0.0,Paid,Net 30,2024-09-18,21,,marcus.lindqvist@polariscoldchain.com,"3723 Cedar Ln, Suite 328",Duisburg,NLD,NotSet,EmailSent,,QBO,False,0
5043,1043,2024-08-27,2024-09-11,2024-08,NWC,Northwind Cargo B.V.,2020,Volta Battery Systems,Electronics,4001,Freight Brokerage - International,FRT-BRK-INT,Freight Brokerage - International - 2024-08,1,26648.52,4000,Revenue - Freight Brokerage,Freight Brokerage,EUR,Euro,1.09,26648.52,29046.89,0.0,Paid,Net 15,2024-09-15,19,,bianca.nowak@voltabatterysystems.com,"3100 Cedar Ln, Suite 400",Lyon,NLD,NotSet,EmailSent,,QBO,False,0
5044,1044,2024-08-07,2024-10-06,2024-08,APX,Apex Warehousing LLC,2005,Solstice Home Goods,Retail,4009,Cross-Dock Handling,SVC-CROSS,Cross-Dock Handling - 2024-08,3,20191.51,4020,Revenue - LTL Consolidation,LTL Consolidation,USD,US Dollar,1.0,60574.53,60574.53,0.0,Paid,Net 60,2024-10-03,57,,ingrid.whitfield@solsticehomegoods.com,"7197 Commerce Dr, Suite 618",Columbus,USA,NotSet,EmailSent,,QBO,False,0
5045,1045,2024-08-02,2024-09-01,2024-08,APX,Apex Warehousing LLC,2012,Pinnacle Sports Supply,Retail,4011,Cold Storage - Pallet Positions,WHS-COLD,Cold Storage - Pallet Positions - 2024-08,1,37804.85,4030,Revenue - Warehousing & Storage,Warehousing & Storage,USD,US Dollar,1.0,37804.85,37804.85,0.0,Paid,Net 30,2024-09-09,38,,marcus.okafor@pinnaclesportssupply.com,"9301 Industrial Pkwy, Suite 741",Dallas,USA,NotSet,EmailSent,,QBO,False,0
5046,1046,2024-08-18,2024-09-17,2024-08,APX,Apex Warehousing LLC,2016,Trailhead Outdoor Gear,Retail,4011,Cold Storage - Pallet Positions,WHS-COLD,Cold Storage - Pallet Positions - 2024-08,1,32678.62,4030,Revenue - Warehousing & Storage,Warehousing & Storage,USD,US Dollar,1.0,32678.62,32678.62,0.0,Paid,Net 30,2024-09-21,34,,grant.delacroix@trailheadoutdoorgear.com,"3067 Industrial Pkwy, Suite 158",Seattle,USA,NotSet,EmailSent,,QBO,False,0
5047,1047,2024-08-27,2024-09-11,2024-08,APX,Apex Warehousing LLC,2019,Silverline Appliances,Appliances,4013,Fulfillment - Pick & Pack,FUL-PICK,Fulfillment - Pick & Pack - 2024-08,2,14522.58,4040,Revenue - Fulfillment & Pick-Pack,Fulfillment & Pick-Pack,USD,US Dollar,1.0,29045.16,29045.16,0.0,Paid,Net 15,2024-08-30,3,,naomi.kowalczyk@silverlineappliances.com,"3450 Havenweg, Suite 419",Columbus,USA,NotSet,EmailSent,,QBO,False,0
5048,1048,2024-08-28,2024-09-12,2024-08,APX,Apex Warehousing LLC,2022,Lumina Cosmetics,Beauty,4010,Warehousing - Pallet Positions,WHS-STOR-PAL,Warehousing - Pallet Positions - 2024-08,3,9451.12,4030,Revenue - Warehousing & Storage,Warehousing & Storage,USD,US Dollar,1.0,28353.36,28353.36,0.0,Paid,Net 15,2024-09-21,24,,helena.mendez@luminacosmetics.com,"3400 Havenweg, Suite 247",Atlanta,USA,NotSet,EmailSent,,QBO,False,0
5049,1049,2024-09-25,2024-11-09,2024-09,MLG,Meridian Logistics LLC,2001,Vantage Consumer Brands,CPG,4017,Last Mile Delivery Program,LM-DEL-ST,Last Mile Delivery Program - 2024-09,3,34211.3,4060,Revenue - Last Mile Delivery,Last Mile Delivery,USD,US Dollar,1.0,102633.9,102633.9,0.0,Paid,Net 45,2024-11-06,42,,angela.nowak@vantageconsumerbrands.com,"7611 Oak Ave, Suite 587",Memphis,USA,NotSet,EmailSent,,QBO,False,0
5050,1050,2024-09-19,2024-10-19,2024-09,MLG,Meridian Logistics LLC,2002,Ironbridge Manufacturing,Industrial,4000,Freight Brokerage - Standard,FRT-BRK-STD,Freight Brokerage - Standard - 2024-09,1,97721.76,4000,Revenue - Freight Brokerage,Freight Brokerage,USD,US Dollar,1.0,97721.76,97721.76,0.0,Paid,Net 30,2024-10-17,28,,lena.sandoval@ironbridgemanufacturing.com,"5482 Oak Ave, Suite 181",Columbus,USA,NotSet,EmailSent,,QBO,False,0
5051,1051,2024-09-16,2024-10-01,2024-09,MLG,Meridian Logistics LLC,2006,Kestrel Auto Components,Automotive,4021,Freight Bill Audit & Pay,SVC-AUDIT,Freight Bill Audit & Pay - 2024-09,3,20747.15,4090,Revenue - Software & Data Services,Software & Data Services,USD,US Dollar,1.0,62241.45,62241.45,0.0,Paid,Net 15,2024-10-06,20,,nora.vasquez@kestrelautocomponents.com,"4140 Industrial Pkwy, Suite 748",Newark,USA,NotSet,EmailSent,,QBO,False,0
5052,1052,2024-09-03,2024-10-18,2024-09,MLG,Meridian Logistics LLC,2008,Halcyon Beverage Co,Beverage,4021,Freight Bill Audit & Pay,SVC-AUDIT,Freight Bill Audit & Pay - 2024-09,2,23359.56,4090,Revenue - Software & Data Services,Software & Data Services,USD,US Dollar,1.0,46719.12,46719.12,0.0,Paid,Net 45,2024-10-18,45,,rachel.mensah@halcyonbeverageco.com,"9866 Terminal Way, Suite 792",Dallas,USA,NotSet,EmailSent,,QBO,False,0
5053,1053,2024-09-11,2024-11-10,2024-09,MLG,Meridian Logistics LLC,2013,Summit Medical Supply,Healthcare,4008,LTL Consolidation - Lane Program,LTL-CON-LN,LTL Consolidation - Lane Program - 2024-09,3,16685.7,4020,Revenue - LTL Consolidation,LTL Consolidation,USD,US Dollar,1.0,50057.1,50057.1,0.0,Paid,Net 60,2024-11-19,69,,rachel.whitfield@summitmedicalsupply.com,"3309 Terminal Way, Suite 763",Atlanta,USA,NotSet,EmailSent,,QBO,False,0
5054,1054,2024-09-24,2024-10-24,2024-09,MLG,Meridian Logistics LLC,2017,Onyx Packaging Systems,Packaging,4017,Last Mile Delivery Program,LM-DEL-ST,Last Mile Delivery Program - 2024-09,2,18720.45,4060,Revenue - Last Mile Delivery,Last Mile Delivery,USD,US Dollar,1.0,37440.9,37440.9,0.0,Paid,Net 30,2024-10-18,24,,nora.kowalczyk@onyxpackagingsystems.com,"7811 Commerce Dr, Suite 219",Phoenix,USA,NotSet,EmailSent,,QBO,False,0
5055,1055,2024-09-26,2024-10-26,2024-09,MLG,Meridian Logistics LLC,2023,Atlas Bearing Works,Industrial,4017,Last Mile Delivery Program,LM-DEL-ST,Last Mile Delivery Program - 2024-09,3,12267.16,4060,Revenue - Last Mile Delivery,Last Mile Delivery,USD,US Dollar,1.0,36801.48,36801.48,0.0,Paid,Net 30,2024-10-23,27,,claire.ashworth@atlasbearingworks.com,"1081 Commerce Dr, Suite 448",Dallas,USA,NotSet,EmailSent,,QBO,False,0
5056,1056,2024-09-13,2024-10-13,2024-09,MLG,Meridian Logistics LLC,2027,Perigee Aerospace Parts,Aerospace,4008,LTL Consolidation - Lane Program,LTL-CON-LN,LTL Consolidation - Lane Program - 2024-09,2,96446.73,4020,Revenue - LTL Consolidation,LTL Consolidation,USD,US Dollar,1.0,192893.46,192893.46,0.0,Paid,Net 30,2024-10-14,31,,ingrid.bergstrom@perigeeaerospaceparts.com,"9548 Terminal Way, Suite 444",Columbus,USA,NotSet,EmailSent,,QBO,False,0
5057,1057,2024-09-13,2024-10-28,2024-09,CFS,Cascade Freight Systems Inc,2003,Northline Grocers Co-op,Grocery,4003,Intermodal Rail Program,SVC-RAIL,Intermodal Rail Program - 2024-09,2,25668.53,4000,Revenue - Freight Brokerage,Freight Brokerage,USD,US Dollar,1.0,51337.06,51337.06,0.0,Paid,Net 45,2024-10-15,32,,nora.moreau@northlinegrocerscoop.com,"2276 Commerce Dr, Suite 756",Memphis,USA,NotSet,EmailSent,,QBO,False,0
5058,1058,2024-09-11,2024-09-26,2024-09,CFS,Cascade Freight Systems Inc,2007,Redstone Building Supply,Construction,4006,Dedicated Fleet - Monthly Contract,DED-FLT-MO,Dedicated Fleet - Monthly Contract - 2024-09,3,9752.86,4010,Revenue - Dedicated Fleet,Dedicated Fleet,USD,US Dollar,1.0,29258.58,29258.58,0.0,Paid,Net 15,2024-09-24,13,,victor.marchetti@redstonebuildingsupply.com,"8435 Commerce Dr, Suite 324",Memphis,USA,NotSet,EmailSent,,QBO,False,0
5059,1059,2024-09-09,2024-10-24,2024-09,CFS,Cascade Freight Systems Inc,2011,Meadowvale Farms,Agriculture,4004,Flatbed & Oversize Transport,SVC-FLAT,Flatbed & Oversize Transport - 2024-09,1,23007.7,4000,Revenue - Freight Brokerage,Freight Brokerage,USD,US Dollar,1.0,23007.7,23007.7,0.0,Paid,Net 45,2024-10-28,49,,naomi.kowalczyk@meadowvalefarms.com,"7551 Terminal Way, Suite 176",Charlotte,USA,NotSet,EmailSent,,QBO,False,0
5060,1060,2024-09-27,2024-11-11,2024-09,CFS,Cascade Freight Systems Inc,2015,Copperfield Chemicals,Chemicals,4005,Refrigerated Truckload,SVC-REEF,Refrigerated Truckload - 2024-09,1,20957.3,4000,Revenue - Freight Brokerage,Freight Brokerage,USD,US Dollar,1.0,20957.3,20957.3,0.0,Paid,Net 45,2024-11-11,45,,devon.vandermeer@copperfieldchemicals.com,"6069 Commerce Dr, Suite 265",Columbus,USA,NotSet,EmailSent,,QBO,False,0
5061,1061,2024-09-18,2024-10-18,2024-09,CFS,Cascade Freight Systems Inc,2018,Ferrous Metals Trading,Metals,4007,Driver Leasing Program,SVC-DRIVE,Driver Leasing Program - 2024-09,2,10996.17,4010,Revenue - Dedicated Fleet,Dedicated Fleet,USD,US Dollar,1.0,21992.34,21992.34,0.0,Paid,Net 30,2024-11-01,44,,naomi.ellsworth@ferrousmetalstrading.com,"2584 Havenweg, Suite 861",Memphis,USA,NotSet,EmailSent,,QBO,False,0
5062,1062,2024-09-17,2024-11-01,2024-09,CFS,Cascade Freight Systems Inc,2021,Highmark Steel Service,Metals,4004,Flatbed & Oversize Transport,SVC-FLAT,Flatbed & Oversize Transport - 2024-09,3,7075.19,4000,Revenue - Freight Brokerage,Freight Brokerage,USD,US Dollar,1.0,21225.57,21225.57,0.0,Paid,Net 45,2024-11-02,46,,claire.vandermeer@highmarksteelservice.com,"9247 Oak Ave, Suite 708",Charlotte,USA,NotSet,EmailSent,,QBO,False,0
5063,1063,2024-09-02,2024-10-17,2024-09,CFS,Cascade Freight Systems Inc,2026,Quarry Stone Materials,Construction,4006,Dedicated Fleet - Monthly Contract,DED-FLT-MO,Dedicated Fleet - Monthly Contract - 2024-09,2,43118.11,4010,Revenue - Dedicated Fleet,Dedicated Fleet,USD,US Dollar,1.0,86236.22,86236.22,0.0,Paid,Net 45,2024-10-11,39,,maya.marchetti@quarrystonematerials.com,"391 Industrial Pkwy, Suite 896",Denver,USA,NotSet,EmailSent,,QBO,False,0
5064,1064,2024-09-07,2024-11-06,2024-09,CFS,Cascade Freight Systems Inc,2030,Bramblewood Nursery,Agriculture,4005,Refrigerated Truckload,SVC-REEF,Refrigerated Truckload - 2024-09,3,22588.32,4000,Revenue - Freight Brokerage,Freight Brokerage,USD,US Dollar,1.0,67764.96,67764.96,0.0,Paid,Net 60,2024-11-30,84,,lena.whitfield@bramblewoodnursery.com,"5093 Terminal Way, Suite 443",Newark,USA,NotSet,EmailSent,,QBO,False,0
5065,1065,2024-09-05,2024-10-05,2024-09,CFS,Cascade Freight Systems Inc,2033,Sparrow Lane Bakery,Food,4006,Dedicated Fleet - Monthly Contract,DED-FLT-MO,Dedicated Fleet - Monthly Contract - 2024-09,1,62663.05,4010,Revenue - Dedicated Fleet,Dedicated Fleet,USD,US Dollar,1.0,62663.05,62663.05,0.0,Paid,Net 30,2024-10-21,46,,elliot.bergstrom@sparrowlanebakery.com,"3301 Oak Ave, Suite 185",Denver,USA,NotSet,EmailSent,,QBO,False,0
5066,1066,2024-09-14,2024-10-14,2024-09,NWC,Northwind Cargo B.V.,2000,Global Retail Partners,Retail,4002,Port Drayage Program,SVC-DRAY,Port Drayage Program - 2024-09,3,17329.0,4000,Revenue - Freight Brokerage,Freight Brokerage,EUR,Euro,1.09,51987.0,56665.83,0.0,Paid,Net 30,2024-10-23,39,,nora.solberg@globalretailpartners.com,"9059 Terminal Way, Suite 304",Antwerp,NLD,NotSet,EmailSent,,QBO,False,0
5067,1067,2024-09-25,2024-10-25,2024-09,NWC,Northwind Cargo B.V.,2004,Vertex Pharma Distribution,Pharma,4001,Freight Brokerage - International,FRT-BRK-INT,Freight Brokerage - International - 2024-09,1,27485.68,4000,Revenue - Freight Brokerage,Freight Brokerage,EUR,Euro,1.09,27485.68,29959.39,0.0,Paid,Net 30,2024-10-31,36,,devon.devereaux@vertexpharmadistribution.com,"1824 Cedar Ln, Suite 759",Antwerp,NLD,NotSet,EmailSent,,QBO,False,0
5068,1068,2024-09-14,2024-10-29,2024-09,NWC,Northwind Cargo B.V.,2009,Cobalt Electronics,Electronics,4015,Customs Entry & Clearance,CUS-ENTRY,Customs Entry & Clearance - 2024-09,3,6054.26,4050,Revenue - Customs & Compliance,Customs & Compliance,EUR,Euro,1.09,18162.78,19797.43,0.0,Paid,Net 45,2024-11-12,59,,owen.marchetti@cobaltelectronics.com,"4170 Cedar Ln, Suite 138",Hamburg,NLD,NotSet,EmailSent,,QBO,False,0
5069,1069,2024-09-14,2024-10-29,2024-09,NWC,Northwind Cargo B.V.,2010,Aurora Textiles Group,Apparel,4020,TMS Platform Subscription,SW-TMS-SEAT,TMS Platform Subscription - 2024-09,1,14202.95,4090,Revenue - Software & Data Services,Software & Data Services,EUR,Euro,1.09,14202.95,15481.22,0.0,Paid,Net 45,2024-11-06,53,,bianca.moreau@auroratextilesgroup.com,"5223 Oak Ave, Suite 555",Hamburg,NLD,NotSet,EmailSent,,QBO,False,0
5070,1070,2024-09-08,2024-10-08,2024-09,NWC,Northwind Cargo B.V.,2014,Polaris Cold Chain,Food,4002,Port Drayage Program,SVC-DRAY,Port Drayage Program - 2024-09,1,15968.4,4000,Revenue - Freight Brokerage,Freight Brokerage,EUR,Euro,1.09,15968.4,17405.56,0.0,Paid,Net 30,2024-10-14,36,,marcus.lindqvist@polariscoldchain.com,"3723 Cedar Ln, Suite 328",Duisburg,NLD,NotSet,EmailSent,,QBO,False,0
5071,1071,2024-09-13,2024-09-28,2024-09,NWC,Northwind Cargo B.V.,2020,Volta Battery Systems,Electronics,4001,Freight Brokerage - International,FRT-BRK-INT,Freight Brokerage - International - 2024-09,3,4479.02,4000,Revenue - Freight Brokerage,Freight Brokerage,EUR,Euro,1.09,13437.06,14646.4,0.0,Paid,Net 15,2024-10-17,34,,bianca.nowak@voltabatterysystems.com,"3100 Cedar Ln, Suite 400",Lyon,NLD,NotSet,EmailSent,,QBO,False,0
5072,1072,2024-09-11,2024-11-10,2024-09,NWC,Northwind Cargo B.V.,2024,Beacon Optics,Electronics,4002,Port Drayage Program,SVC-DRAY,Port Drayage Program - 2024-09,3,23607.28,4000,Revenue - Freight Brokerage,Freight Brokerage,EUR,Euro,1.09,70821.84,77195.81,0.0,Paid,Net 60,2024-11-17,67,,ingrid.kowalczyk@beaconoptics.com,"6358 Commerce Dr, Suite 439",Barcelona,NLD,NotSet,EmailSent,,QBO,False,0
5073,1073,2024-09-13,2024-10-28,2024-09,NWC,Northwind Cargo B.V.,2028,Nordvik Frozen Foods,Food,4001,Freight Brokerage - International,FRT-BRK-INT,Freight Brokerage - International - 2024-09,1,54901.31,4000,Revenue - Freight Brokerage,Freight Brokerage,EUR,Euro,1.09,54901.31,59842.43,0.0,Paid,Net 45,2024-10-30,47,,owen.delacroix@nordvikfrozenfoods.com,"8980 Oak Ave, Suite 942",Lyon,NLD,NotSet,EmailSent,,QBO,False,0
5074,1074,2024-09-09,2024-09-24,2024-09,NWC,Northwind Cargo B.V.,2032,Emberline Ceramics,Ceramics,4016,Trade Compliance Program,CUS-COMP,Trade Compliance Program - 2024-09,1,42246.17,4050,Revenue - Customs & Compliance,Customs & Compliance,EUR,Euro,1.09,42246.17,46048.33,0.0,Paid,Net 15,2024-10-09,30,,owen.whitfield@emberlineceramics.com,"1700 Commerce Dr, Suite 634",Antwerp,NLD,NotSet,EmailSent,,QBO,False,0
5075,1075,2024-09-22,2024-11-21,2024-09,APX,Apex Warehousing LLC,2005,Solstice Home Goods,Retail,4009,Cross-Dock Handling,SVC-CROSS,Cross-Dock Handling - 2024-09,3,7452.79,4020,Revenue - LTL Consolidation,LTL Consolidation,USD,US Dollar,1.0,22358.37,22358.37,0.0,Paid,Net 60,2024-11-29,68,,ingrid.whitfield@solsticehomegoods.com,"7197 Commerce Dr, Suite 618",Columbus,USA,NotSet,EmailSent,,QBO,False,0
5076,1076,2024-09-06,2024-10-06,2024-09,APX,Apex Warehousing LLC,2012,Pinnacle Sports Supply,Retail,4011,Cold Storage - Pallet Positions,WHS-COLD,Cold Storage - Pallet Positions - 2024-09,3,4341.45,4030,Revenue - Warehousing & Storage,Warehousing & Storage,USD,US Dollar,1.0,13024.35,13024.35,0.0,Paid,Net 30,2024-10-02,26,,marcus.okafor@pinnaclesportssupply.com,"9301 Industrial Pkwy, Suite 741",Dallas,USA,NotSet,EmailSent,,QBO,False,0
5077,1077,2024-09-14,2024-10-14,2024-09,APX,Apex Warehousing LLC,2016,Trailhead Outdoor Gear,Retail,4011,Cold Storage - Pallet Positions,WHS-COLD,Cold Storage - Pallet Positions - 2024-09,2,5832.3,4030,Revenue - Warehousing & Storage,Warehousing & Storage,USD,US Dollar,1.0,11664.6,11664.6,0.0,Paid,Net 30,2024-10-14,30,,grant.delacroix@trailheadoutdoorgear.com,"3067 Industrial Pkwy, Suite 158",Seattle,USA,NotSet,EmailSent,,QBO,False,0
5078,1078,2024-09-14,2024-09-29,2024-09,APX,Apex Warehousing LLC,2019,Silverline Appliances,Appliances,4013,Fulfillment - Pick & Pack,FUL-PICK,Fulfillment - Pick & Pack - 2024-09,2,4769.06,4040,Revenue - Fulfillment & Pick-Pack,Fulfillment & Pick-Pack,USD,US Dollar,1.0,9538.12,9538.12,0.0,Paid,Net 15,2024-10-11,27,,naomi.kowalczyk@silverlineappliances.com,"3450 Havenweg, Suite 419",Columbus,USA,NotSet,EmailSent,,QBO,False,0
5079,1079,2024-09-10,2024-09-25,2024-09,APX,Apex Warehousing LLC,2022,Lumina Cosmetics,Beauty,4010,Warehousing - Pallet Positions,WHS-STOR-PAL,Warehousing - Pallet Positions - 2024-09,2,5231.32,4030,Revenue - Warehousing & Storage,Warehousing & Storage,USD,US Dollar,1.0,10462.64,10462.64,0.0,Paid,Net 15,2024-10-07,27,,helena.mendez@luminacosmetics.com,"3400 Havenweg, Suite 247",Atlanta,USA,NotSet,EmailSent,,QBO,False,0
5080,1080,2024-09-23,2024-10-23,2024-09,APX,Apex Warehousing LLC,2025,Willow Creek Furniture,Furniture,4009,Cross-Dock Handling,SVC-CROSS,Cross-Dock Handling - 2024-09,3,16935.57,4020,Revenue - LTL Consolidation,LTL Consolidation,USD,US Dollar,1.0,50806.71,50806.71,0.0,Paid,Net 30,2024-10-19,26,,elliot.sandoval@willowcreekfurniture.com,"2875 Commerce Dr, Suite 698",Atlanta,USA,NotSet,EmailSent,,QBO,False,0
5081,1081,2024-09-05,2024-10-20,2024-09,APX,Apex Warehousing LLC,2029,Cindershade Grills,Retail,4013,Fulfillment - Pick & Pack,FUL-PICK,Fulfillment - Pick & Pack - 2024-09,1,40646.21,4040,Revenue - Fulfillment & Pick-Pack,Fulfillment & Pick-Pack,USD,US Dollar,1.0,40646.21,40646.21,0.0,Paid,Net 45,2024-10-25,50,,owen.mensah@cindershadegrills.com,"5141 Commerce Dr, Suite 430",Newark,USA,NotSet,EmailSent,,QBO,False,0
5082,1082,2024-09-27,2024-10-27,2024-09,APX,Apex Warehousing LLC,2031,Marlowe Print Group,Media,4010,Warehousing - Pallet Positions,WHS-STOR-PAL,Warehousing - Pallet Positions - 2024-09,1,35418.64,4030,Revenue - Warehousing & Storage,Warehousing & Storage,USD,US Dollar,1.0,35418.64,35418.64,0.0,Paid,Net 30,2024-10-27,30,,aisha.roberts@marloweprintgroup.com,"7682 Cedar Ln, Suite 568",Kansas City,USA,NotSet,EmailSent,,QBO,False,0
5083,1083,2024-10-08,2024-11-22,2024-10,MLG,Meridian Logistics LLC,2001,Vantage Consumer Brands,CPG,4017,Last Mile Delivery Program,LM-DEL-ST,Last Mile Delivery Program - 2024-10,2,82172.15,4060,Revenue - Last Mile Delivery,Last Mile Delivery,USD,US Dollar,1.0,164344.3,164344.3,0.0,Paid,Net 45,2024-11-27,50,,angela.nowak@vantageconsumerbrands.com,"7611 Oak Ave, Suite 587",Memphis,USA,NotSet,EmailSent,,QBO,False,0
5084,1084,2024-10-09,2024-11-08,2024-10,MLG,Meridian Logistics LLC,2002,Ironbridge Manufacturing,Industrial,4000,Freight Brokerage - Standard,FRT-BRK-STD,Freight Brokerage - Standard - 2024-10,3,46732.69,4000,Revenue - Freight Brokerage,Freight Brokerage,USD,US Dollar,1.0,140198.07,140198.07,0.0,Paid,Net 30,2024-11-02,24,,lena.sandoval@ironbridgemanufacturing.com,"5482 Oak Ave, Suite 181",Columbus,USA,NotSet,EmailSent,,QBO,False,0
5085,1085,2024-10-13,2024-10-28,2024-10,MLG,Meridian Logistics LLC,2006,Kestrel Auto Components,Automotive,4021,Freight Bill Audit & Pay,SVC-AUDIT,Freight Bill Audit & Pay - 2024-10,3,31583.42,4090,Revenue - Software & Data Services,Software & Data Services,USD,US Dollar,1.0,94750.26,94750.26,0.0,Paid,Net 15,2024-10-29,16,,nora.vasquez@kestrelautocomponents.com,"4140 Industrial Pkwy, Suite 748",Newark,USA,NotSet,EmailSent,,QBO,False,0
5086,1086,2024-10-11,2024-11-25,2024-10,MLG,Meridian Logistics LLC,2008,Halcyon Beverage Co,Beverage,4021,Freight Bill Audit & Pay,SVC-AUDIT,Freight Bill Audit & Pay - 2024-10,1,74230.98,4090,Revenue - Software & Data Services,Software & Data Services,USD,US Dollar,1.0,74230.98,74230.98,0.0,Paid,Net 45,2024-12-10,60,,rachel.mensah@halcyonbeverageco.com,"9866 Terminal Way, Suite 792",Dallas,USA,NotSet,EmailSent,,QBO,False,0
5087,1087,2024-10-03,2024-12-02,2024-10,MLG,Meridian Logistics LLC,2013,Summit Medical Supply,Healthcare,4008,LTL Consolidation - Lane Program,LTL-CON-LN,LTL Consolidation - Lane Program - 2024-10,1,78268.43,4020,Revenue - LTL Consolidation,LTL Consolidation,USD,US Dollar,1.0,78268.43,78268.43,0.0,Paid,Net 60,2024-12-19,77,,rachel.whitfield@summitmedicalsupply.com,"3309 Terminal Way, Suite 763",Atlanta,USA,NotSet,EmailSent,,QBO,False,0
5088,1088,2024-10-21,2024-11-20,2024-10,MLG,Meridian Logistics LLC,2017,Onyx Packaging Systems,Packaging,4017,Last Mile Delivery Program,LM-DEL-ST,Last Mile Delivery Program - 2024-10,3,20142.28,4060,Revenue - Last Mile Delivery,Last Mile Delivery,USD,US Dollar,1.0,60426.84,60426.84,0.0,Paid,Net 30,2024-11-20,30,,nora.kowalczyk@onyxpackagingsystems.com,"7811 Commerce Dr, Suite 219",Phoenix,USA,NotSet,EmailSent,,QBO,False,0
5089,1089,2024-10-02,2024-11-01,2024-10,MLG,Meridian Logistics LLC,2023,Atlas Bearing Works,Industrial,4017,Last Mile Delivery Program,LM-DEL-ST,Last Mile Delivery Program - 2024-10,2,24354.83,4060,Revenue - Last Mile Delivery,Last Mile Delivery,USD,US Dollar,1.0,48709.66,48709.66,0.0,Paid,Net 30,2024-10-27,25,,claire.ashworth@atlasbearingworks.com,"1081 Commerce Dr, Suite 448",Dallas,USA,NotSet,EmailSent,,QBO,False,0
5090,1090,2024-10-26,2024-12-10,2024-10,CFS,Cascade Freight Systems Inc,2003,Northline Grocers Co-op,Grocery,4003,Intermodal Rail Program,SVC-RAIL,Intermodal Rail Program - 2024-10,2,64244.61,4000,Revenue - Freight Brokerage,Freight Brokerage,USD,US Dollar,1.0,128489.22,128489.22,0.0,Paid,Net 45,2024-12-09,44,,nora.moreau@northlinegrocerscoop.com,"2276 Commerce Dr, Suite 756",Memphis,USA,NotSet,EmailSent,,QBO,False,0
5091,1091,2024-10-23,2024-11-07,2024-10,CFS,Cascade Freight Systems Inc,2007,Redstone Building Supply,Construction,4006,Dedicated Fleet - Monthly Contract,DED-FLT-MO,Dedicated Fleet - Monthly Contract - 2024-10,2,34264.61,4010,Revenue - Dedicated Fleet,Dedicated Fleet,USD,US Dollar,1.0,68529.22,68529.22,0.0,Paid,Net 15,2024-10-28,5,,victor.marchetti@redstonebuildingsupply.com,"8435 Commerce Dr, Suite 324",Memphis,USA,NotSet,EmailSent,,QBO,False,0
5092,1092,2024-10-21,2024-12-05,2024-10,CFS,Cascade Freight Systems Inc,2011,Meadowvale Farms,Agriculture,4004,Flatbed & Oversize Transport,SVC-FLAT,Flatbed & Oversize Transport - 2024-10,3,19227.4,4000,Revenue - Freight Brokerage,Freight Brokerage,USD,US Dollar,1.0,57682.2,57682.2,0.0,Paid,Net 45,2024-11-26,36,,naomi.kowalczyk@meadowvalefarms.com,"7551 Terminal Way, Suite 176",Charlotte,USA,NotSet,EmailSent,,QBO,False,0
5093,1093,2024-10-05,2024-11-19,2024-10,CFS,Cascade Freight Systems Inc,2015,Copperfield Chemicals,Chemicals,4005,Refrigerated Truckload,SVC-REEF,Refrigerated Truckload - 2024-10,2,25429.9,4000,Revenue - Freight Brokerage,Freight Brokerage,USD,US Dollar,1.0,50859.8,50859.8,0.0,Paid,Net 45,2024-11-14,40,,devon.vandermeer@copperfieldchemicals.com,"6069 Commerce Dr, Suite 265",Columbus,USA,NotSet,EmailSent,,QBO,False,0
5094,1094,2024-10-27,2024-11-26,2024-10,CFS,Cascade Freight Systems Inc,2018,Ferrous Metals Trading,Metals,4007,Driver Leasing Program,SVC-DRIVE,Driver Leasing Program - 2024-10,2,29797.21,4010,Revenue - Dedicated Fleet,Dedicated Fleet,USD,US Dollar,1.0,59594.42,59594.42,0.0,Paid,Net 30,2024-12-13,47,,naomi.ellsworth@ferrousmetalstrading.com,"2584 Havenweg, Suite 861",Memphis,USA,NotSet,EmailSent,,QBO,False,0
5095,1095,2024-10-21,2024-12-05,2024-10,CFS,Cascade Freight Systems Inc,2021,Highmark Steel Service,Metals,4004,Flatbed & Oversize Transport,SVC-FLAT,Flatbed & Oversize Transport - 2024-10,1,52358.06,4000,Revenue - Freight Brokerage,Freight Brokerage,USD,US Dollar,1.0,52358.06,52358.06,0.0,Paid,Net 45,2024-11-26,36,,claire.vandermeer@highmarksteelservice.com,"9247 Oak Ave, Suite 708",Charlotte,USA,NotSet,EmailSent,,QBO,False,0
5096,1096,2024-10-08,2024-11-07,2024-10,NWC,Northwind Cargo B.V.,2000,Global Retail Partners,Retail,4002,Port Drayage Program,SVC-DRAY,Port Drayage Program - 2024-10,2,58874.53,4000,Revenue - Freight Brokerage,Freight Brokerage,EUR,Euro,1.09,117749.06,128346.48,117749.06,Open,Net 30,,,630,nora.solberg@globalretailpartners.com,"9059 Terminal Way, Suite 304",Antwerp,NLD,NeedToPrint,EmailSent,,QBO,False,0
5097,1097,2024-10-11,2024-11-10,2024-10,NWC,Northwind Cargo B.V.,2004,Vertex Pharma Distribution,Pharma,4001,Freight Brokerage - International,FRT-BRK-INT,Freight Brokerage - International - 2024-10,3,18372.19,4000,Revenue - Freight Brokerage,Freight Brokerage,EUR,Euro,1.09,55116.57,60077.06,0.0,Paid,Net 30,2024-12-06,56,,devon.devereaux@vertexpharmadistribution.com,"1824 Cedar Ln, Suite 759",Antwerp,NLD,NotSet,EmailSent,,QBO,False,0
5098,1098,2024-10-25,2024-12-09,2024-10,NWC,Northwind Cargo B.V.,2009,Cobalt Electronics,Electronics,4015,Customs Entry & Clearance,CUS-ENTRY,Customs Entry & Clearance - 2024-10,1,39095.64,4050,Revenue - Customs & Compliance,Customs & Compliance,EUR,Euro,1.09,39095.64,42614.25,0.0,Paid,Net 45,2024-12-24,60,,owen.marchetti@cobaltelectronics.com,"4170 Cedar Ln, Suite 138",Hamburg,NLD,NotSet,EmailSent,,QBO,False,0
5099,1099,2024-10-19,2024-12-03,2024-10,NWC,Northwind Cargo B.V.,2010,Aurora Textiles Group,Apparel,4020,TMS Platform Subscription,SW-TMS-SEAT,TMS Platform Subscription - 2024-10,3,11506.71,4090,Revenue - Software & Data Services,Software & Data Services,EUR,Euro,1.09,34520.13,37626.94,0.0,Paid,Net 45,2024-12-18,60,,bianca.moreau@auroratextilesgroup.com,"5223 Oak Ave, Suite 555",Hamburg,NLD,NotSet,EmailSent,,QBO,False,0
5100,1100,2024-10-13,2024-11-12,2024-10,NWC,Northwind Cargo B.V.,2014,Polaris Cold Chain,Food,4002,Port Drayage Program,SVC-DRAY,Port Drayage Program - 2024-10,3,13167.24,4000,Revenue - Freight Brokerage,Freight Brokerage,EUR,Euro,1.09,39501.72,43056.87,0.0,Paid,Net 30,2024-11-04,22,,marcus.lindqvist@polariscoldchain.com,"3723 Cedar Ln, Suite 328",Duisburg,NLD,NotSet,EmailSent,,QBO,False,0
5101,1101,2024-10-07,2024-10-22,2024-10,NWC,Northwind Cargo B.V.,2020,Volta Battery Systems,Electronics,4001,Freight Brokerage - International,FRT-BRK-INT,Freight Brokerage - International - 2024-10,1,31295.98,4000,Revenue - Freight Brokerage,Freight Brokerage,EUR,Euro,1.09,31295.98,34112.62,0.0,Paid,Net 15,2024-10-22,15,,bianca.nowak@voltabatterysystems.com,"3100 Cedar Ln, Suite 400",Lyon,NLD,NotSet,EmailSent,,QBO,False,0
5102,1102,2024-10-24,2024-12-23,2024-10,APX,Apex Warehousing LLC,2005,Solstice Home Goods,Retail,4009,Cross-Dock Handling,SVC-CROSS,Cross-Dock Handling - 2024-10,3,23095.67,4020,Revenue - LTL Consolidation,LTL Consolidation,USD,US Dollar,1.0,69287.01,69287.01,0.0,Paid,Net 60,2024-12-25,62,,ingrid.whitfield@solsticehomegoods.com,"7197 Commerce Dr, Suite 618",Columbus,USA,NotSet,EmailSent,,QBO,False,0
5103,1103,2024-10-27,2024-11-26,2024-10,APX,Apex Warehousing LLC,2012,Pinnacle Sports Supply,Retail,4011,Cold Storage - Pallet Positions,WHS-COLD,Cold Storage - Pallet Positions - 2024-10,2,19218.78,4030,Revenue - Warehousing & Storage,Warehousing & Storage,USD,US Dollar,1.0,38437.56,38437.56,0.0,Paid,Net 30,2024-12-05,39,,marcus.okafor@pinnaclesportssupply.com,"9301 Industrial Pkwy, Suite 741",Dallas,USA,NotSet,EmailSent,,QBO,False,0
5104,1104,2024-10-27,2024-11-26,2024-10,APX,Apex Warehousing LLC,2016,Trailhead Outdoor Gear,Retail,4011,Cold Storage - Pallet Positions,WHS-COLD,Cold Storage - Pallet Positions - 2024-10,1,33676.46,4030,Revenue - Warehousing & Storage,Warehousing & Storage,USD,US Dollar,1.0,33676.46,33676.46,0.0,Paid,Net 30,2024-11-18,22,,grant.delacroix@trailheadoutdoorgear.com,"3067 Industrial Pkwy, Suite 158",Seattle,USA,NotSet,EmailSent,,QBO,False,0
5105,1105,2024-10-21,2024-11-05,2024-10,APX,Apex Warehousing LLC,2019,Silverline Appliances,Appliances,4013,Fulfillment - Pick & Pack,FUL-PICK,Fulfillment - Pick & Pack - 2024-10,3,10441.35,4040,Revenue - Fulfillment & Pick-Pack,Fulfillment & Pick-Pack,USD,US Dollar,1.0,31324.05,31324.05,0.0,Paid,Net 15,2024-11-14,24,,naomi.kowalczyk@silverlineappliances.com,"3450 Havenweg, Suite 419",Columbus,USA,NotSet,EmailSent,,QBO,False,0
5106,1106,2024-10-26,2024-11-10,2024-10,APX,Apex Warehousing LLC,2022,Lumina Cosmetics,Beauty,4010,Warehousing - Pallet Positions,WHS-STOR-PAL,Warehousing - Pallet Positions - 2024-10,2,14788.51,4030,Revenue - Warehousing & Storage,Warehousing & Storage,USD,US Dollar,1.0,29577.02,29577.02,0.0,Paid,Net 15,2024-11-28,33,,helena.mendez@luminacosmetics.com,"3400 Havenweg, Suite 247",Atlanta,USA,NotSet,EmailSent,,QBO,False,0
5107,1107,2024-11-16,2024-12-31,2024-11,MLG,Meridian Logistics LLC,2001,Vantage Consumer Brands,CPG,4017,Last Mile Delivery Program,LM-DEL-ST,Last Mile Delivery Program - 2024-11,2,88405.91,4060,Revenue - Last Mile Delivery,Last Mile Delivery,USD,US Dollar,1.0,176811.82,176811.82,0.0,Paid,Net 45,2025-01-03,48,,angela.nowak@vantageconsumerbrands.com,"7611 Oak Ave, Suite 587",Memphis,USA,NotSet,EmailSent,,QBO,False,0
5108,1108,2024-11-02,2024-12-02,2024-11,MLG,Meridian Logistics LLC,2002,Ironbridge Manufacturing,Industrial,4000,Freight Brokerage - Standard,FRT-BRK-STD,Freight Brokerage - Standard - 2024-11,1,148671.81,4000,Revenue - Freight Brokerage,Freight Brokerage,USD,US Dollar,1.0,148671.81,148671.81,0.0,Paid,Net 30,2024-12-04,32,,lena.sandoval@ironbridgemanufacturing.com,"5482 Oak Ave, Suite 181",Columbus,USA,NotSet,EmailSent,,QBO,False,0
5109,1109,2024-11-06,2024-11-21,2024-11,MLG,Meridian Logistics LLC,2006,Kestrel Auto Components,Automotive,4021,Freight Bill Audit & Pay,SVC-AUDIT,Freight Bill Audit & Pay - 2024-11,2,43727.33,4090,Revenue - Software & Data Services,Software & Data Services,USD,US Dollar,1.0,87454.66,87454.66,0.0,Paid,Net 15,2024-11-27,21,,nora.vasquez@kestrelautocomponents.com,"4140 Industrial Pkwy, Suite 748",Newark,USA,NotSet,EmailSent,,QBO,False,0
5110,1110,2024-11-23,2025-01-07,2024-11,MLG,Meridian Logistics LLC,2008,Halcyon Beverage Co,Beverage,4021,Freight Bill Audit & Pay,SVC-AUDIT,Freight Bill Audit & Pay - 2024-11,1,76962.58,4090,Revenue - Software & Data Services,Software & Data Services,USD,US Dollar,1.0,76962.58,76962.58,76962.58,Open,Net 45,,,584,rachel.mensah@halcyonbeverageco.com,"9866 Terminal Way, Suite 792",Dallas,USA,NeedToPrint,EmailSent,,QBO,False,0
5111,1111,2024-11-22,2025-01-21,2024-11,MLG,Meridian Logistics LLC,2013,Summit Medical Supply,Healthcare,4008,LTL Consolidation - Lane Program,LTL-CON-LN,LTL Consolidation - Lane Program - 2024-11,3,26331.85,4020,Revenue - LTL Consolidation,LTL Consolidation,USD,US Dollar,1.0,78995.55,78995.55,0.0,Paid,Net 60,2025-02-06,76,,rachel.whitfield@summitmedicalsupply.com,"3309 Terminal Way, Suite 763",Atlanta,USA,NotSet,EmailSent,,QBO,False,0
5112,1112,2024-11-10,2024-12-10,2024-11,MLG,Meridian Logistics LLC,2017,Onyx Packaging Systems,Packaging,4017,Last Mile Delivery Program,LM-DEL-ST,Last Mile Delivery Program - 2024-11,2,31193.03,4060,Revenue - Last Mile Delivery,Last Mile Delivery,USD,US Dollar,1.0,62386.06,62386.06,0.0,Paid,Net 30,2025-01-03,54,,nora.kowalczyk@onyxpackagingsystems.com,"7811 Commerce Dr, Suite 219",Phoenix,USA,NotSet,EmailSent,,QBO,False,0
5113,1113,2024-11-09,2024-12-09,2024-11,MLG,Meridian Logistics LLC,2023,Atlas Bearing Works,Industrial,4017,Last Mile Delivery Program,LM-DEL-ST,Last Mile Delivery Program - 2024-11,1,57599.84,4060,Revenue - Last Mile Delivery,Last Mile Delivery,USD,US Dollar,1.0,57599.84,57599.84,0.0,Paid,Net 30,2024-12-28,49,,claire.ashworth@atlasbearingworks.com,"1081 Commerce Dr, Suite 448",Dallas,USA,NotSet,EmailSent,,QBO,False,0
5114,1114,2024-11-26,2025-01-10,2024-11,CFS,Cascade Freight Systems Inc,2003,Northline Grocers Co-op,Grocery,4003,Intermodal Rail Program,SVC-RAIL,Intermodal Rail Program - 2024-11,1,138863.68,4000,Revenue - Freight Brokerage,Freight Brokerage,USD,US Dollar,1.0,138863.68,138863.68,0.0,Paid,Net 45,2025-01-13,48,,nora.moreau@northlinegrocerscoop.com,"2276 Commerce Dr, Suite 756",Memphis,USA,NotSet,EmailSent,,QBO,False,0
5115,1115,2024-11-04,2024-11-19,2024-11,CFS,Cascade Freight Systems Inc,2007,Redstone Building Supply,Construction,4006,Dedicated Fleet - Monthly Contract,DED-FLT-MO,Dedicated Fleet - Monthly Contract - 2024-11,2,35855.11,4010,Revenue - Dedicated Fleet,Dedicated Fleet,USD,US Dollar,1.0,71710.22,71710.22,0.0,Paid,Net 15,2024-11-21,17,,victor.marchetti@redstonebuildingsupply.com,"8435 Commerce Dr, Suite 324",Memphis,USA,NotSet,EmailSent,,QBO,False,0
5116,1116,2024-11-02,2024-12-17,2024-11,CFS,Cascade Freight Systems Inc,2011,Meadowvale Farms,Agriculture,4004,Flatbed & Oversize Transport,SVC-FLAT,Flatbed & Oversize Transport - 2024-11,3,19023.15,4000,Revenue - Freight Brokerage,Freight Brokerage,USD,US Dollar,1.0,57069.45,57069.45,0.0,Paid,Net 45,2024-12-28,56,,naomi.kowalczyk@meadowvalefarms.com,"7551 Terminal Way, Suite 176",Charlotte,USA,NotSet,EmailSent,,QBO,False,0
5117,1117,2024-11-03,2024-12-18,2024-11,CFS,Cascade Freight Systems Inc,2015,Copperfield Chemicals,Chemicals,4005,Refrigerated Truckload,SVC-REEF,Refrigerated Truckload - 2024-11,3,17746.14,4000,Revenue - Freight Brokerage,Freight Brokerage,USD,US Dollar,1.0,53238.42,53238.42,0.0,Paid,Net 45,2024-12-24,51,,devon.vandermeer@copperfieldchemicals.com,"6069 Commerce Dr, Suite 265",Columbus,USA,NotSet,EmailSent,,QBO,False,0
5118,1118,2024-11-28,2024-12-28,2024-11,CFS,Cascade Freight Systems Inc,2018,Ferrous Metals Trading,Metals,4007,Driver Leasing Program,SVC-DRIVE,Driver Leasing Program - 2024-11,3,21057.28,4010,Revenue - Dedicated Fleet,Dedicated Fleet,USD,US Dollar,1.0,63171.84,63171.84,0.0,Paid,Net 30,2025-01-12,45,,naomi.ellsworth@ferrousmetalstrading.com,"2584 Havenweg, Suite 861",Memphis,USA,NotSet,EmailSent,,QBO,False,0
5119,1119,2024-11-03,2024-12-18,2024-11,CFS,Cascade Freight Systems Inc,2021,Highmark Steel Service,Metals,4004,Flatbed & Oversize Transport,SVC-FLAT,Flatbed & Oversize Transport - 2024-11,1,52897.14,4000,Revenue - Freight Brokerage,Freight Brokerage,USD,US Dollar,1.0,52897.14,52897.14,0.0,Paid,Net 45,2024-12-24,51,,claire.vandermeer@highmarksteelservice.com,"9247 Oak Ave, Suite 708",Charlotte,USA,NotSet,EmailSent,,QBO,False,0
5120,1120,2024-11-25,2024-12-25,2024-11,NWC,Northwind Cargo B.V.,2000,Global Retail Partners,Retail,4002,Port Drayage Program,SVC-DRAY,Port Drayage Program - 2024-11,1,125110.81,4000,Revenue - Freight Brokerage,Freight Brokerage,EUR,Euro,1.09,125110.81,136370.78,0.0,Paid,Net 30,2024-12-27,32,,nora.solberg@globalretailpartners.com,"9059 Terminal Way, Suite 304",Antwerp,NLD,NotSet,EmailSent,,QBO,False,0
5121,1121,2024-11-27,2024-12-27,2024-11,NWC,Northwind Cargo B.V.,2004,Vertex Pharma Distribution,Pharma,4001,Freight Brokerage - International,FRT-BRK-INT,Freight Brokerage - International - 2024-11,3,19952.94,4000,Revenue - Freight Brokerage,Freight Brokerage,EUR,Euro,1.09,59858.82,65246.11,0.0,Paid,Net 30,2025-01-03,37,,devon.devereaux@vertexpharmadistribution.com,"1824 Cedar Ln, Suite 759",Antwerp,NLD,NotSet,EmailSent,,QBO,False,0
5122,1122,2024-11-18,2025-01-02,2024-11,NWC,Northwind Cargo B.V.,2009,Cobalt Electronics,Electronics,4015,Customs Entry & Clearance,CUS-ENTRY,Customs Entry & Clearance - 2024-11,2,20470.31,4050,Revenue - Customs & Compliance,Customs & Compliance,EUR,Euro,1.09,40940.62,44625.28,0.0,Paid,Net 45,2024-12-21,33,,owen.marchetti@cobaltelectronics.com,"4170 Cedar Ln, Suite 138",Hamburg,NLD,NotSet,EmailSent,,QBO,False,0
5123,1123,2024-11-09,2024-12-24,2024-11,NWC,Northwind Cargo B.V.,2010,Aurora Textiles Group,Apparel,4020,TMS Platform Subscription,SW-TMS-SEAT,TMS Platform Subscription - 2024-11,3,11622.26,4090,Revenue - Software & Data Services,Software & Data Services,EUR,Euro,1.09,34866.78,38004.79,0.0,Paid,Net 45,2024-12-29,50,,bianca.moreau@auroratextilesgroup.com,"5223 Oak Ave, Suite 555",Hamburg,NLD,NotSet,EmailSent,,QBO,False,0
5124,1124,2024-11-20,2024-12-20,2024-11,NWC,Northwind Cargo B.V.,2014,Polaris Cold Chain,Food,4002,Port Drayage Program,SVC-DRAY,Port Drayage Program - 2024-11,1,42362.93,4000,Revenue - Freight Brokerage,Freight Brokerage,EUR,Euro,1.09,42362.93,46175.59,0.0,Paid,Net 30,2024-12-07,17,,marcus.lindqvist@polariscoldchain.com,"3723 Cedar Ln, Suite 328",Duisburg,NLD,NotSet,EmailSent,,QBO,False,0
5125,1125,2024-11-23,2024-12-08,2024-11,NWC,Northwind Cargo B.V.,2020,Volta Battery Systems,Electronics,4001,Freight Brokerage - International,FRT-BRK-INT,Freight Brokerage - International - 2024-11,1,32274.94,4000,Revenue - Freight Brokerage,Freight Brokerage,EUR,Euro,1.09,32274.94,35179.68,0.0,Paid,Net 15,2024-12-19,26,,bianca.nowak@voltabatterysystems.com,"3100 Cedar Ln, Suite 400",Lyon,NLD,NotSet,EmailSent,,QBO,False,0
5126,1126,2024-11-13,2025-01-12,2024-11,APX,Apex Warehousing LLC,2005,Solstice Home Goods,Retail,4009,Cross-Dock Handling,SVC-CROSS,Cross-Dock Handling - 2024-11,1,81379.54,4020,Revenue - LTL Consolidation,LTL Consolidation,USD,US Dollar,1.0,81379.54,81379.54,0.0,Paid,Net 60,2025-01-07,55,,ingrid.whitfield@solsticehomegoods.com,"7197 Commerce Dr, Suite 618",Columbus,USA,NotSet,EmailSent,,QBO,False,0
5127,1127,2024-11-18,2024-12-18,2024-11,APX,Apex Warehousing LLC,2012,Pinnacle Sports Supply,Retail,4011,Cold Storage - Pallet Positions,WHS-COLD,Cold Storage - Pallet Positions - 2024-11,2,21810.06,4030,Revenue - Warehousing & Storage,Warehousing & Storage,USD,US Dollar,1.0,43620.12,43620.12,0.0,Paid,Net 30,2025-01-01,44,,marcus.okafor@pinnaclesportssupply.com,"9301 Industrial Pkwy, Suite 741",Dallas,USA,NotSet,EmailSent,,QBO,False,0
5128,1128,2024-11-17,2024-12-17,2024-11,APX,Apex Warehousing LLC,2016,Trailhead Outdoor Gear,Retail,4011,Cold Storage - Pallet Positions,WHS-COLD,Cold Storage - Pallet Positions - 2024-11,1,38852.37,4030,Revenue - Warehousing & Storage,Warehousing & Storage,USD,US Dollar,1.0,38852.37,38852.37,38852.37,Open,Net 30,,,590,grant.delacroix@trailheadoutdoorgear.com,"3067 Industrial Pkwy, Suite 158",Seattle,USA,NeedToPrint,EmailSent,,QBO,False,0
5129,1129,2024-11-18,2024-12-03,2024-11,APX,Apex Warehousing LLC,2019,Silverline Appliances,Appliances,4013,Fulfillment - Pick & Pack,FUL-PICK,Fulfillment - Pick & Pack - 2024-11,3,10323.85,4040,Revenue - Fulfillment & Pick-Pack,Fulfillment & Pick-Pack,USD,US Dollar,1.0,30971.55,30971.55,0.0,Paid,Net 15,2024-12-08,20,,naomi.kowalczyk@silverlineappliances.com,"3450 Havenweg, Suite 419",Columbus,USA,NotSet,EmailSent,,QBO,False,0
5130,1130,2024-11-22,2024-12-07,2024-11,APX,Apex Warehousing LLC,2022,Lumina Cosmetics,Beauty,4010,Warehousing - Pallet Positions,WHS-STOR-PAL,Warehousing - Pallet Positions - 2024-11,1,31933.51,4030,Revenue - Warehousing & Storage,Warehousing & Storage,USD,US Dollar,1.0,31933.51,31933.51,0.0,Paid,Net 15,2024-12-27,35,,helena.mendez@luminacosmetics.com,"3400 Havenweg, Suite 247",Atlanta,USA,NotSet,EmailSent,,QBO,False,0
5131,1131,2024-12-11,2025-01-25,2024-12,MLG,Meridian Logistics LLC,2001,Vantage Consumer Brands,CPG,4017,Last Mile Delivery Program,LM-DEL-ST,Last Mile Delivery Program - 2024-12,1,118030.07,4060,Revenue - Last Mile Delivery,Last Mile Delivery,USD,US Dollar,1.0,118030.07,118030.07,0.0,Paid,Net 45,2025-01-16,36,,angela.nowak@vantageconsumerbrands.com,"7611 Oak Ave, Suite 587",Memphis,USA,NotSet,EmailSent,,QBO,False,0
5132,1132,2024-12-13,2025-01-12,2024-12,MLG,Meridian Logistics LLC,2002,Ironbridge Manufacturing,Industrial,4000,Freight Brokerage - Standard,FRT-BRK-STD,Freight Brokerage - Standard - 2024-12,2,53060.35,4000,Revenue - Freight Brokerage,Freight Brokerage,USD,US Dollar,1.0,106120.7,106120.7,0.0,Paid,Net 30,2025-02-01,50,,lena.sandoval@ironbridgemanufacturing.com,"5482 Oak Ave, Suite 181",Columbus,USA,NotSet,EmailSent,,QBO,False,0
5133,1133,2024-12-07,2024-12-22,2024-12,MLG,Meridian Logistics LLC,2006,Kestrel Auto Components,Automotive,4021,Freight Bill Audit & Pay,SVC-AUDIT,Freight Bill Audit & Pay - 2024-12,1,62354.83,4090,Revenue - Software & Data Services,Software & Data Services,USD,US Dollar,1.0,62354.83,62354.83,0.0,Paid,Net 15,2024-12-20,13,,nora.vasquez@kestrelautocomponents.com,"4140 Industrial Pkwy, Suite 748",Newark,USA,NotSet,EmailSent,,QBO,False,0
5134,1134,2024-12-24,2025-02-07,2024-12,MLG,Meridian Logistics LLC,2008,Halcyon Beverage Co,Beverage,4021,Freight Bill Audit & Pay,SVC-AUDIT,Freight Bill Audit & Pay - 2024-12,3,18516.16,4090,Revenue - Software & Data Services,Software & Data Services,USD,US Dollar,1.0,55548.48,55548.48,0.0,Paid,Net 45,2025-02-14,52,,rachel.mensah@halcyonbeverageco.com,"9866 Terminal Way, Suite 792",Dallas,USA,NotSet,EmailSent,,QBO,False,0
5135,1135,2024-12-21,2025-02-19,2024-12,MLG,Meridian Logistics LLC,2013,Summit Medical Supply,Healthcare,4008,LTL Consolidation - Lane Program,LTL-CON-LN,LTL Consolidation - Lane Program - 2024-12,2,26305.76,4020,Revenue - LTL Consolidation,LTL Consolidation,USD,US Dollar,1.0,52611.52,52611.52,0.0,Paid,Net 60,2025-03-03,72,,rachel.whitfield@summitmedicalsupply.com,"3309 Terminal Way, Suite 763",Atlanta,USA,NotSet,EmailSent,,QBO,False,0
5136,1136,2024-12-24,2025-01-23,2024-12,MLG,Meridian Logistics LLC,2017,Onyx Packaging Systems,Packaging,4017,Last Mile Delivery Program,LM-DEL-ST,Last Mile Delivery Program - 2024-12,2,21746.1,4060,Revenue - Last Mile Delivery,Last Mile Delivery,USD,US Dollar,1.0,43492.2,43492.2,0.0,Paid,Net 30,2025-01-15,22,,nora.kowalczyk@onyxpackagingsystems.com,"7811 Commerce Dr, Suite 219",Phoenix,USA,NotSet,EmailSent,,QBO,False,0
5137,1137,2024-12-20,2025-01-19,2024-12,MLG,Meridian Logistics LLC,2023,Atlas Bearing Works,Industrial,4017,Last Mile Delivery Program,LM-DEL-ST,Last Mile Delivery Program - 2024-12,3,13277.71,4060,Revenue - Last Mile Delivery,Last Mile Delivery,USD,US Dollar,1.0,39833.13,39833.13,0.0,Paid,Net 30,2025-02-02,44,,claire.ashworth@atlasbearingworks.com,"1081 Commerce Dr, Suite 448",Dallas,USA,NotSet,EmailSent,,QBO,False,0
5138,1138,2024-12-23,2025-01-22,2024-12,MLG,Meridian Logistics LLC,2027,Perigee Aerospace Parts,Aerospace,4008,LTL Consolidation - Lane Program,LTL-CON-LN,LTL Consolidation - Lane Program - 2024-12,2,96014.54,4020,Revenue - LTL Consolidation,LTL Consolidation,USD,US Dollar,1.0,192029.08,192029.08,0.0,Paid,Net 30,2025-01-27,35,,ingrid.bergstrom@perigeeaerospaceparts.com,"9548 Terminal Way, Suite 444",Columbus,USA,NotSet,EmailSent,,QBO,False,0
5139,1139,2024-12-14,2025-01-28,2024-12,CFS,Cascade Freight Systems Inc,2003,Northline Grocers Co-op,Grocery,4003,Intermodal Rail Program,SVC-RAIL,Intermodal Rail Program - 2024-12,2,25921.38,4000,Revenue - Freight Brokerage,Freight Brokerage,USD,US Dollar,1.0,51842.76,51842.76,0.0,Paid,Net 45,2025-02-11,59,,nora.moreau@northlinegrocerscoop.com,"2276 Commerce Dr, Suite 756",Memphis,USA,NotSet,EmailSent,,QBO,False,0
5140,1140,2024-12-23,2025-01-07,2024-12,CFS,Cascade Freight Systems Inc,2007,Redstone Building Supply,Construction,4006,Dedicated Fleet - Monthly Contract,DED-FLT-MO,Dedicated Fleet - Monthly Contract - 2024-12,2,14406.02,4010,Revenue - Dedicated Fleet,Dedicated Fleet,USD,US Dollar,1.0,28812.04,28812.04,0.0,Paid,Net 15,2025-02-09,48,,victor.marchetti@redstonebuildingsupply.com,"8435 Commerce Dr, Suite 324",Memphis,USA,NotSet,EmailSent,,QBO,False,0
5141,1141,2024-12-20,2025-02-03,2024-12,CFS,Cascade Freight Systems Inc,2011,Meadowvale Farms,Agriculture,4004,Flatbed & Oversize Transport,SVC-FLAT,Flatbed & Oversize Transport - 2024-12,1,24825.5,4000,Revenue - Freight Brokerage,Freight Brokerage,USD,US Dollar,1.0,24825.5,24825.5,0.0,Paid,Net 45,2025-02-13,55,,naomi.kowalczyk@meadowvalefarms.com,"7551 Terminal Way, Suite 176",Charlotte,USA,NotSet,EmailSent,,QBO,False,0
5142,1142,2024-12-19,2025-02-02,2024-12,CFS,Cascade Freight Systems Inc,2015,Copperfield Chemicals,Chemicals,4005,Refrigerated Truckload,SVC-REEF,Refrigerated Truckload - 2024-12,3,7359.47,4000,Revenue - Freight Brokerage,Freight Brokerage,USD,US Dollar,1.0,22078.41,22078.41,0.0,Paid,Net 45,2025-02-27,70,,devon.vandermeer@copperfieldchemicals.com,"6069 Commerce Dr, Suite 265",Columbus,USA,NotSet,EmailSent,,QBO,False,0
5143,1143,2024-12-09,2025-01-08,2024-12,CFS,Cascade Freight Systems Inc,2018,Ferrous Metals Trading,Metals,4007,Driver Leasing Program,SVC-DRIVE,Driver Leasing Program - 2024-12,2,11929.0,4010,Revenue - Dedicated Fleet,Dedicated Fleet,USD,US Dollar,1.0,23858.0,23858.0,0.0,Paid,Net 30,2025-01-31,53,,naomi.ellsworth@ferrousmetalstrading.com,"2584 Havenweg, Suite 861",Memphis,USA,NotSet,EmailSent,,QBO,False,0
5144,1144,2024-12-12,2025-01-26,2024-12,CFS,Cascade Freight Systems Inc,2021,Highmark Steel Service,Metals,4004,Flatbed & Oversize Transport,SVC-FLAT,Flatbed & Oversize Transport - 2024-12,1,21337.24,4000,Revenue - Freight Brokerage,Freight Brokerage,USD,US Dollar,1.0,21337.24,21337.24,0.0,Paid,Net 45,2025-02-08,58,,claire.vandermeer@highmarksteelservice.com,"9247 Oak Ave, Suite 708",Charlotte,USA,NotSet,EmailSent,,QBO,False,0
5145,1145,2024-12-13,2025-01-27,2024-12,CFS,Cascade Freight Systems Inc,2026,Quarry Stone Materials,Construction,4006,Dedicated Fleet - Monthly Contract,DED-FLT-MO,Dedicated Fleet - Monthly Contract - 2024-12,3,34417.43,4010,Revenue - Dedicated Fleet,Dedicated Fleet,USD,US Dollar,1.0,103252.29,103252.29,0.0,Paid,Net 45,2025-02-14,63,,maya.marchetti@quarrystonematerials.com,"391 Industrial Pkwy, Suite 896",Denver,USA,NotSet,EmailSent,,QBO,False,0
5146,1146,2024-12-09,2025-02-07,2024-12,CFS,Cascade Freight Systems Inc,2030,Bramblewood Nursery,Agriculture,4005,Refrigerated Truckload,SVC-REEF,Refrigerated Truckload - 2024-12,1,70502.76,4000,Revenue - Freight Brokerage,Freight Brokerage,USD,US Dollar,1.0,70502.76,70502.76,0.0,Paid,Net 60,2025-02-07,60,,lena.whitfield@bramblewoodnursery.com,"5093 Terminal Way, Suite 443",Newark,USA,NotSet,EmailSent,,QBO,False,0
5147,1147,2024-12-21,2025-01-20,2024-12,CFS,Cascade Freight Systems Inc,2033,Sparrow Lane Bakery,Food,4006,Dedicated Fleet - Monthly Contract,DED-FLT-MO,Dedicated Fleet - Monthly Contract - 2024-12,1,62239.54,4010,Revenue - Dedicated Fleet,Dedicated Fleet,USD,US Dollar,1.0,62239.54,62239.54,0.0,Paid,Net 30,2025-02-11,52,,elliot.bergstrom@sparrowlanebakery.com,"3301 Oak Ave, Suite 185",Denver,USA,NotSet,EmailSent,,QBO,False,0
5148,1148,2024-12-23,2025-01-22,2024-12,NWC,Northwind Cargo B.V.,2000,Global Retail Partners,Retail,4002,Port Drayage Program,SVC-DRAY,Port Drayage Program - 2024-12,3,20477.29,4000,Revenue - Freight Brokerage,Freight Brokerage,EUR,Euro,1.09,61431.87,66960.74,0.0,Paid,Net 30,2025-01-29,37,,nora.solberg@globalretailpartners.com,"9059 Terminal Way, Suite 304",Antwerp,NLD,NotSet,EmailSent,,QBO,False,0
5149,1149,2024-12-16,2025-01-15,2024-12,NWC,Northwind Cargo B.V.,2004,Vertex Pharma Distribution,Pharma,4001,Freight Brokerage - International,FRT-BRK-INT,Freight Brokerage - International - 2024-12,1,30375.91,4000,Revenue - Freight Brokerage,Freight Brokerage,EUR,Euro,1.09,30375.91,33109.74,0.0,Paid,Net 30,2025-01-22,37,,devon.devereaux@vertexpharmadistribution.com,"1824 Cedar Ln, Suite 759",Antwerp,NLD,NotSet,EmailSent,,QBO,False,0
5150,1150,2024-12-07,2025-01-21,2024-12,NWC,Northwind Cargo B.V.,2009,Cobalt Electronics,Electronics,4015,Customs Entry & Clearance,CUS-ENTRY,Customs Entry & Clearance - 2024-12,3,6133.54,4050,Revenue - Customs & Compliance,Customs & Compliance,EUR,Euro,1.09,18400.62,20056.68,0.0,Paid,Net 45,2025-02-04,59,,owen.marchetti@cobaltelectronics.com,"4170 Cedar Ln, Suite 138",Hamburg,NLD,NotSet,EmailSent,,QBO,False,0
5151,1151,2024-12-08,2025-01-22,2024-12,NWC,Northwind Cargo B.V.,2010,Aurora Textiles Group,Apparel,4020,TMS Platform Subscription,SW-TMS-SEAT,TMS Platform Subscription - 2024-12,1,16751.36,4090,Revenue - Software & Data Services,Software & Data Services,EUR,Euro,1.09,16751.36,18258.98,0.0,Paid,Net 45,2025-01-15,38,,bianca.moreau@auroratextilesgroup.com,"5223 Oak Ave, Suite 555",Hamburg,NLD,NotSet,EmailSent,,QBO,False,0
5152,1152,2024-12-27,2025-01-26,2024-12,NWC,Northwind Cargo B.V.,2014,Polaris Cold Chain,Food,4002,Port Drayage Program,SVC-DRAY,Port Drayage Program - 2024-12,3,6790.38,4000,Revenue - Freight Brokerage,Freight Brokerage,EUR,Euro,1.09,20371.14,22204.54,0.0,Paid,Net 30,2025-01-31,35,,marcus.lindqvist@polariscoldchain.com,"3723 Cedar Ln, Suite 328",Duisburg,NLD,NotSet,EmailSent,,QBO,False,0
5153,1153,2024-12-13,2024-12-28,2024-12,NWC,Northwind Cargo B.V.,2020,Volta Battery Systems,Electronics,4001,Freight Brokerage - International,FRT-BRK-INT,Freight Brokerage - International - 2024-12,1,14846.56,4000,Revenue - Freight Brokerage,Freight Brokerage,EUR,Euro,1.09,14846.56,16182.75,0.0,Paid,Net 15,2024-12-29,16,,bianca.nowak@voltabatterysystems.com,"3100 Cedar Ln, Suite 400",Lyon,NLD,NotSet,EmailSent,,QBO,False,0
5154,1154,2024-12-27,2025-02-25,2024-12,NWC,Northwind Cargo B.V.,2024,Beacon Optics,Electronics,4002,Port Drayage Program,SVC-DRAY,Port Drayage Program - 2024-12,2,35116.03,4000,Revenue - Freight Brokerage,Freight Brokerage,EUR,Euro,1.09,70232.06,76552.95,0.0,Paid,Net 60,2025-02-21,56,,ingrid.kowalczyk@beaconoptics.com,"6358 Commerce Dr, Suite 439",Barcelona,NLD,NotSet,EmailSent,,QBO,False,0
5155,1155,2024-12-16,2025-01-30,2024-12,NWC,Northwind Cargo B.V.,2028,Nordvik Frozen Foods,Food,4001,Freight Brokerage - International,FRT-BRK-INT,Freight Brokerage - International - 2024-12,2,29182.42,4000,Revenue - Freight Brokerage,Freight Brokerage,EUR,Euro,1.09,58364.84,63617.68,0.0,Paid,Net 45,2025-02-04,50,,owen.delacroix@nordvikfrozenfoods.com,"8980 Oak Ave, Suite 942",Lyon,NLD,NotSet,EmailSent,,QBO,False,0
5156,1156,2024-12-17,2025-01-01,2024-12,NWC,Northwind Cargo B.V.,2032,Emberline Ceramics,Ceramics,4016,Trade Compliance Program,CUS-COMP,Trade Compliance Program - 2024-12,1,47633.28,4050,Revenue - Customs & Compliance,Customs & Compliance,EUR,Euro,1.09,47633.28,51920.28,0.0,Paid,Net 15,2025-01-05,19,,owen.whitfield@emberlineceramics.com,"1700 Commerce Dr, Suite 634",Antwerp,NLD,NotSet,EmailSent,,QBO,False,0
5157,1157,2024-12-22,2025-02-20,2024-12,APX,Apex Warehousing LLC,2005,Solstice Home Goods,Retail,4009,Cross-Dock Handling,SVC-CROSS,Cross-Dock Handling - 2024-12,2,13788.17,4020,Revenue - LTL Consolidation,LTL Consolidation,USD,US Dollar,1.0,27576.34,27576.34,0.0,Paid,Net 60,2025-02-25,65,,ingrid.whitfield@solsticehomegoods.com,"7197 Commerce Dr, Suite 618",Columbus,USA,NotSet,EmailSent,,QBO,False,0
5158,1158,2024-12-25,2025-01-24,2024-12,APX,Apex Warehousing LLC,2012,Pinnacle Sports Supply,Retail,4011,Cold Storage - Pallet Positions,WHS-COLD,Cold Storage - Pallet Positions - 2024-12,3,4437.73,4030,Revenue - Warehousing & Storage,Warehousing & Storage,USD,US Dollar,1.0,13313.19,13313.19,0.0,Paid,Net 30,2025-01-27,33,,marcus.okafor@pinnaclesportssupply.com,"9301 Industrial Pkwy, Suite 741",Dallas,USA,NotSet,EmailSent,,QBO,False,0
5159,1159,2024-12-09,2025-01-08,2024-12,APX,Apex Warehousing LLC,2016,Trailhead Outdoor Gear,Retail,4011,Cold Storage - Pallet Positions,WHS-COLD,Cold Storage - Pallet Positions - 2024-12,1,13013.26,4030,Revenue - Warehousing & Storage,Warehousing & Storage,USD,US Dollar,1.0,13013.26,13013.26,0.0,Paid,Net 30,2025-01-08,30,,grant.delacroix@trailheadoutdoorgear.com,"3067 Industrial Pkwy, Suite 158",Seattle,USA,NotSet,EmailSent,,QBO,False,0
5160,1160,2024-12-25,2025-01-09,2024-12,APX,Apex Warehousing LLC,2019,Silverline Appliances,Appliances,4013,Fulfillment - Pick & Pack,FUL-PICK,Fulfillment - Pick & Pack - 2024-12,3,3428.34,4040,Revenue - Fulfillment & Pick-Pack,Fulfillment & Pick-Pack,USD,US Dollar,1.0,10285.02,10285.02,0.0,Paid,Net 15,2024-12-26,1,,naomi.kowalczyk@silverlineappliances.com,"3450 Havenweg, Suite 419",Columbus,USA,NotSet,EmailSent,,QBO,False,0
5161,1161,2024-12-25,2025-01-09,2024-12,APX,Apex Warehousing LLC,2022,Lumina Cosmetics,Beauty,4010,Warehousing - Pallet Positions,WHS-STOR-PAL,Warehousing - Pallet Positions - 2024-12,1,10611.81,4030,Revenue - Warehousing & Storage,Warehousing & Storage,USD,US Dollar,1.0,10611.81,10611.81,0.0,Paid,Net 15,2025-01-05,11,,helena.mendez@luminacosmetics.com,"3400 Havenweg, Suite 247",Atlanta,USA,NotSet,EmailSent,,QBO,False,0
5162,1162,2024-12-04,2025-01-03,2024-12,APX,Apex Warehousing LLC,2025,Willow Creek Furniture,Furniture,4009,Cross-Dock Handling,SVC-CROSS,Cross-Dock Handling - 2024-12,1,60198.55,4020,Revenue - LTL Consolidation,LTL Consolidation,USD,US Dollar,1.0,60198.55,60198.55,0.0,Paid,Net 30,2025-01-13,40,,elliot.sandoval@willowcreekfurniture.com,"2875 Commerce Dr, Suite 698",Atlanta,USA,NotSet,EmailSent,,QBO,False,0
5163,1163,2024-12-07,2025-01-21,2024-12,APX,Apex Warehousing LLC,2029,Cindershade Grills,Retail,4013,Fulfillment - Pick & Pack,FUL-PICK,Fulfillment - Pick & Pack - 2024-12,2,23121.28,4040,Revenue - Fulfillment & Pick-Pack,Fulfillment & Pick-Pack,USD,US Dollar,1.0,46242.56,46242.56,0.0,Paid,Net 45,2025-01-21,45,,owen.mensah@cindershadegrills.com,"5141 Commerce Dr, Suite 430",Newark,USA,NotSet,EmailSent,,QBO,False,0
5164,1164,2024-12-06,2025-01-05,2024-12,APX,Apex Warehousing LLC,2031,Marlowe Print Group,Media,4010,Warehousing - Pallet Positions,WHS-STOR-PAL,Warehousing - Pallet Positions - 2024-12,2,19478.58,4030,Revenue - Warehousing & Storage,Warehousing & Storage,USD,US Dollar,1.0,38957.16,38957.16,0.0,Paid,Net 30,2025-01-22,47,,aisha.roberts@marloweprintgroup.com,"7682 Cedar Ln, Suite 568",Kansas City,USA,NotSet,EmailSent,,QBO,False,0
5165,1165,2025-01-10,2025-02-24,2025-01,MLG,Meridian Logistics LLC,2001,Vantage Consumer Brands,CPG,4017,Last Mile Delivery Program,LM-DEL-ST,Last Mile Delivery Program - 2025-01,3,53106.32,4060,Revenue - Last Mile Delivery,Last Mile Delivery,USD,US Dollar,1.0,159318.96,159318.96,0.0,Paid,Net 45,2025-02-26,47,,angela.nowak@vantageconsumerbrands.com,"7611 Oak Ave, Suite 587",Memphis,USA,NotSet,EmailSent,,QBO,False,0
5166,1166,2025-01-25,2025-02-24,2025-01,MLG,Meridian Logistics LLC,2002,Ironbridge Manufacturing,Industrial,4000,Freight Brokerage - Standard,FRT-BRK-STD,Freight Brokerage - Standard - 2025-01,3,47632.54,4000,Revenue - Freight Brokerage,Freight Brokerage,USD,US Dollar,1.0,142897.62,142897.62,0.0,Paid,Net 30,2025-03-21,55,,lena.sandoval@ironbridgemanufacturing.com,"5482 Oak Ave, Suite 181",Columbus,USA,NotSet,EmailSent,,QBO,False,0
5167,1167,2025-01-10,2025-01-25,2025-01,MLG,Meridian Logistics LLC,2006,Kestrel Auto Components,Automotive,4021,Freight Bill Audit & Pay,SVC-AUDIT,Freight Bill Audit & Pay - 2025-01,3,28798.88,4090,Revenue - Software & Data Services,Software & Data Services,USD,US Dollar,1.0,86396.64,86396.64,0.0,Paid,Net 15,2025-01-22,12,,nora.vasquez@kestrelautocomponents.com,"4140 Industrial Pkwy, Suite 748",Newark,USA,NotSet,EmailSent,,QBO,False,0
5168,1168,2025-01-17,2025-03-03,2025-01,MLG,Meridian Logistics LLC,2008,Halcyon Beverage Co,Beverage,4021,Freight Bill Audit & Pay,SVC-AUDIT,Freight Bill Audit & Pay - 2025-01,3,23777.13,4090,Revenue - Software & Data Services,Software & Data Services,USD,US Dollar,1.0,71331.39,71331.39,0.0,Paid,Net 45,2025-03-07,49,,rachel.mensah@halcyonbeverageco.com,"9866 Terminal Way, Suite 792",Dallas,USA,NotSet,EmailSent,,QBO,False,0
5169,1169,2025-01-28,2025-03-29,2025-01,MLG,Meridian Logistics LLC,2013,Summit Medical Supply,Healthcare,4008,LTL Consolidation - Lane Program,LTL-CON-LN,LTL Consolidation - Lane Program - 2025-01,3,25372.43,4020,Revenue - LTL Consolidation,LTL Consolidation,USD,US Dollar,1.0,76117.29,76117.29,0.0,Paid,Net 60,2025-04-10,72,,rachel.whitfield@summitmedicalsupply.com,"3309 Terminal Way, Suite 763",Atlanta,USA,NotSet,EmailSent,,QBO,False,0
5170,1170,2025-01-28,2025-02-27,2025-01,MLG,Meridian Logistics LLC,2017,Onyx Packaging Systems,Packaging,4017,Last Mile Delivery Program,LM-DEL-ST,Last Mile Delivery Program - 2025-01,1,55223.5,4060,Revenue - Last Mile Delivery,Last Mile Delivery,USD,US Dollar,1.0,55223.5,55223.5,0.0,Paid,Net 30,2025-03-23,54,,nora.kowalczyk@onyxpackagingsystems.com,"7811 Commerce Dr, Suite 219",Phoenix,USA,NotSet,EmailSent,,QBO,False,0
5171,1171,2025-01-07,2025-02-06,2025-01,MLG,Meridian Logistics LLC,2023,Atlas Bearing Works,Industrial,4017,Last Mile Delivery Program,LM-DEL-ST,Last Mile Delivery Program - 2025-01,3,17296.68,4060,Revenue - Last Mile Delivery,Last Mile Delivery,USD,US Dollar,1.0,51890.04,51890.04,0.0,Paid,Net 30,2025-02-17,41,,claire.ashworth@atlasbearingworks.com,"1081 Commerce Dr, Suite 448",Dallas,USA,NotSet,EmailSent,,QBO,False,0
5172,1172,2025-01-11,2025-02-25,2025-01,CFS,Cascade Freight Systems Inc,2003,Northline Grocers Co-op,Grocery,4003,Intermodal Rail Program,SVC-RAIL,Intermodal Rail Program - 2025-01,2,56933.89,4000,Revenue - Freight Brokerage,Freight Brokerage,USD,US Dollar,1.0,113867.78,113867.78,0.0,Paid,Net 45,2025-02-23,43,,nora.moreau@northlinegrocerscoop.com,"2276 Commerce Dr, Suite 756",Memphis,USA,NotSet,EmailSent,,QBO,False,0
5173,1173,2025-01-14,2025-01-29,2025-01,CFS,Cascade Freight Systems Inc,2007,Redstone Building Supply,Construction,4006,Dedicated Fleet - Monthly Contract,DED-FLT-MO,Dedicated Fleet - Monthly Contract - 2025-01,1,62024.52,4010,Revenue - Dedicated Fleet,Dedicated Fleet,USD,US Dollar,1.0,62024.52,62024.52,0.0,Paid,Net 15,2025-02-23,40,,victor.marchetti@redstonebuildingsupply.com,"8435 Commerce Dr, Suite 324",Memphis,USA,NotSet,EmailSent,,QBO,False,0
5174,1174,2025-01-12,2025-02-26,2025-01,CFS,Cascade Freight Systems Inc,2011,Meadowvale Farms,Agriculture,4004,Flatbed & Oversize Transport,SVC-FLAT,Flatbed & Oversize Transport - 2025-01,1,52761.66,4000,Revenue - Freight Brokerage,Freight Brokerage,USD,US Dollar,1.0,52761.66,52761.66,52761.66,Open,Net 45,,,534,naomi.kowalczyk@meadowvalefarms.com,"7551 Terminal Way, Suite 176",Charlotte,USA,NeedToPrint,EmailSent,,QBO,False,0
5175,1175,2025-01-08,2025-02-22,2025-01,CFS,Cascade Freight Systems Inc,2015,Copperfield Chemicals,Chemicals,4005,Refrigerated Truckload,SVC-REEF,Refrigerated Truckload - 2025-01,2,22920.55,4000,Revenue - Freight Brokerage,Freight Brokerage,USD,US Dollar,1.0,45841.1,45841.1,0.0,Paid,Net 45,2025-03-18,69,,devon.vandermeer@copperfieldchemicals.com,"6069 Commerce Dr, Suite 265",Columbus,USA,NotSet,EmailSent,,QBO,False,0
5176,1176,2025-01-23,2025-02-22,2025-01,CFS,Cascade Freight Systems Inc,2018,Ferrous Metals Trading,Metals,4007,Driver Leasing Program,SVC-DRIVE,Driver Leasing Program - 2025-01,1,50629.76,4010,Revenue - Dedicated Fleet,Dedicated Fleet,USD,US Dollar,1.0,50629.76,50629.76,0.0,Paid,Net 30,2025-03-09,45,,naomi.ellsworth@ferrousmetalstrading.com,"2584 Havenweg, Suite 861",Memphis,USA,NotSet,EmailSent,,QBO,False,0
5177,1177,2025-01-11,2025-02-25,2025-01,CFS,Cascade Freight Systems Inc,2021,Highmark Steel Service,Metals,4004,Flatbed & Oversize Transport,SVC-FLAT,Flatbed & Oversize Transport - 2025-01,1,45899.32,4000,Revenue - Freight Brokerage,Freight Brokerage,USD,US Dollar,1.0,45899.32,45899.32,0.0,Paid,Net 45,2025-03-23,71,,claire.vandermeer@highmarksteelservice.com,"9247 Oak Ave, Suite 708",Charlotte,USA,NotSet,EmailSent,,QBO,False,0
5178,1178,2025-01-17,2025-02-16,2025-01,NWC,Northwind Cargo B.V.,2000,Global Retail Partners,Retail,4002,Port Drayage Program,SVC-DRAY,Port Drayage Program - 2025-01,3,41467.79,4000,Revenue - Freight Brokerage,Freight Brokerage,EUR,Euro,1.09,124403.37,135599.67,124403.37,Open,Net 30,,,529,nora.solberg@globalretailpartners.com,"9059 Terminal Way, Suite 304",Antwerp,NLD,NeedToPrint,EmailSent,,QBO,False,0
5179,1179,2025-01-09,2025-02-08,2025-01,NWC,Northwind Cargo B.V.,2004,Vertex Pharma Distribution,Pharma,4001,Freight Brokerage - International,FRT-BRK-INT,Freight Brokerage - International - 2025-01,2,30127.78,4000,Revenue - Freight Brokerage,Freight Brokerage,EUR,Euro,1.09,60255.56,65678.56,0.0,Paid,Net 30,2025-02-09,31,,devon.devereaux@vertexpharmadistribution.com,"1824 Cedar Ln, Suite 759",Antwerp,NLD,NotSet,EmailSent,,QBO,False,0
5180,1180,2025-01-22,2025-03-08,2025-01,NWC,Northwind Cargo B.V.,2009,Cobalt Electronics,Electronics,4015,Customs Entry & Clearance,CUS-ENTRY,Customs Entry & Clearance - 2025-01,1,41983.3,4050,Revenue - Customs & Compliance,Customs & Compliance,EUR,Euro,1.09,41983.3,45761.8,0.0,Paid,Net 45,2025-03-07,44,,owen.marchetti@cobaltelectronics.com,"4170 Cedar Ln, Suite 138",Hamburg,NLD,NotSet,EmailSent,,QBO,False,0
5181,1181,2025-01-19,2025-03-05,2025-01,NWC,Northwind Cargo B.V.,2010,Aurora Textiles Group,Apparel,4020,TMS Platform Subscription,SW-TMS-SEAT,TMS Platform Subscription - 2025-01,2,15567.95,4090,Revenue - Software & Data Services,Software & Data Services,EUR,Euro,1.09,31135.9,33938.13,0.0,Paid,Net 45,2025-03-14,54,,bianca.moreau@auroratextilesgroup.com,"5223 Oak Ave, Suite 555",Hamburg,NLD,NotSet,EmailSent,,QBO,False,0
5182,1182,2025-01-02,2025-02-01,2025-01,NWC,Northwind Cargo B.V.,2014,Polaris Cold Chain,Food,4002,Port Drayage Program,SVC-DRAY,Port Drayage Program - 2025-01,3,12954.9,4000,Revenue - Freight Brokerage,Freight Brokerage,EUR,Euro,1.09,38864.7,42362.52,0.0,Paid,Net 30,2025-02-04,33,,marcus.lindqvist@polariscoldchain.com,"3723 Cedar Ln, Suite 328",Duisburg,NLD,NotSet,EmailSent,,QBO,False,0
5183,1183,2025-01-20,2025-02-04,2025-01,NWC,Northwind Cargo B.V.,2020,Volta Battery Systems,Electronics,4001,Freight Brokerage - International,FRT-BRK-INT,Freight Brokerage - International - 2025-01,3,10023.73,4000,Revenue - Freight Brokerage,Freight Brokerage,EUR,Euro,1.09,30071.19,32777.6,0.0,Paid,Net 15,2025-02-05,16,,bianca.nowak@voltabatterysystems.com,"3100 Cedar Ln, Suite 400",Lyon,NLD,NotSet,EmailSent,,QBO,False,0
5184,1184,2025-01-25,2025-03-26,2025-01,APX,Apex Warehousing LLC,2005,Solstice Home Goods,Retail,4009,Cross-Dock Handling,SVC-CROSS,Cross-Dock Handling - 2025-01,2,37561.08,4020,Revenue - LTL Consolidation,LTL Consolidation,USD,US Dollar,1.0,75122.16,75122.16,0.0,Paid,Net 60,2025-04-05,70,,ingrid.whitfield@solsticehomegoods.com,"7197 Commerce Dr, Suite 618",Columbus,USA,NotSet,EmailSent,,QBO,False,0
5185,1185,2025-01-06,2025-02-05,2025-01,APX,Apex Warehousing LLC,2012,Pinnacle Sports Supply,Retail,4011,Cold Storage - Pallet Positions,WHS-COLD,Cold Storage - Pallet Positions - 2025-01,1,39732.17,4030,Revenue - Warehousing & Storage,Warehousing & Storage,USD,US Dollar,1.0,39732.17,39732.17,0.0,Paid,Net 30,2025-02-07,32,,marcus.okafor@pinnaclesportssupply.com,"9301 Industrial Pkwy, Suite 741",Dallas,USA,NotSet,EmailSent,,QBO,False,0
5186,1186,2025-01-22,2025-02-21,2025-01,APX,Apex Warehousing LLC,2016,Trailhead Outdoor Gear,Retail,4011,Cold Storage - Pallet Positions,WHS-COLD,Cold Storage - Pallet Positions - 2025-01,2,18670.48,4030,Revenue - Warehousing & Storage,Warehousing & Storage,USD,US Dollar,1.0,37340.96,37340.96,0.0,Paid,Net 30,2025-02-22,31,,grant.delacroix@trailheadoutdoorgear.com,"3067 Industrial Pkwy, Suite 158",Seattle,USA,NotSet,EmailSent,,QBO,False,0
5187,1187,2025-01-14,2025-01-29,2025-01,APX,Apex Warehousing LLC,2019,Silverline Appliances,Appliances,4013,Fulfillment - Pick & Pack,FUL-PICK,Fulfillment - Pick & Pack - 2025-01,3,10597.9,4040,Revenue - Fulfillment & Pick-Pack,Fulfillment & Pick-Pack,USD,US Dollar,1.0,31793.7,31793.7,0.0,Paid,Net 15,2025-02-08,25,,naomi.kowalczyk@silverlineappliances.com,"3450 Havenweg, Suite 419",Columbus,USA,NotSet,EmailSent,,QBO,False,0
5188,1188,2025-01-02,2025-01-17,2025-01,APX,Apex Warehousing LLC,2022,Lumina Cosmetics,Beauty,4010,Warehousing - Pallet Positions,WHS-STOR-PAL,Warehousing - Pallet Positions - 2025-01,1,30791.6,4030,Revenue - Warehousing & Storage,Warehousing & Storage,USD,US Dollar,1.0,30791.6,30791.6,0.0,Paid,Net 15,2025-01-03,1,,helena.mendez@luminacosmetics.com,"3400 Havenweg, Suite 247",Atlanta,USA,NotSet,EmailSent,,QBO,False,0
5189,1189,2025-02-02,2025-03-19,2025-02,MLG,Meridian Logistics LLC,2001,Vantage Consumer Brands,CPG,4017,Last Mile Delivery Program,LM-DEL-ST,Last Mile Delivery Program - 2025-02,2,93493.71,4060,Revenue - Last Mile Delivery,Last Mile Delivery,USD,US Dollar,1.0,186987.42,186987.42,0.0,Paid,Net 45,2025-03-19,45,,angela.nowak@vantageconsumerbrands.com,"7611 Oak Ave, Suite 587",Memphis,USA,NotSet,EmailSent,,QBO,False,0
5190,1190,2025-02-02,2025-03-04,2025-02,MLG,Meridian Logistics LLC,2002,Ironbridge Manufacturing,Industrial,4000,Freight Brokerage - Standard,FRT-BRK-STD,Freight Brokerage - Standard - 2025-02,3,48085.38,4000,Revenue - Freight Brokerage,Freight Brokerage,USD,US Dollar,1.0,144256.14,144256.14,0.0,Paid,Net 30,2025-03-14,40,,lena.sandoval@ironbridgemanufacturing.com,"5482 Oak Ave, Suite 181",Columbus,USA,NotSet,EmailSent,,QBO,False,0
5191,1191,2025-02-13,2025-02-28,2025-02,MLG,Meridian Logistics LLC,2006,Kestrel Auto Components,Automotive,4021,Freight Bill Audit & Pay,SVC-AUDIT,Freight Bill Audit & Pay - 2025-02,2,45797.82,4090,Revenue - Software & Data Services,Software & Data Services,USD,US Dollar,1.0,91595.64,91595.64,0.0,Paid,Net 15,2025-03-10,25,,nora.vasquez@kestrelautocomponents.com,"4140 Industrial Pkwy, Suite 748",Newark,USA,NotSet,EmailSent,,QBO,False,0
5192,1192,2025-02-12,2025-03-29,2025-02,MLG,Meridian Logistics LLC,2008,Halcyon Beverage Co,Beverage,4021,Freight Bill Audit & Pay,SVC-AUDIT,Freight Bill Audit & Pay - 2025-02,1,77788.7,4090,Revenue - Software & Data Services,Software & Data Services,USD,US Dollar,1.0,77788.7,77788.7,0.0,Paid,Net 45,2025-04-05,52,,rachel.mensah@halcyonbeverageco.com,"9866 Terminal Way, Suite 792",Dallas,USA,NotSet,EmailSent,,QBO,False,0
5193,1193,2025-02-11,2025-04-12,2025-02,MLG,Meridian Logistics LLC,2013,Summit Medical Supply,Healthcare,4008,LTL Consolidation - Lane Program,LTL-CON-LN,LTL Consolidation - Lane Program - 2025-02,1,79933.54,4020,Revenue - LTL Consolidation,LTL Consolidation,USD,US Dollar,1.0,79933.54,79933.54,0.0,Paid,Net 60,2025-04-29,77,,rachel.whitfield@summitmedicalsupply.com,"3309 Terminal Way, Suite 763",Atlanta,USA,NotSet,EmailSent,,QBO,False,0
5194,1194,2025-02-13,2025-03-15,2025-02,MLG,Meridian Logistics LLC,2017,Onyx Packaging Systems,Packaging,4017,Last Mile Delivery Program,LM-DEL-ST,Last Mile Delivery Program - 2025-02,2,28160.62,4060,Revenue - Last Mile Delivery,Last Mile Delivery,USD,US Dollar,1.0,56321.24,56321.24,0.0,Paid,Net 30,2025-03-22,37,,nora.kowalczyk@onyxpackagingsystems.com,"7811 Commerce Dr, Suite 219",Phoenix,USA,NotSet,EmailSent,,QBO,False,0
5195,1195,2025-02-09,2025-03-11,2025-02,MLG,Meridian Logistics LLC,2023,Atlas Bearing Works,Industrial,4017,Last Mile Delivery Program,LM-DEL-ST,Last Mile Delivery Program - 2025-02,2,26924.56,4060,Revenue - Last Mile Delivery,Last Mile Delivery,USD,US Dollar,1.0,53849.12,53849.12,0.0,Paid,Net 30,2025-03-07,26,,claire.ashworth@atlasbearingworks.com,"1081 Commerce Dr, Suite 448",Dallas,USA,NotSet,EmailSent,,QBO,False,0
5196,1196,2025-02-24,2025-04-10,2025-02,CFS,Cascade Freight Systems Inc,2003,Northline Grocers Co-op,Grocery,4003,Intermodal Rail Program,SVC-RAIL,Intermodal Rail Program - 2025-02,1,128086.99,4000,Revenue - Freight Brokerage,Freight Brokerage,USD,US Dollar,1.0,128086.99,128086.99,0.0,Paid,Net 45,2025-04-06,41,,nora.moreau@northlinegrocerscoop.com,"2276 Commerce Dr, Suite 756",Memphis,USA,NotSet,EmailSent,,QBO,False,0
5197,1197,2025-02-11,2025-02-26,2025-02,CFS,Cascade Freight Systems Inc,2007,Redstone Building Supply,Construction,4006,Dedicated Fleet - Monthly Contract,DED-FLT-MO,Dedicated Fleet - Monthly Contract - 2025-02,3,21498.39,4010,Revenue - Dedicated Fleet,Dedicated Fleet,USD,US Dollar,1.0,64495.17,64495.17,0.0,Paid,Net 15,2025-03-14,31,,victor.marchetti@redstonebuildingsupply.com,"8435 Commerce Dr, Suite 324",Memphis,USA,NotSet,EmailSent,,QBO,False,0
5198,1198,2025-02-19,2025-04-05,2025-02,CFS,Cascade Freight Systems Inc,2011,Meadowvale Farms,Agriculture,4004,Flatbed & Oversize Transport,SVC-FLAT,Flatbed & Oversize Transport - 2025-02,2,27490.83,4000,Revenue - Freight Brokerage,Freight Brokerage,USD,US Dollar,1.0,54981.66,54981.66,0.0,Paid,Net 45,2025-04-07,47,,naomi.kowalczyk@meadowvalefarms.com,"7551 Terminal Way, Suite 176",Charlotte,USA,NotSet,EmailSent,,QBO,False,0
5199,1199,2025-02-16,2025-04-02,2025-02,CFS,Cascade Freight Systems Inc,2015,Copperfield Chemicals,Chemicals,4005,Refrigerated Truckload,SVC-REEF,Refrigerated Truckload - 2025-02,3,16001.64,4000,Revenue - Freight Brokerage,Freight Brokerage,USD,US Dollar,1.0,48004.92,48004.92,0.0,Paid,Net 45,2025-04-23,66,,devon.vandermeer@copperfieldchemicals.com,"6069 Commerce Dr, Suite 265",Columbus,USA,NotSet,EmailSent,,QBO,False,0
5200,1200,2025-02-28,2025-03-30,2025-02,CFS,Cascade Freight Systems Inc,2018,Ferrous Metals Trading,Metals,4007,Driver Leasing Program,SVC-DRIVE,Driver Leasing Program - 2025-02,2,26870.72,4010,Revenue - Dedicated Fleet,Dedicated Fleet,USD,US Dollar,1.0,53741.44,53741.44,0.0,Paid,Net 30,2025-03-23,23,,naomi.ellsworth@ferrousmetalstrading.com,"2584 Havenweg, Suite 861",Memphis,USA,NotSet,EmailSent,,QBO,False,0
5201,1201,2025-02-25,2025-04-11,2025-02,CFS,Cascade Freight Systems Inc,2021,Highmark Steel Service,Metals,4004,Flatbed & Oversize Transport,SVC-FLAT,Flatbed & Oversize Transport - 2025-02,1,52261.07,4000,Revenue - Freight Brokerage,Freight Brokerage,USD,US Dollar,1.0,52261.07,52261.07,0.0,Paid,Net 45,2025-05-08,72,,claire.vandermeer@highmarksteelservice.com,"9247 Oak Ave, Suite 708",Charlotte,USA,NotSet,EmailSent,,QBO,False,0
5202,1202,2025-02-18,2025-03-20,2025-02,NWC,Northwind Cargo B.V.,2000,Global Retail Partners,Retail,4002,Port Drayage Program,SVC-DRAY,Port Drayage Program - 2025-02,2,60540.44,4000,Revenue - Freight Brokerage,Freight Brokerage,EUR,Euro,1.09,121080.88,131978.16,0.0,Paid,Net 30,2025-03-19,29,,nora.solberg@globalretailpartners.com,"9059 Terminal Way, Suite 304",Antwerp,NLD,NotSet,EmailSent,,QBO,False,0
5203,1203,2025-02-19,2025-03-21,2025-02,NWC,Northwind Cargo B.V.,2004,Vertex Pharma Distribution,Pharma,4001,Freight Brokerage - International,FRT-BRK-INT,Freight Brokerage - International - 2025-02,2,27912.83,4000,Revenue - Freight Brokerage,Freight Brokerage,EUR,Euro,1.09,55825.66,60849.97,0.0,Paid,Net 30,2025-03-25,34,,devon.devereaux@vertexpharmadistribution.com,"1824 Cedar Ln, Suite 759",Antwerp,NLD,NotSet,EmailSent,,QBO,False,0
5204,1204,2025-02-21,2025-04-07,2025-02,NWC,Northwind Cargo B.V.,2009,Cobalt Electronics,Electronics,4015,Customs Entry & Clearance,CUS-ENTRY,Customs Entry & Clearance - 2025-02,1,41398.31,4050,Revenue - Customs & Compliance,Customs & Compliance,EUR,Euro,1.09,41398.31,45124.16,0.0,Paid,Net 45,2025-04-22,60,,owen.marchetti@cobaltelectronics.com,"4170 Cedar Ln, Suite 138",Hamburg,NLD,NotSet,EmailSent,,QBO,False,0
5205,1205,2025-02-15,2025-04-01,2025-02,NWC,Northwind Cargo B.V.,2010,Aurora Textiles Group,Apparel,4020,TMS Platform Subscription,SW-TMS-SEAT,TMS Platform Subscription - 2025-02,1,35660.75,4090,Revenue - Software & Data Services,Software & Data Services,EUR,Euro,1.09,35660.75,38870.22,0.0,Paid,Net 45,2025-04-07,51,,bianca.moreau@auroratextilesgroup.com,"5223 Oak Ave, Suite 555",Hamburg,NLD,NotSet,EmailSent,,QBO,False,0
5206,1206,2025-02-18,2025-03-20,2025-02,NWC,Northwind Cargo B.V.,2014,Polaris Cold Chain,Food,4002,Port Drayage Program,SVC-DRAY,Port Drayage Program - 2025-02,2,20889.53,4000,Revenue - Freight Brokerage,Freight Brokerage,EUR,Euro,1.09,41779.06,45539.18,0.0,Paid,Net 30,2025-03-21,31,,marcus.lindqvist@polariscoldchain.com,"3723 Cedar Ln, Suite 328",Duisburg,NLD,NotSet,EmailSent,,QBO,False,0
5207,1207,2025-02-21,2025-03-08,2025-02,NWC,Northwind Cargo B.V.,2020,Volta Battery Systems,Electronics,4001,Freight Brokerage - International,FRT-BRK-INT,Freight Brokerage - International - 2025-02,1,35021.14,4000,Revenue - Freight Brokerage,Freight Brokerage,EUR,Euro,1.09,35021.14,38173.04,0.0,Paid,Net 15,2025-03-19,26,,bianca.nowak@voltabatterysystems.com,"3100 Cedar Ln, Suite 400",Lyon,NLD,NotSet,EmailSent,,QBO,False,0
5208,1208,2025-02-17,2025-04-18,2025-02,APX,Apex Warehousing LLC,2005,Solstice Home Goods,Retail,4009,Cross-Dock Handling,SVC-CROSS,Cross-Dock Handling - 2025-02,1,79362.81,4020,Revenue - LTL Consolidation,LTL Consolidation,USD,US Dollar,1.0,79362.81,79362.81,0.0,Paid,Net 60,2025-05-10,82,,ingrid.whitfield@solsticehomegoods.com,"7197 Commerce Dr, Suite 618",Columbus,USA,NotSet,EmailSent,,QBO,False,0
5209,1209,2025-02-08,2025-03-10,2025-02,APX,Apex Warehousing LLC,2012,Pinnacle Sports Supply,Retail,4011,Cold Storage - Pallet Positions,WHS-COLD,Cold Storage - Pallet Positions - 2025-02,3,13358.47,4030,Revenue - Warehousing & Storage,Warehousing & Storage,USD,US Dollar,1.0,40075.41,40075.41,0.0,Paid,Net 30,2025-03-25,45,,marcus.okafor@pinnaclesportssupply.com,"9301 Industrial Pkwy, Suite 741",Dallas,USA,NotSet,EmailSent,,QBO,False,0
5210,1210,2025-02-16,2025-03-18,2025-02,APX,Apex Warehousing LLC,2016,Trailhead Outdoor Gear,Retail,4011,Cold Storage - Pallet Positions,WHS-COLD,Cold Storage - Pallet Positions - 2025-02,3,12543.71,4030,Revenue - Warehousing & Storage,Warehousing & Storage,USD,US Dollar,1.0,37631.13,37631.13,0.0,Paid,Net 30,2025-04-02,45,,grant.delacroix@trailheadoutdoorgear.com,"3067 Industrial Pkwy, Suite 158",Seattle,USA,NotSet,EmailSent,,QBO,False,0
5211,1211,2025-02-28,2025-03-15,2025-02,APX,Apex Warehousing LLC,2019,Silverline Appliances,Appliances,4013,Fulfillment - Pick & Pack,FUL-PICK,Fulfillment - Pick & Pack - 2025-02,1,32054.19,4040,Revenue - Fulfillment & Pick-Pack,Fulfillment & Pick-Pack,USD,US Dollar,1.0,32054.19,32054.19,0.0,Paid,Net 15,2025-04-02,33,,naomi.kowalczyk@silverlineappliances.com,"3450 Havenweg, Suite 419",Columbus,USA,NotSet,EmailSent,,QBO,False,0
5212,1212,2025-02-13,2025-02-28,2025-02,APX,Apex Warehousing LLC,2022,Lumina Cosmetics,Beauty,4010,Warehousing - Pallet Positions,WHS-STOR-PAL,Warehousing - Pallet Positions - 2025-02,2,15058.07,4030,Revenue - Warehousing & Storage,Warehousing & Storage,USD,US Dollar,1.0,30116.14,30116.14,0.0,Paid,Net 15,2025-02-17,4,,helena.mendez@luminacosmetics.com,"3400 Havenweg, Suite 247",Atlanta,USA,NotSet,EmailSent,,QBO,False,0
5213,1213,2025-03-21,2025-05-05,2025-03,MLG,Meridian Logistics LLC,2001,Vantage Consumer Brands,CPG,4017,Last Mile Delivery Program,LM-DEL-ST,Last Mile Delivery Program - 2025-03,1,145158.09,4060,Revenue - Last Mile Delivery,Last Mile Delivery,USD,US Dollar,1.0,145158.09,145158.09,0.0,Paid,Net 45,2025-05-01,41,,angela.nowak@vantageconsumerbrands.com,"7611 Oak Ave, Suite 587",Memphis,USA,NotSet,EmailSent,,QBO,False,0
5214,1214,2025-03-21,2025-04-20,2025-03,MLG,Meridian Logistics LLC,2002,Ironbridge Manufacturing,Industrial,4000,Freight Brokerage - Standard,FRT-BRK-STD,Freight Brokerage - Standard - 2025-03,2,53883.0,4000,Revenue - Freight Brokerage,Freight Brokerage,USD,US Dollar,1.0,107766.0,107766.0,0.0,Paid,Net 30,2025-04-30,40,,lena.sandoval@ironbridgemanufacturing.com,"5482 Oak Ave, Suite 181",Columbus,USA,NotSet,EmailSent,,QBO,False,0
5215,1215,2025-03-07,2025-03-22,2025-03,MLG,Meridian Logistics LLC,2006,Kestrel Auto Components,Automotive,4021,Freight Bill Audit & Pay,SVC-AUDIT,Freight Bill Audit & Pay - 2025-03,1,68750.12,4090,Revenue - Software & Data Services,Software & Data Services,USD,US Dollar,1.0,68750.12,68750.12,0.0,Paid,Net 15,2025-03-19,12,,nora.vasquez@kestrelautocomponents.com,"4140 Industrial Pkwy, Suite 748",Newark,USA,NotSet,EmailSent,,QBO,False,0
5216,1216,2025-03-10,2025-04-24,2025-03,MLG,Meridian Logistics LLC,2008,Halcyon Beverage Co,Beverage,4021,Freight Bill Audit & Pay,SVC-AUDIT,Freight Bill Audit & Pay - 2025-03,2,27140.0,4090,Revenue - Software & Data Services,Software & Data Services,USD,US Dollar,1.0,54280.0,54280.0,0.0,Paid,Net 45,2025-05-07,58,,rachel.mensah@halcyonbeverageco.com,"9866 Terminal Way, Suite 792",Dallas,USA,NotSet,EmailSent,,QBO,False,0
5217,1217,2025-03-13,2025-05-12,2025-03,MLG,Meridian Logistics LLC,2013,Summit Medical Supply,Healthcare,4008,LTL Consolidation - Lane Program,LTL-CON-LN,LTL Consolidation - Lane Program - 2025-03,1,55683.07,4020,Revenue - LTL Consolidation,LTL Consolidation,USD,US Dollar,1.0,55683.07,55683.07,0.0,Paid,Net 60,2025-05-18,66,,rachel.whitfield@summitmedicalsupply.com,"3309 Terminal Way, Suite 763",Atlanta,USA,NotSet,EmailSent,,QBO,False,0
5218,1218,2025-03-15,2025-04-14,2025-03,MLG,Meridian Logistics LLC,2017,Onyx Packaging Systems,Packaging,4017,Last Mile Delivery Program,LM-DEL-ST,Last Mile Delivery Program - 2025-03,2,22116.62,4060,Revenue - Last Mile Delivery,Last Mile Delivery,USD,US Dollar,1.0,44233.24,44233.24,44233.24,Open,Net 30,,,472,nora.kowalczyk@onyxpackagingsystems.com,"7811 Commerce Dr, Suite 219",Phoenix,USA,NeedToPrint,EmailSent,,QBO,False,0
5219,1219,2025-03-16,2025-04-15,2025-03,MLG,Meridian Logistics LLC,2023,Atlas Bearing Works,Industrial,4017,Last Mile Delivery Program,LM-DEL-ST,Last Mile Delivery Program - 2025-03,1,40831.82,4060,Revenue - Last Mile Delivery,Last Mile Delivery,USD,US Dollar,1.0,40831.82,40831.82,0.0,Paid,Net 30,2025-04-17,32,,claire.ashworth@atlasbearingworks.com,"1081 Commerce Dr, Suite 448",Dallas,USA,NotSet,EmailSent,,QBO,False,0
5220,1220,2025-03-13,2025-04-12,2025-03,MLG,Meridian Logistics LLC,2027,Perigee Aerospace Parts,Aerospace,4008,LTL Consolidation - Lane Program,LTL-CON-LN,LTL Consolidation - Lane Program - 2025-03,1,197520.81,4020,Revenue - LTL Consolidation,LTL Consolidation,USD,US Dollar,1.0,197520.81,197520.81,0.0,Paid,Net 30,2025-03-30,17,,ingrid.bergstrom@perigeeaerospaceparts.com,"9548 Terminal Way, Suite 444",Columbus,USA,NotSet,EmailSent,,QBO,False,0
5221,1221,2025-03-18,2025-05-02,2025-03,CFS,Cascade Freight Systems Inc,2003,Northline Grocers Co-op,Grocery,4003,Intermodal Rail Program,SVC-RAIL,Intermodal Rail Program - 2025-03,2,26606.94,4000,Revenue - Freight Brokerage,Freight Brokerage,USD,US Dollar,1.0,53213.88,53213.88,0.0,Paid,Net 45,2025-05-04,47,,nora.moreau@northlinegrocerscoop.com,"2276 Commerce Dr, Suite 756",Memphis,USA,NotSet,EmailSent,,QBO,False,0
5222,1222,2025-03-15,2025-03-30,2025-03,CFS,Cascade Freight Systems Inc,2007,Redstone Building Supply,Construction,4006,Dedicated Fleet - Monthly Contract,DED-FLT-MO,Dedicated Fleet - Monthly Contract - 2025-03,2,15368.85,4010,Revenue - Dedicated Fleet,Dedicated Fleet,USD,US Dollar,1.0,30737.7,30737.7,0.0,Paid,Net 15,2025-04-09,25,,victor.marchetti@redstonebuildingsupply.com,"8435 Commerce Dr, Suite 324",Memphis,USA,NotSet,EmailSent,,QBO,False,0
5223,1223,2025-03-04,2025-04-18,2025-03,CFS,Cascade Freight Systems Inc,2011,Meadowvale Farms,Agriculture,4004,Flatbed & Oversize Transport,SVC-FLAT,Flatbed & Oversize Transport - 2025-03,3,8060.31,4000,Revenue - Freight Brokerage,Freight Brokerage,USD,US Dollar,1.0,24180.93,24180.93,0.0,Paid,Net 45,2025-05-09,66,,naomi.kowalczyk@meadowvalefarms.com,"7551 Terminal Way, Suite 176",Charlotte,USA,NotSet,EmailSent,,QBO,False,0
5224,1224,2025-03-08,2025-04-22,2025-03,CFS,Cascade Freight Systems Inc,2015,Copperfield Chemicals,Chemicals,4005,Refrigerated Truckload,SVC-REEF,Refrigerated Truckload - 2025-03,3,7577.9,4000,Revenue - Freight Brokerage,Freight Brokerage,USD,US Dollar,1.0,22733.7,22733.7,0.0,Paid,Net 45,2025-05-03,56,,devon.vandermeer@copperfieldchemicals.com,"6069 Commerce Dr, Suite 265",Columbus,USA,NotSet,EmailSent,,QBO,False,0
5225,1225,2025-03-06,2025-04-05,2025-03,CFS,Cascade Freight Systems Inc,2018,Ferrous Metals Trading,Metals,4007,Driver Leasing Program,SVC-DRIVE,Driver Leasing Program - 2025-03,3,8899.43,4010,Revenue - Dedicated Fleet,Dedicated Fleet,USD,US Dollar,1.0,26698.29,26698.29,0.0,Paid,Net 30,2025-04-12,37,,naomi.ellsworth@ferrousmetalstrading.com,"2584 Havenweg, Suite 861",Memphis,USA,NotSet,EmailSent,,QBO,False,0
5226,1226,2025-03-07,2025-04-21,2025-03,CFS,Cascade Freight Systems Inc,2021,Highmark Steel Service,Metals,4004,Flatbed & Oversize Transport,SVC-FLAT,Flatbed & Oversize Transport - 2025-03,1,22145.9,4000,Revenue - Freight Brokerage,Freight Brokerage,USD,US Dollar,1.0,22145.9,22145.9,0.0,Paid,Net 45,2025-05-12,66,,claire.vandermeer@highmarksteelservice.com,"9247 Oak Ave, Suite 708",Charlotte,USA,NotSet,EmailSent,,QBO,False,0
5227,1227,2025-03-15,2025-04-29,2025-03,CFS,Cascade Freight Systems Inc,2026,Quarry Stone Materials,Construction,4006,Dedicated Fleet - Monthly Contract,DED-FLT-MO,Dedicated Fleet - Monthly Contract - 2025-03,1,105049.43,4010,Revenue - Dedicated Fleet,Dedicated Fleet,USD,US Dollar,1.0,105049.43,105049.43,0.0,Paid,Net 45,2025-04-30,46,,maya.marchetti@quarrystonematerials.com,"391 Industrial Pkwy, Suite 896",Denver,USA,NotSet,EmailSent,,QBO,False,0
5228,1228,2025-03-23,2025-05-22,2025-03,CFS,Cascade Freight Systems Inc,2030,Bramblewood Nursery,Agriculture,4005,Refrigerated Truckload,SVC-REEF,Refrigerated Truckload - 2025-03,1,71599.9,4000,Revenue - Freight Brokerage,Freight Brokerage,USD,US Dollar,1.0,71599.9,71599.9,0.0,Paid,Net 60,2025-05-30,68,,lena.whitfield@bramblewoodnursery.com,"5093 Terminal Way, Suite 443",Newark,USA,NotSet,EmailSent,,QBO,False,0
5229,1229,2025-03-06,2025-04-05,2025-03,CFS,Cascade Freight Systems Inc,2033,Sparrow Lane Bakery,Food,4006,Dedicated Fleet - Monthly Contract,DED-FLT-MO,Dedicated Fleet - Monthly Contract - 2025-03,1,63819.26,4010,Revenue - Dedicated Fleet,Dedicated Fleet,USD,US Dollar,1.0,63819.26,63819.26,0.0,Paid,Net 30,2025-04-23,48,,elliot.bergstrom@sparrowlanebakery.com,"3301 Oak Ave, Suite 185",Denver,USA,NotSet,EmailSent,,QBO,False,0
5230,1230,2025-03-13,2025-04-12,2025-03,NWC,Northwind Cargo B.V.,2000,Global Retail Partners,Retail,4002,Port Drayage Program,SVC-DRAY,Port Drayage Program - 2025-03,3,22262.22,4000,Revenue - Freight Brokerage,Freight Brokerage,EUR,Euro,1.09,66786.66,72797.46,0.0,Paid,Net 30,2025-04-26,44,,nora.solberg@globalretailpartners.com,"9059 Terminal Way, Suite 304",Antwerp,NLD,NotSet,EmailSent,,QBO,False,0
5231,1231,2025-03-06,2025-04-05,2025-03,NWC,Northwind Cargo B.V.,2004,Vertex Pharma Distribution,Pharma,4001,Freight Brokerage - International,FRT-BRK-INT,Freight Brokerage - International - 2025-03,3,9917.84,4000,Revenue - Freight Brokerage,Freight Brokerage,EUR,Euro,1.09,29753.52,32431.34,0.0,Paid,Net 30,2025-04-08,33,,devon.devereaux@vertexpharmadistribution.com,"1824 Cedar Ln, Suite 759",Antwerp,NLD,NotSet,EmailSent,,QBO,False,0
5232,1232,2025-03-05,2025-04-19,2025-03,NWC,Northwind Cargo B.V.,2009,Cobalt Electronics,Electronics,4015,Customs Entry & Clearance,CUS-ENTRY,Customs Entry & Clearance - 2025-03,3,6363.7,4050,Revenue - Customs & Compliance,Customs & Compliance,EUR,Euro,1.09,19091.1,20809.3,0.0,Paid,Net 45,2025-04-23,49,,owen.marchetti@cobaltelectronics.com,"4170 Cedar Ln, Suite 138",Hamburg,NLD,NotSet,EmailSent,,QBO,False,0
5233,1233,2025-03-13,2025-04-27,2025-03,NWC,Northwind Cargo B.V.,2010,Aurora Textiles Group,Apparel,4020,TMS Platform Subscription,SW-TMS-SEAT,TMS Platform Subscription - 2025-03,2,8425.75,4090,Revenue - Software & Data Services,Software & Data Services,EUR,Euro,1.09,16851.5,18368.14,0.0,Paid,Net 45,2025-04-28,46,,bianca.moreau@auroratextilesgroup.com,"5223 Oak Ave, Suite 555",Hamburg,NLD,NotSet,EmailSent,,QBO,False,0
5234,1234,2025-03-12,2025-04-11,2025-03,NWC,Northwind Cargo B.V.,2014,Polaris Cold Chain,Food,4002,Port Drayage Program,SVC-DRAY,Port Drayage Program - 2025-03,2,11141.05,4000,Revenue - Freight Brokerage,Freight Brokerage,EUR,Euro,1.09,22282.1,24287.49,0.0,Paid,Net 30,2025-04-15,34,,marcus.lindqvist@polariscoldchain.com,"3723 Cedar Ln, Suite 328",Duisburg,NLD,NotSet,EmailSent,,QBO,False,0
5235,1235,2025-03-18,2025-04-02,2025-03,NWC,Northwind Cargo B.V.,2020,Volta Battery Systems,Electronics,4001,Freight Brokerage - International,FRT-BRK-INT,Freight Brokerage - International - 2025-03,1,17356.92,4000,Revenue - Freight Brokerage,Freight Brokerage,EUR,Euro,1.09,17356.92,18919.04,0.0,Paid,Net 15,2025-03-28,10,,bianca.nowak@voltabatterysystems.com,"3100 Cedar Ln, Suite 400",Lyon,NLD,NotSet,EmailSent,,QBO,False,0
5236,1236,2025-03-21,2025-05-20,2025-03,NWC,Northwind Cargo B.V.,2024,Beacon Optics,Electronics,4002,Port Drayage Program,SVC-DRAY,Port Drayage Program - 2025-03,3,27219.46,4000,Revenue - Freight Brokerage,Freight Brokerage,EUR,Euro,1.09,81658.38,89007.63,0.0,Paid,Net 60,2025-06-02,73,,ingrid.kowalczyk@beaconoptics.com,"6358 Commerce Dr, Suite 439",Barcelona,NLD,NotSet,EmailSent,,QBO,False,0
5237,1237,2025-03-24,2025-05-08,2025-03,NWC,Northwind Cargo B.V.,2028,Nordvik Frozen Foods,Food,4001,Freight Brokerage - International,FRT-BRK-INT,Freight Brokerage - International - 2025-03,1,58546.61,4000,Revenue - Freight Brokerage,Freight Brokerage,EUR,Euro,1.09,58546.61,63815.8,0.0,Paid,Net 45,2025-05-18,55,,owen.delacroix@nordvikfrozenfoods.com,"8980 Oak Ave, Suite 942",Lyon,NLD,NotSet,EmailSent,,QBO,False,0
5238,1238,2025-03-22,2025-04-06,2025-03,NWC,Northwind Cargo B.V.,2032,Emberline Ceramics,Ceramics,4016,Trade Compliance Program,CUS-COMP,Trade Compliance Program - 2025-03,1,52593.6,4050,Revenue - Customs & Compliance,Customs & Compliance,EUR,Euro,1.09,52593.6,57327.02,0.0,Paid,Net 15,2025-04-08,17,,owen.whitfield@emberlineceramics.com,"1700 Commerce Dr, Suite 634",Antwerp,NLD,NotSet,EmailSent,,QBO,False,0
5239,1239,2025-03-17,2025-05-16,2025-03,APX,Apex Warehousing LLC,2005,Solstice Home Goods,Retail,4009,Cross-Dock Handling,SVC-CROSS,Cross-Dock Handling - 2025-03,3,10652.16,4020,Revenue - LTL Consolidation,LTL Consolidation,USD,US Dollar,1.0,31956.48,31956.48,0.0,Paid,Net 60,2025-05-21,65,,ingrid.whitfield@solsticehomegoods.com,"7197 Commerce Dr, Suite 618",Columbus,USA,NotSet,EmailSent,,QBO,False,0
5240,1240,2025-03-20,2025-04-19,2025-03,APX,Apex Warehousing LLC,2012,Pinnacle Sports Supply,Retail,4011,Cold Storage - Pallet Positions,WHS-COLD,Cold Storage - Pallet Positions - 2025-03,1,14438.11,4030,Revenue - Warehousing & Storage,Warehousing & Storage,USD,US Dollar,1.0,14438.11,14438.11,0.0,Paid,Net 30,2025-05-02,43,,marcus.okafor@pinnaclesportssupply.com,"9301 Industrial Pkwy, Suite 741",Dallas,USA,NotSet,EmailSent,,QBO,False,0
5241,1241,2025-03-25,2025-04-24,2025-03,APX,Apex Warehousing LLC,2016,Trailhead Outdoor Gear,Retail,4011,Cold Storage - Pallet Positions,WHS-COLD,Cold Storage - Pallet Positions - 2025-03,3,4317.99,4030,Revenue - Warehousing & Storage,Warehousing & Storage,USD,US Dollar,1.0,12953.97,12953.97,0.0,Paid,Net 30,2025-04-18,24,,grant.delacroix@trailheadoutdoorgear.com,"3067 Industrial Pkwy, Suite 158",Seattle,USA,NotSet,EmailSent,,QBO,False,0
5242,1242,2025-03-22,2025-04-06,2025-03,APX,Apex Warehousing LLC,2019,Silverline Appliances,Appliances,4013,Fulfillment - Pick & Pack,FUL-PICK,Fulfillment - Pick & Pack - 2025-03,1,10814.54,4040,Revenue - Fulfillment & Pick-Pack,Fulfillment & Pick-Pack,USD,US Dollar,1.0,10814.54,10814.54,0.0,Paid,Net 15,2025-04-19,28,,naomi.kowalczyk@silverlineappliances.com,"3450 Havenweg, Suite 419",Columbus,USA,NotSet,EmailSent,,QBO,False,0
5243,1243,2025-03-16,2025-03-31,2025-03,APX,Apex Warehousing LLC,2022,Lumina Cosmetics,Beauty,4010,Warehousing - Pallet Positions,WHS-STOR-PAL,Warehousing - Pallet Positions - 2025-03,3,4070.18,4030,Revenue - Warehousing & Storage,Warehousing & Storage,USD,US Dollar,1.0,12210.54,12210.54,0.0,Paid,Net 15,2025-04-03,18,,helena.mendez@luminacosmetics.com,"3400 Havenweg, Suite 247",Atlanta,USA,NotSet,EmailSent,,QBO,False,0
5244,1244,2025-03-09,2025-04-08,2025-03,APX,Apex Warehousing LLC,2025,Willow Creek Furniture,Furniture,4009,Cross-Dock Handling,SVC-CROSS,Cross-Dock Handling - 2025-03,3,21245.72,4020,Revenue - LTL Consolidation,LTL Consolidation,USD,US Dollar,1.0,63737.16,63737.16,0.0,Paid,Net 30,2025-04-16,38,,elliot.sandoval@willowcreekfurniture.com,"2875 Commerce Dr, Suite 698",Atlanta,USA,NotSet,EmailSent,,QBO,False,0
5245,1245,2025-03-02,2025-04-16,2025-03,APX,Apex Warehousing LLC,2029,Cindershade Grills,Retail,4013,Fulfillment - Pick & Pack,FUL-PICK,Fulfillment - Pick & Pack - 2025-03,2,24925.06,4040,Revenue - Fulfillment & Pick-Pack,Fulfillment & Pick-Pack,USD,US Dollar,1.0,49850.12,49850.12,0.0,Paid,Net 45,2025-04-06,35,,owen.mensah@cindershadegrills.com,"5141 Commerce Dr, Suite 430",Newark,USA,NotSet,EmailSent,,QBO,False,0
5246,1246,2025-03-19,2025-04-18,2025-03,APX,Apex Warehousing LLC,2031,Marlowe Print Group,Media,4010,Warehousing - Pallet Positions,WHS-STOR-PAL,Warehousing - Pallet Positions - 2025-03,2,22685.62,4030,Revenue - Warehousing & Storage,Warehousing & Storage,USD,US Dollar,1.0,45371.24,45371.24,0.0,Paid,Net 30,2025-04-25,37,,aisha.roberts@marloweprintgroup.com,"7682 Cedar Ln, Suite 568",Kansas City,USA,NotSet,EmailSent,,QBO,False,0
5247,1247,2025-04-11,2025-05-26,2025-04,MLG,Meridian Logistics LLC,2001,Vantage Consumer Brands,CPG,4017,Last Mile Delivery Program,LM-DEL-ST,Last Mile Delivery Program - 2025-04,1,203419.94,4060,Revenue - Last Mile Delivery,Last Mile Delivery,USD,US Dollar,1.0,203419.94,203419.94,0.0,Paid,Net 45,2025-06-01,51,,angela.nowak@vantageconsumerbrands.com,"7611 Oak Ave, Suite 587",Memphis,USA,NotSet,EmailSent,,QBO,False,0
5248,1248,2025-04-25,2025-05-25,2025-04,MLG,Meridian Logistics LLC,2002,Ironbridge Manufacturing,Industrial,4000,Freight Brokerage - Standard,FRT-BRK-STD,Freight Brokerage - Standard - 2025-04,2,82202.05,4000,Revenue - Freight Brokerage,Freight Brokerage,USD,US Dollar,1.0,164404.1,164404.1,0.0,Paid,Net 30,2025-06-12,48,,lena.sandoval@ironbridgemanufacturing.com,"5482 Oak Ave, Suite 181",Columbus,USA,NotSet,EmailSent,,QBO,False,0
5249,1249,2025-04-21,2025-05-06,2025-04,MLG,Meridian Logistics LLC,2006,Kestrel Auto Components,Automotive,4021,Freight Bill Audit & Pay,SVC-AUDIT,Freight Bill Audit & Pay - 2025-04,3,30874.11,4090,Revenue - Software & Data Services,Software & Data Services,USD,US Dollar,1.0,92622.33,92622.33,0.0,Paid,Net 15,2025-05-22,31,,nora.vasquez@kestrelautocomponents.com,"4140 Industrial Pkwy, Suite 748",Newark,USA,NotSet,EmailSent,,QBO,False,0
5250,1250,2025-04-25,2025-06-09,2025-04,MLG,Meridian Logistics LLC,2008,Halcyon Beverage Co,Beverage,4021,Freight Bill Audit & Pay,SVC-AUDIT,Freight Bill Audit & Pay - 2025-04,1,86155.74,4090,Revenue - Software & Data Services,Software & Data Services,USD,US Dollar,1.0,86155.74,86155.74,0.0,Paid,Net 45,2025-06-18,54,,rachel.mensah@halcyonbeverageco.com,"9866 Terminal Way, Suite 792",Dallas,USA,NotSet,EmailSent,,QBO,False,0
5251,1251,2025-04-27,2025-06-26,2025-04,MLG,Meridian Logistics LLC,2013,Summit Medical Supply,Healthcare,4008,LTL Consolidation - Lane Program,LTL-CON-LN,LTL Consolidation - Lane Program - 2025-04,3,27942.18,4020,Revenue - LTL Consolidation,LTL Consolidation,USD,US Dollar,1.0,83826.54,83826.54,0.0,Paid,Net 60,2025-06-30,64,,rachel.whitfield@summitmedicalsupply.com,"3309 Terminal Way, Suite 763",Atlanta,USA,NotSet,EmailSent,,QBO,False,0
5252,1252,2025-04-26,2025-05-26,2025-04,MLG,Meridian Logistics LLC,2017,Onyx Packaging Systems,Packaging,4017,Last Mile Delivery Program,LM-DEL-ST,Last Mile Delivery Program - 2025-04,1,63878.73,4060,Revenue - Last Mile Delivery,Last Mile Delivery,USD,US Dollar,1.0,63878.73,63878.73,0.0,Paid,Net 30,2025-06-11,46,,nora.kowalczyk@onyxpackagingsystems.com,"7811 Commerce Dr, Suite 219",Phoenix,USA,NotSet,EmailSent,,QBO,False,0
5253,1253,2025-04-24,2025-05-24,2025-04,MLG,Meridian Logistics LLC,2023,Atlas Bearing Works,Industrial,4017,Last Mile Delivery Program,LM-DEL-ST,Last Mile Delivery Program - 2025-04,2,27770.33,4060,Revenue - Last Mile Delivery,Last Mile Delivery,USD,US Dollar,1.0,55540.66,55540.66,0.0,Paid,Net 30,2025-05-26,32,,claire.ashworth@atlasbearingworks.com,"1081 Commerce Dr, Suite 448",Dallas,USA,NotSet,EmailSent,,QBO,False,0
5254,1254,2025-04-11,2025-05-26,2025-04,CFS,Cascade Freight Systems Inc,2003,Northline Grocers Co-op,Grocery,4003,Intermodal Rail Program,SVC-RAIL,Intermodal Rail Program - 2025-04,1,142766.24,4000,Revenue - Freight Brokerage,Freight Brokerage,USD,US Dollar,1.0,142766.24,142766.24,0.0,Paid,Net 45,2025-06-18,68,,nora.moreau@northlinegrocerscoop.com,"2276 Commerce Dr, Suite 756",Memphis,USA,NotSet,EmailSent,,QBO,False,0
5255,1255,2025-04-11,2025-04-26,2025-04,CFS,Cascade Freight Systems Inc,2007,Redstone Building Supply,Construction,4006,Dedicated Fleet - Monthly Contract,DED-FLT-MO,Dedicated Fleet - Monthly Contract - 2025-04,3,24023.41,4010,Revenue - Dedicated Fleet,Dedicated Fleet,USD,US Dollar,1.0,72070.23,72070.23,0.0,Paid,Net 15,2025-05-22,41,,victor.marchetti@redstonebuildingsupply.com,"8435 Commerce Dr, Suite 324",Memphis,USA,NotSet,EmailSent,,QBO,False,0
5256,1256,2025-04-15,2025-05-30,2025-04,CFS,Cascade Freight Systems Inc,2011,Meadowvale Farms,Agriculture,4004,Flatbed & Oversize Transport,SVC-FLAT,Flatbed & Oversize Transport - 2025-04,3,20366.29,4000,Revenue - Freight Brokerage,Freight Brokerage,USD,US Dollar,1.0,61098.87,61098.87,61098.87,Open,Net 45,,,441,naomi.kowalczyk@meadowvalefarms.com,"7551 Terminal Way, Suite 176",Charlotte,USA,NeedToPrint,EmailSent,,QBO,False,0
5257,1257,2025-04-13,2025-05-28,2025-04,CFS,Cascade Freight Systems Inc,2015,Copperfield Chemicals,Chemicals,4005,Refrigerated Truckload,SVC-REEF,Refrigerated Truckload - 2025-04,1,56534.94,4000,Revenue - Freight Brokerage,Freight Brokerage,USD,US Dollar,1.0,56534.94,56534.94,0.0,Paid,Net 45,2025-06-10,58,,devon.vandermeer@copperfieldchemicals.com,"6069 Commerce Dr, Suite 265",Columbus,USA,NotSet,EmailSent,,QBO,False,0
5258,1258,2025-04-10,2025-05-10,2025-04,CFS,Cascade Freight Systems Inc,2018,Ferrous Metals Trading,Metals,4007,Driver Leasing Program,SVC-DRIVE,Driver Leasing Program - 2025-04,1,64690.26,4010,Revenue - Dedicated Fleet,Dedicated Fleet,USD,US Dollar,1.0,64690.26,64690.26,0.0,Paid,Net 30,2025-05-23,43,,naomi.ellsworth@ferrousmetalstrading.com,"2584 Havenweg, Suite 861",Memphis,USA,NotSet,EmailSent,,QBO,False,0
5259,1259,2025-04-14,2025-05-29,2025-04,CFS,Cascade Freight Systems Inc,2021,Highmark Steel Service,Metals,4004,Flatbed & Oversize Transport,SVC-FLAT,Flatbed & Oversize Transport - 2025-04,2,27869.64,4000,Revenue - Freight Brokerage,Freight Brokerage,USD,US Dollar,1.0,55739.28,55739.28,0.0,Paid,Net 45,2025-06-09,56,,claire.vandermeer@highmarksteelservice.com,"9247 Oak Ave, Suite 708",Charlotte,USA,NotSet,EmailSent,,QBO,False,0
5260,1260,2025-04-04,2025-05-04,2025-04,NWC,Northwind Cargo B.V.,2000,Global Retail Partners,Retail,4002,Port Drayage Program,SVC-DRAY,Port Drayage Program - 2025-04,2,70931.4,4000,Revenue - Freight Brokerage,Freight Brokerage,EUR,Euro,1.09,141862.8,154630.45,0.0,Paid,Net 30,2025-05-20,46,,nora.solberg@globalretailpartners.com,"9059 Terminal Way, Suite 304",Antwerp,NLD,NotSet,EmailSent,,QBO,False,0
5261,1261,2025-04-15,2025-05-15,2025-04,NWC,Northwind Cargo B.V.,2004,Vertex Pharma Distribution,Pharma,4001,Freight Brokerage - International,FRT-BRK-INT,Freight Brokerage - International - 2025-04,3,23651.83,4000,Revenue - Freight Brokerage,Freight Brokerage,EUR,Euro,1.09,70955.49,77341.48,0.0,Paid,Net 30,2025-05-19,34,,devon.devereaux@vertexpharmadistribution.com,"1824 Cedar Ln, Suite 759",Antwerp,NLD,NotSet,EmailSent,,QBO,False,0
5262,1262,2025-04-25,2025-06-09,2025-04,NWC,Northwind Cargo B.V.,2009,Cobalt Electronics,Electronics,4015,Customs Entry & Clearance,CUS-ENTRY,Customs Entry & Clearance - 2025-04,3,14756.9,4050,Revenue - Customs & Compliance,Customs & Compliance,EUR,Euro,1.09,44270.7,48255.06,0.0,Paid,Net 45,2025-06-06,42,,owen.marchetti@cobaltelectronics.com,"4170 Cedar Ln, Suite 138",Hamburg,NLD,NotSet,EmailSent,,QBO,False,0
5263,1263,2025-04-19,2025-06-03,2025-04,NWC,Northwind Cargo B.V.,2010,Aurora Textiles Group,Apparel,4020,TMS Platform Subscription,SW-TMS-SEAT,TMS Platform Subscription - 2025-04,1,39011.14,4090,Revenue - Software & Data Services,Software & Data Services,EUR,Euro,1.09,39011.14,42522.14,0.0,Paid,Net 45,2025-06-14,56,,bianca.moreau@auroratextilesgroup.com,"5223 Oak Ave, Suite 555",Hamburg,NLD,NotSet,EmailSent,,QBO,False,0
5264,1264,2025-04-10,2025-05-10,2025-04,NWC,Northwind Cargo B.V.,2014,Polaris Cold Chain,Food,4002,Port Drayage Program,SVC-DRAY,Port Drayage Program - 2025-04,1,48950.71,4000,Revenue - Freight Brokerage,Freight Brokerage,EUR,Euro,1.09,48950.71,53356.27,0.0,Paid,Net 30,2025-05-10,30,,marcus.lindqvist@polariscoldchain.com,"3723 Cedar Ln, Suite 328",Duisburg,NLD,NotSet,EmailSent,,QBO,False,0
5265,1265,2025-04-11,2025-04-26,2025-04,NWC,Northwind Cargo B.V.,2020,Volta Battery Systems,Electronics,4001,Freight Brokerage - International,FRT-BRK-INT,Freight Brokerage - International - 2025-04,3,12530.3,4000,Revenue - Freight Brokerage,Freight Brokerage,EUR,Euro,1.09,37590.9,40974.08,0.0,Paid,Net 15,2025-05-16,35,,bianca.nowak@voltabatterysystems.com,"3100 Cedar Ln, Suite 400",Lyon,NLD,NotSet,EmailSent,,QBO,False,0
5266,1266,2025-04-27,2025-06-26,2025-04,APX,Apex Warehousing LLC,2005,Solstice Home Goods,Retail,4009,Cross-Dock Handling,SVC-CROSS,Cross-Dock Handling - 2025-04,3,30484.54,4020,Revenue - LTL Consolidation,LTL Consolidation,USD,US Dollar,1.0,91453.62,91453.62,0.0,Paid,Net 60,2025-07-02,66,,ingrid.whitfield@solsticehomegoods.com,"7197 Commerce Dr, Suite 618",Columbus,USA,NotSet,EmailSent,,QBO,False,0
5267,1267,2025-04-12,2025-05-12,2025-04,APX,Apex Warehousing LLC,2012,Pinnacle Sports Supply,Retail,4011,Cold Storage - Pallet Positions,WHS-COLD,Cold Storage - Pallet Positions - 2025-04,2,21485.34,4030,Revenue - Warehousing & Storage,Warehousing & Storage,USD,US Dollar,1.0,42970.68,42970.68,0.0,Paid,Net 30,2025-05-06,24,,marcus.okafor@pinnaclesportssupply.com,"9301 Industrial Pkwy, Suite 741",Dallas,USA,NotSet,EmailSent,,QBO,False,0
5268,1268,2025-04-11,2025-05-11,2025-04,APX,Apex Warehousing LLC,2016,Trailhead Outdoor Gear,Retail,4011,Cold Storage - Pallet Positions,WHS-COLD,Cold Storage - Pallet Positions - 2025-04,1,42184.76,4030,Revenue - Warehousing & Storage,Warehousing & Storage,USD,US Dollar,1.0,42184.76,42184.76,0.0,Paid,Net 30,2025-05-24,43,,grant.delacroix@trailheadoutdoorgear.com,"3067 Industrial Pkwy, Suite 158",Seattle,USA,NotSet,EmailSent,,QBO,False,0
5269,1269,2025-04-18,2025-05-03,2025-04,APX,Apex Warehousing LLC,2019,Silverline Appliances,Appliances,4013,Fulfillment - Pick & Pack,FUL-PICK,Fulfillment - Pick & Pack - 2025-04,2,17425.1,4040,Revenue - Fulfillment & Pick-Pack,Fulfillment & Pick-Pack,USD,US Dollar,1.0,34850.2,34850.2,0.0,Paid,Net 15,2025-04-30,12,,naomi.kowalczyk@silverlineappliances.com,"3450 Havenweg, Suite 419",Columbus,USA,NotSet,EmailSent,,QBO,False,0
5270,1270,2025-04-06,2025-04-21,2025-04,APX,Apex Warehousing LLC,2022,Lumina Cosmetics,Beauty,4010,Warehousing - Pallet Positions,WHS-STOR-PAL,Warehousing - Pallet Positions - 2025-04,1,37388.67,4030,Revenue - Warehousing & Storage,Warehousing & Storage,USD,US Dollar,1.0,37388.67,37388.67,0.0,Paid,Net 15,2025-04-16,10,,helena.mendez@luminacosmetics.com,"3400 Havenweg, Suite 247",Atlanta,USA,NotSet,EmailSent,,QBO,False,0
5271,1271,2025-05-09,2025-06-23,2025-05,MLG,Meridian Logistics LLC,2001,Vantage Consumer Brands,CPG,4017,Last Mile Delivery Program,LM-DEL-ST,Last Mile Delivery Program - 2025-05,3,68934.13,4060,Revenue - Last Mile Delivery,Last Mile Delivery,USD,US Dollar,1.0,206802.39,206802.39,0.0,Paid,Net 45,2025-07-08,60,,angela.nowak@vantageconsumerbrands.com,"7611 Oak Ave, Suite 587",Memphis,USA,NotSet,EmailSent,,QBO,False,0
5272,1272,2025-05-03,2025-06-02,2025-05,MLG,Meridian Logistics LLC,2002,Ironbridge Manufacturing,Industrial,4000,Freight Brokerage - Standard,FRT-BRK-STD,Freight Brokerage - Standard - 2025-05,1,157450.5,4000,Revenue - Freight Brokerage,Freight Brokerage,USD,US Dollar,1.0,157450.5,157450.5,0.0,Paid,Net 30,2025-06-15,43,,lena.sandoval@ironbridgemanufacturing.com,"5482 Oak Ave, Suite 181",Columbus,USA,NotSet,EmailSent,,QBO,False,0
5273,1273,2025-05-10,2025-05-25,2025-05,MLG,Meridian Logistics LLC,2006,Kestrel Auto Components,Automotive,4021,Freight Bill Audit & Pay,SVC-AUDIT,Freight Bill Audit & Pay - 2025-05,2,45738.82,4090,Revenue - Software & Data Services,Software & Data Services,USD,US Dollar,1.0,91477.64,91477.64,0.0,Paid,Net 15,2025-06-17,38,,nora.vasquez@kestrelautocomponents.com,"4140 Industrial Pkwy, Suite 748",Newark,USA,NotSet,EmailSent,,QBO,False,0
5274,1274,2025-05-23,2025-07-07,2025-05,MLG,Meridian Logistics LLC,2008,Halcyon Beverage Co,Beverage,4021,Freight Bill Audit & Pay,SVC-AUDIT,Freight Bill Audit & Pay - 2025-05,1,76829.12,4090,Revenue - Software & Data Services,Software & Data Services,USD,US Dollar,1.0,76829.12,76829.12,0.0,Paid,Net 45,2025-07-17,55,,rachel.mensah@halcyonbeverageco.com,"9866 Terminal Way, Suite 792",Dallas,USA,NotSet,EmailSent,,QBO,False,0
5275,1275,2025-05-18,2025-07-17,2025-05,MLG,Meridian Logistics LLC,2013,Summit Medical Supply,Healthcare,4008,LTL Consolidation - Lane Program,LTL-CON-LN,LTL Consolidation - Lane Program - 2025-05,1,80461.15,4020,Revenue - LTL Consolidation,LTL Consolidation,USD,US Dollar,1.0,80461.15,80461.15,0.0,Paid,Net 60,2025-08-04,78,,rachel.whitfield@summitmedicalsupply.com,"3309 Terminal Way, Suite 763",Atlanta,USA,NotSet,EmailSent,,QBO,False,0
5276,1276,2025-05-09,2025-06-08,2025-05,MLG,Meridian Logistics LLC,2017,Onyx Packaging Systems,Packaging,4017,Last Mile Delivery Program,LM-DEL-ST,Last Mile Delivery Program - 2025-05,3,20664.92,4060,Revenue - Last Mile Delivery,Last Mile Delivery,USD,US Dollar,1.0,61994.76,61994.76,0.0,Paid,Net 30,2025-06-21,43,,nora.kowalczyk@onyxpackagingsystems.com,"7811 Commerce Dr, Suite 219",Phoenix,USA,NotSet,EmailSent,,QBO,False,0
5277,1277,2025-05-18,2025-06-17,2025-05,MLG,Meridian Logistics LLC,2023,Atlas Bearing Works,Industrial,4017,Last Mile Delivery Program,LM-DEL-ST,Last Mile Delivery Program - 2025-05,3,17721.7,4060,Revenue - Last Mile Delivery,Last Mile Delivery,USD,US Dollar,1.0,53165.1,53165.1,0.0,Paid,Net 30,2025-06-20,33,,claire.ashworth@atlasbearingworks.com,"1081 Commerce Dr, Suite 448",Dallas,USA,NotSet,EmailSent,,QBO,False,0
5278,1278,2025-05-17,2025-07-01,2025-05,CFS,Cascade Freight Systems Inc,2003,Northline Grocers Co-op,Grocery,4003,Intermodal Rail Program,SVC-RAIL,Intermodal Rail Program - 2025-05,3,45496.75,4000,Revenue - Freight Brokerage,Freight Brokerage,USD,US Dollar,1.0,136490.25,136490.25,0.0,Paid,Net 45,2025-07-08,52,,nora.moreau@northlinegrocerscoop.com,"2276 Commerce Dr, Suite 756",Memphis,USA,NotSet,EmailSent,,QBO,False,0
5279,1279,2025-05-10,2025-05-25,2025-05,CFS,Cascade Freight Systems Inc,2007,Redstone Building Supply,Construction,4006,Dedicated Fleet - Monthly Contract,DED-FLT-MO,Dedicated Fleet - Monthly Contract - 2025-05,2,34484.08,4010,Revenue - Dedicated Fleet,Dedicated Fleet,USD,US Dollar,1.0,68968.16,68968.16,0.0,Paid,Net 15,2025-06-06,27,,victor.marchetti@redstonebuildingsupply.com,"8435 Commerce Dr, Suite 324",Memphis,USA,NotSet,EmailSent,,QBO,False,0
5280,1280,2025-05-08,2025-06-22,2025-05,CFS,Cascade Freight Systems Inc,2011,Meadowvale Farms,Agriculture,4004,Flatbed & Oversize Transport,SVC-FLAT,Flatbed & Oversize Transport - 2025-05,3,20040.72,4000,Revenue - Freight Brokerage,Freight Brokerage,USD,US Dollar,1.0,60122.16,60122.16,0.0,Paid,Net 45,2025-07-10,63,,naomi.kowalczyk@meadowvalefarms.com,"7551 Terminal Way, Suite 176",Charlotte,USA,NotSet,EmailSent,,QBO,False,0
5281,1281,2025-05-15,2025-06-29,2025-05,CFS,Cascade Freight Systems Inc,2015,Copperfield Chemicals,Chemicals,4005,Refrigerated Truckload,SVC-REEF,Refrigerated Truckload - 2025-05,3,17265.67,4000,Revenue - Freight Brokerage,Freight Brokerage,USD,US Dollar,1.0,51797.01,51797.01,0.0,Paid,Net 45,2025-07-11,57,,devon.vandermeer@copperfieldchemicals.com,"6069 Commerce Dr, Suite 265",Columbus,USA,NotSet,EmailSent,,QBO,False,0
5282,1282,2025-05-02,2025-06-01,2025-05,CFS,Cascade Freight Systems Inc,2018,Ferrous Metals Trading,Metals,4007,Driver Leasing Program,SVC-DRIVE,Driver Leasing Program - 2025-05,1,57643.75,4010,Revenue - Dedicated Fleet,Dedicated Fleet,USD,US Dollar,1.0,57643.75,57643.75,0.0,Paid,Net 30,2025-06-04,33,,naomi.ellsworth@ferrousmetalstrading.com,"2584 Havenweg, Suite 861",Memphis,USA,NotSet,EmailSent,,QBO,False,0
5283,1283,2025-05-16,2025-06-30,2025-05,CFS,Cascade Freight Systems Inc,2021,Highmark Steel Service,Metals,4004,Flatbed & Oversize Transport,SVC-FLAT,Flatbed & Oversize Transport - 2025-05,2,27121.82,4000,Revenue - Freight Brokerage,Freight Brokerage,USD,US Dollar,1.0,54243.64,54243.64,0.0,Paid,Net 45,2025-07-17,62,,claire.vandermeer@highmarksteelservice.com,"9247 Oak Ave, Suite 708",Charlotte,USA,NotSet,EmailSent,,QBO,False,0
5284,1284,2025-05-12,2025-06-11,2025-05,NWC,Northwind Cargo B.V.,2000,Global Retail Partners,Retail,4002,Port Drayage Program,SVC-DRAY,Port Drayage Program - 2025-05,2,65037.26,4000,Revenue - Freight Brokerage,Freight Brokerage,EUR,Euro,1.09,130074.52,141781.23,0.0,Paid,Net 30,2025-06-20,39,,nora.solberg@globalretailpartners.com,"9059 Terminal Way, Suite 304",Antwerp,NLD,NotSet,EmailSent,,QBO,False,0
5285,1285,2025-05-23,2025-06-22,2025-05,NWC,Northwind Cargo B.V.,2004,Vertex Pharma Distribution,Pharma,4001,Freight Brokerage - International,FRT-BRK-INT,Freight Brokerage - International - 2025-05,3,20464.43,4000,Revenue - Freight Brokerage,Freight Brokerage,EUR,Euro,1.09,61393.29,66918.69,0.0,Paid,Net 30,2025-07-03,41,,devon.devereaux@vertexpharmadistribution.com,"1824 Cedar Ln, Suite 759",Antwerp,NLD,NotSet,EmailSent,,QBO,False,0
5286,1286,2025-05-02,2025-06-16,2025-05,NWC,Northwind Cargo B.V.,2009,Cobalt Electronics,Electronics,4015,Customs Entry & Clearance,CUS-ENTRY,Customs Entry & Clearance - 2025-05,3,15890.63,4050,Revenue - Customs & Compliance,Customs & Compliance,EUR,Euro,1.09,47671.89,51962.36,0.0,Paid,Net 45,2025-06-28,57,,owen.marchetti@cobaltelectronics.com,"4170 Cedar Ln, Suite 138",Hamburg,NLD,NotSet,EmailSent,,QBO,False,0
5287,1287,2025-05-11,2025-06-25,2025-05,NWC,Northwind Cargo B.V.,2010,Aurora Textiles Group,Apparel,4020,TMS Platform Subscription,SW-TMS-SEAT,TMS Platform Subscription - 2025-05,1,35736.23,4090,Revenue - Software & Data Services,Software & Data Services,EUR,Euro,1.09,35736.23,38952.49,0.0,Paid,Net 45,2025-07-03,53,,bianca.moreau@auroratextilesgroup.com,"5223 Oak Ave, Suite 555",Hamburg,NLD,NotSet,EmailSent,,QBO,False,0
5288,1288,2025-05-22,2025-06-21,2025-05,NWC,Northwind Cargo B.V.,2014,Polaris Cold Chain,Food,4002,Port Drayage Program,SVC-DRAY,Port Drayage Program - 2025-05,1,50432.43,4000,Revenue - Freight Brokerage,Freight Brokerage,EUR,Euro,1.09,50432.43,54971.35,0.0,Paid,Net 30,2025-07-03,42,,marcus.lindqvist@polariscoldchain.com,"3723 Cedar Ln, Suite 328",Duisburg,NLD,NotSet,EmailSent,,QBO,False,0
5289,1289,2025-05-16,2025-05-31,2025-05,NWC,Northwind Cargo B.V.,2020,Volta Battery Systems,Electronics,4001,Freight Brokerage - International,FRT-BRK-INT,Freight Brokerage - International - 2025-05,2,19495.08,4000,Revenue - Freight Brokerage,Freight Brokerage,EUR,Euro,1.09,38990.16,42499.27,0.0,Paid,Net 15,2025-06-06,21,,bianca.nowak@voltabatterysystems.com,"3100 Cedar Ln, Suite 400",Lyon,NLD,NotSet,EmailSent,,QBO,False,0
5290,1290,2025-05-25,2025-07-24,2025-05,APX,Apex Warehousing LLC,2005,Solstice Home Goods,Retail,4009,Cross-Dock Handling,SVC-CROSS,Cross-Dock Handling - 2025-05,3,31560.49,4020,Revenue - LTL Consolidation,LTL Consolidation,USD,US Dollar,1.0,94681.47,94681.47,0.0,Paid,Net 60,2025-07-14,50,,ingrid.whitfield@solsticehomegoods.com,"7197 Commerce Dr, Suite 618",Columbus,USA,NotSet,EmailSent,,QBO,False,0
5291,1291,2025-05-06,2025-06-05,2025-05,APX,Apex Warehousing LLC,2012,Pinnacle Sports Supply,Retail,4011,Cold Storage - Pallet Positions,WHS-COLD,Cold Storage - Pallet Positions - 2025-05,1,46419.63,4030,Revenue - Warehousing & Storage,Warehousing & Storage,USD,US Dollar,1.0,46419.63,46419.63,0.0,Paid,Net 30,2025-06-03,28,,marcus.okafor@pinnaclesportssupply.com,"9301 Industrial Pkwy, Suite 741",Dallas,USA,NotSet,EmailSent,,QBO,False,0
5292,1292,2025-05-14,2025-06-13,2025-05,APX,Apex Warehousing LLC,2016,Trailhead Outdoor Gear,Retail,4011,Cold Storage - Pallet Positions,WHS-COLD,Cold Storage - Pallet Positions - 2025-05,1,39201.01,4030,Revenue - Warehousing & Storage,Warehousing & Storage,USD,US Dollar,1.0,39201.01,39201.01,0.0,Paid,Net 30,2025-06-17,34,,grant.delacroix@trailheadoutdoorgear.com,"3067 Industrial Pkwy, Suite 158",Seattle,USA,NotSet,EmailSent,,QBO,False,0
5293,1293,2025-05-20,2025-06-04,2025-05,APX,Apex Warehousing LLC,2019,Silverline Appliances,Appliances,4013,Fulfillment - Pick & Pack,FUL-PICK,Fulfillment - Pick & Pack - 2025-05,1,34386.34,4040,Revenue - Fulfillment & Pick-Pack,Fulfillment & Pick-Pack,USD,US Dollar,1.0,34386.34,34386.34,0.0,Paid,Net 15,2025-06-02,13,,naomi.kowalczyk@silverlineappliances.com,"3450 Havenweg, Suite 419",Columbus,USA,NotSet,EmailSent,,QBO,False,0
5294,1294,2025-05-23,2025-06-07,2025-05,APX,Apex Warehousing LLC,2022,Lumina Cosmetics,Beauty,4010,Warehousing - Pallet Positions,WHS-STOR-PAL,Warehousing - Pallet Positions - 2025-05,2,16761.26,4030,Revenue - Warehousing & Storage,Warehousing & Storage,USD,US Dollar,1.0,33522.52,33522.52,33522.52,Open,Net 15,,,403,helena.mendez@luminacosmetics.com,"3400 Havenweg, Suite 247",Atlanta,USA,NeedToPrint,EmailSent,,QBO,False,0
5295,1295,2025-06-23,2025-08-07,2025-06,MLG,Meridian Logistics LLC,2001,Vantage Consumer Brands,CPG,4017,Last Mile Delivery Program,LM-DEL-ST,Last Mile Delivery Program - 2025-06,2,65102.1,4060,Revenue - Last Mile Delivery,Last Mile Delivery,USD,US Dollar,1.0,130204.2,130204.2,0.0,Paid,Net 45,2025-09-02,71,,angela.nowak@vantageconsumerbrands.com,"7611 Oak Ave, Suite 587",Memphis,USA,NotSet,EmailSent,,QBO,False,0
5296,1296,2025-06-06,2025-07-06,2025-06,MLG,Meridian Logistics LLC,2002,Ironbridge Manufacturing,Industrial,4000,Freight Brokerage - Standard,FRT-BRK-STD,Freight Brokerage - Standard - 2025-06,2,49651.0,4000,Revenue - Freight Brokerage,Freight Brokerage,USD,US Dollar,1.0,99302.0,99302.0,0.0,Paid,Net 30,2025-07-07,31,,lena.sandoval@ironbridgemanufacturing.com,"5482 Oak Ave, Suite 181",Columbus,USA,NotSet,EmailSent,,QBO,False,0
5297,1297,2025-06-21,2025-07-06,2025-06,MLG,Meridian Logistics LLC,2006,Kestrel Auto Components,Automotive,4021,Freight Bill Audit & Pay,SVC-AUDIT,Freight Bill Audit & Pay - 2025-06,2,29399.71,4090,Revenue - Software & Data Services,Software & Data Services,USD,US Dollar,1.0,58799.42,58799.42,0.0,Paid,Net 15,2025-07-29,38,,nora.vasquez@kestrelautocomponents.com,"4140 Industrial Pkwy, Suite 748",Newark,USA,NotSet,EmailSent,,QBO,False,0
5298,1298,2025-06-10,2025-07-25,2025-06,MLG,Meridian Logistics LLC,2008,Halcyon Beverage Co,Beverage,4021,Freight Bill Audit & Pay,SVC-AUDIT,Freight Bill Audit & Pay - 2025-06,2,25427.85,4090,Revenue - Software & Data Services,Software & Data Services,USD,US Dollar,1.0,50855.7,50855.7,0.0,Paid,Net 45,2025-08-02,53,,rachel.mensah@halcyonbeverageco.com,"9866 Terminal Way, Suite 792",Dallas,USA,NotSet,EmailSent,,QBO,False,0
5299,1299,2025-06-12,2025-08-11,2025-06,MLG,Meridian Logistics LLC,2013,Summit Medical Supply,Healthcare,4008,LTL Consolidation - Lane Program,LTL-CON-LN,LTL Consolidation - Lane Program - 2025-06,2,25677.74,4020,Revenue - LTL Consolidation,LTL Consolidation,USD,US Dollar,1.0,51355.48,51355.48,0.0,Paid,Net 60,2025-08-14,63,,rachel.whitfield@summitmedicalsupply.com,"3309 Terminal Way, Suite 763",Atlanta,USA,NotSet,EmailSent,,QBO,False,0
5300,1300,2025-06-08,2025-07-08,2025-06,MLG,Meridian Logistics LLC,2017,Onyx Packaging Systems,Packaging,4017,Last Mile Delivery Program,LM-DEL-ST,Last Mile Delivery Program - 2025-06,1,42606.87,4060,Revenue - Last Mile Delivery,Last Mile Delivery,USD,US Dollar,1.0,42606.87,42606.87,0.0,Paid,Net 30,2025-07-21,43,,nora.kowalczyk@onyxpackagingsystems.com,"7811 Commerce Dr, Suite 219",Phoenix,USA,NotSet,EmailSent,,QBO,False,0
5301,1301,2025-06-04,2025-07-04,2025-06,MLG,Meridian Logistics LLC,2023,Atlas Bearing Works,Industrial,4017,Last Mile Delivery Program,LM-DEL-ST,Last Mile Delivery Program - 2025-06,1,37701.11,4060,Revenue - Last Mile Delivery,Last Mile Delivery,USD,US Dollar,1.0,37701.11,37701.11,0.0,Paid,Net 30,2025-07-25,51,,claire.ashworth@atlasbearingworks.com,"1081 Commerce Dr, Suite 448",Dallas,USA,NotSet,EmailSent,,QBO,False,0
5302,1302,2025-06-04,2025-07-04,2025-06,MLG,Meridian Logistics LLC,2027,Perigee Aerospace Parts,Aerospace,4008,LTL Consolidation - Lane Program,LTL-CON-LN,LTL Consolidation - Lane Program - 2025-06,3,61837.71,4020,Revenue - LTL Consolidation,LTL Consolidation,USD,US Dollar,1.0,185513.13,185513.13,0.0,Paid,Net 30,2025-07-01,27,,ingrid.bergstrom@perigeeaerospaceparts.com,"9548 Terminal Way, Suite 444",Columbus,USA,NotSet,EmailSent,,QBO,False,0
5303,1303,2025-06-28,2025-08-12,2025-06,CFS,Cascade Freight Systems Inc,2003,Northline Grocers Co-op,Grocery,4003,Intermodal Rail Program,SVC-RAIL,Intermodal Rail Program - 2025-06,1,51362.31,4000,Revenue - Freight Brokerage,Freight Brokerage,USD,US Dollar,1.0,51362.31,51362.31,0.0,Paid,Net 45,2025-08-29,62,,nora.moreau@northlinegrocerscoop.com,"2276 Commerce Dr, Suite 756",Memphis,USA,NotSet,EmailSent,,QBO,False,0
5304,1304,2025-06-17,2025-07-02,2025-06,CFS,Cascade Freight Systems Inc,2007,Redstone Building Supply,Construction,4006,Dedicated Fleet - Monthly Contract,DED-FLT-MO,Dedicated Fleet - Monthly Contract - 2025-06,2,12825.45,4010,Revenue - Dedicated Fleet,Dedicated Fleet,USD,US Dollar,1.0,25650.9,25650.9,0.0,Paid,Net 15,2025-07-09,22,,victor.marchetti@redstonebuildingsupply.com,"8435 Commerce Dr, Suite 324",Memphis,USA,NotSet,EmailSent,,QBO,False,0
5305,1305,2025-06-25,2025-08-09,2025-06,CFS,Cascade Freight Systems Inc,2011,Meadowvale Farms,Agriculture,4004,Flatbed & Oversize Transport,SVC-FLAT,Flatbed & Oversize Transport - 2025-06,1,22586.74,4000,Revenue - Freight Brokerage,Freight Brokerage,USD,US Dollar,1.0,22586.74,22586.74,0.0,Paid,Net 45,2025-09-04,71,,naomi.kowalczyk@meadowvalefarms.com,"7551 Terminal Way, Suite 176",Charlotte,USA,NotSet,EmailSent,,QBO,False,0
5306,1306,2025-06-05,2025-07-20,2025-06,CFS,Cascade Freight Systems Inc,2015,Copperfield Chemicals,Chemicals,4005,Refrigerated Truckload,SVC-REEF,Refrigerated Truckload - 2025-06,3,6336.19,4000,Revenue - Freight Brokerage,Freight Brokerage,USD,US Dollar,1.0,19008.57,19008.57,0.0,Paid,Net 45,2025-08-03,59,,devon.vandermeer@copperfieldchemicals.com,"6069 Commerce Dr, Suite 265",Columbus,USA,NotSet,EmailSent,,QBO,False,0
5307,1307,2025-06-02,2025-07-02,2025-06,CFS,Cascade Freight Systems Inc,2018,Ferrous Metals Trading,Metals,4007,Driver Leasing Program,SVC-DRIVE,Driver Leasing Program - 2025-06,3,7707.4,4010,Revenue - Dedicated Fleet,Dedicated Fleet,USD,US Dollar,1.0,23122.2,23122.2,0.0,Paid,Net 30,2025-07-08,36,,naomi.ellsworth@ferrousmetalstrading.com,"2584 Havenweg, Suite 861",Memphis,USA,NotSet,EmailSent,,QBO,False,0
5308,1308,2025-06-16,2025-07-31,2025-06,CFS,Cascade Freight Systems Inc,2021,Highmark Steel Service,Metals,4004,Flatbed & Oversize Transport,SVC-FLAT,Flatbed & Oversize Transport - 2025-06,3,7034.2,4000,Revenue - Freight Brokerage,Freight Brokerage,USD,US Dollar,1.0,21102.6,21102.6,0.0,Paid,Net 45,2025-08-19,64,,claire.vandermeer@highmarksteelservice.com,"9247 Oak Ave, Suite 708",Charlotte,USA,NotSet,EmailSent,,QBO,False,0
5309,1309,2025-06-06,2025-07-21,2025-06,CFS,Cascade Freight Systems Inc,2026,Quarry Stone Materials,Construction,4006,Dedicated Fleet - Monthly Contract,DED-FLT-MO,Dedicated Fleet - Monthly Contract - 2025-06,1,86289.39,4010,Revenue - Dedicated Fleet,Dedicated Fleet,USD,US Dollar,1.0,86289.39,86289.39,0.0,Paid,Net 45,2025-08-12,67,,maya.marchetti@quarrystonematerials.com,"391 Industrial Pkwy, Suite 896",Denver,USA,NotSet,EmailSent,,QBO,False,0
5310,1310,2025-06-02,2025-08-01,2025-06,CFS,Cascade Freight Systems Inc,2030,Bramblewood Nursery,Agriculture,4005,Refrigerated Truckload,SVC-REEF,Refrigerated Truckload - 2025-06,2,32459.29,4000,Revenue - Freight Brokerage,Freight Brokerage,USD,US Dollar,1.0,64918.58,64918.58,0.0,Paid,Net 60,2025-09-01,91,,lena.whitfield@bramblewoodnursery.com,"5093 Terminal Way, Suite 443",Newark,USA,NotSet,EmailSent,,QBO,False,0
5311,1311,2025-06-05,2025-07-05,2025-06,CFS,Cascade Freight Systems Inc,2033,Sparrow Lane Bakery,Food,4006,Dedicated Fleet - Monthly Contract,DED-FLT-MO,Dedicated Fleet - Monthly Contract - 2025-06,3,20531.74,4010,Revenue - Dedicated Fleet,Dedicated Fleet,USD,US Dollar,1.0,61595.22,61595.22,0.0,Paid,Net 30,2025-07-29,54,,elliot.bergstrom@sparrowlanebakery.com,"3301 Oak Ave, Suite 185",Denver,USA,NotSet,EmailSent,,QBO,False,0
5312,1312,2025-06-23,2025-07-23,2025-06,NWC,Northwind Cargo B.V.,2000,Global Retail Partners,Retail,4002,Port Drayage Program,SVC-DRAY,Port Drayage Program - 2025-06,3,19913.92,4000,Revenue - Freight Brokerage,Freight Brokerage,EUR,Euro,1.09,59741.76,65118.52,0.0,Paid,Net 30,2025-07-19,26,,nora.solberg@globalretailpartners.com,"9059 Terminal Way, Suite 304",Antwerp,NLD,NotSet,EmailSent,,QBO,False,0
5313,1313,2025-06-27,2025-07-27,2025-06,NWC,Northwind Cargo B.V.,2004,Vertex Pharma Distribution,Pharma,4001,Freight Brokerage - International,FRT-BRK-INT,Freight Brokerage - International - 2025-06,3,9300.39,4000,Revenue - Freight Brokerage,Freight Brokerage,EUR,Euro,1.09,27901.17,30412.28,0.0,Paid,Net 30,2025-08-01,35,,devon.devereaux@vertexpharmadistribution.com,"1824 Cedar Ln, Suite 759",Antwerp,NLD,NotSet,EmailSent,,QBO,False,0
5314,1314,2025-06-27,2025-08-11,2025-06,NWC,Northwind Cargo B.V.,2009,Cobalt Electronics,Electronics,4015,Customs Entry & Clearance,CUS-ENTRY,Customs Entry & Clearance - 2025-06,1,18676.51,4050,Revenue - Customs & Compliance,Customs & Compliance,EUR,Euro,1.09,18676.51,20357.4,0.0,Paid,Net 45,2025-08-19,53,,owen.marchetti@cobaltelectronics.com,"4170 Cedar Ln, Suite 138",Hamburg,NLD,NotSet,EmailSent,,QBO,False,0
5315,1315,2025-06-08,2025-07-23,2025-06,NWC,Northwind Cargo B.V.,2010,Aurora Textiles Group,Apparel,4020,TMS Platform Subscription,SW-TMS-SEAT,TMS Platform Subscription - 2025-06,3,4827.27,4090,Revenue - Software & Data Services,Software & Data Services,EUR,Euro,1.09,14481.81,15785.17,0.0,Paid,Net 45,2025-07-21,43,,bianca.moreau@auroratextilesgroup.com,"5223 Oak Ave, Suite 555",Hamburg,NLD,NotSet,EmailSent,,QBO,False,0
5316,1316,2025-06-28,2025-07-28,2025-06,NWC,Northwind Cargo B.V.,2014,Polaris Cold Chain,Food,4002,Port Drayage Program,SVC-DRAY,Port Drayage Program - 2025-06,2,10458.24,4000,Revenue - Freight Brokerage,Freight Brokerage,EUR,Euro,1.09,20916.48,22798.96,0.0,Paid,Net 30,2025-08-12,45,,marcus.lindqvist@polariscoldchain.com,"3723 Cedar Ln, Suite 328",Duisburg,NLD,NotSet,EmailSent,,QBO,False,0
5317,1317,2025-06-13,2025-06-28,2025-06,NWC,Northwind Cargo B.V.,2020,Volta Battery Systems,Electronics,4001,Freight Brokerage - International,FRT-BRK-INT,Freight Brokerage - International - 2025-06,2,7806.1,4000,Revenue - Freight Brokerage,Freight Brokerage,EUR,Euro,1.09,15612.2,17017.3,0.0,Paid,Net 15,2025-07-13,30,,bianca.nowak@voltabatterysystems.com,"3100 Cedar Ln, Suite 400",Lyon,NLD,NotSet,EmailSent,,QBO,False,0
5318,1318,2025-06-19,2025-08-18,2025-06,NWC,Northwind Cargo B.V.,2024,Beacon Optics,Electronics,4002,Port Drayage Program,SVC-DRAY,Port Drayage Program - 2025-06,2,33116.15,4000,Revenue - Freight Brokerage,Freight Brokerage,EUR,Euro,1.09,66232.3,72193.21,0.0,Paid,Net 60,2025-09-02,75,,ingrid.kowalczyk@beaconoptics.com,"6358 Commerce Dr, Suite 439",Barcelona,NLD,NotSet,EmailSent,,QBO,False,0
5319,1319,2025-06-09,2025-07-24,2025-06,NWC,Northwind Cargo B.V.,2028,Nordvik Frozen Foods,Food,4001,Freight Brokerage - International,FRT-BRK-INT,Freight Brokerage - International - 2025-06,3,18020.05,4000,Revenue - Freight Brokerage,Freight Brokerage,EUR,Euro,1.09,54060.15,58925.56,0.0,Paid,Net 45,2025-07-12,33,,owen.delacroix@nordvikfrozenfoods.com,"8980 Oak Ave, Suite 942",Lyon,NLD,NotSet,EmailSent,,QBO,False,0
5320,1320,2025-06-26,2025-07-11,2025-06,NWC,Northwind Cargo B.V.,2032,Emberline Ceramics,Ceramics,4016,Trade Compliance Program,CUS-COMP,Trade Compliance Program - 2025-06,2,21587.46,4050,Revenue - Customs & Compliance,Customs & Compliance,EUR,Euro,1.09,43174.92,47060.66,0.0,Paid,Net 15,2025-07-20,24,,owen.whitfield@emberlineceramics.com,"1700 Commerce Dr, Suite 634",Antwerp,NLD,NotSet,EmailSent,,QBO,False,0
5321,1321,2025-06-23,2025-08-22,2025-06,APX,Apex Warehousing LLC,2005,Solstice Home Goods,Retail,4009,Cross-Dock Handling,SVC-CROSS,Cross-Dock Handling - 2025-06,3,10091.58,4020,Revenue - LTL Consolidation,LTL Consolidation,USD,US Dollar,1.0,30274.74,30274.74,0.0,Paid,Net 60,2025-08-14,52,,ingrid.whitfield@solsticehomegoods.com,"7197 Commerce Dr, Suite 618",Columbus,USA,NotSet,EmailSent,,QBO,False,0
5322,1322,2025-06-24,2025-07-24,2025-06,APX,Apex Warehousing LLC,2012,Pinnacle Sports Supply,Retail,4011,Cold Storage - Pallet Positions,WHS-COLD,Cold Storage - Pallet Positions - 2025-06,1,14224.4,4030,Revenue - Warehousing & Storage,Warehousing & Storage,USD,US Dollar,1.0,14224.4,14224.4,0.0,Paid,Net 30,2025-08-14,51,,marcus.okafor@pinnaclesportssupply.com,"9301 Industrial Pkwy, Suite 741",Dallas,USA,NotSet,EmailSent,,QBO,False,0
5323,1323,2025-06-03,2025-07-03,2025-06,APX,Apex Warehousing LLC,2016,Trailhead Outdoor Gear,Retail,4011,Cold Storage - Pallet Positions,WHS-COLD,Cold Storage - Pallet Positions - 2025-06,2,5866.7,4030,Revenue - Warehousing & Storage,Warehousing & Storage,USD,US Dollar,1.0,11733.4,11733.4,0.0,Paid,Net 30,2025-07-15,42,,grant.delacroix@trailheadoutdoorgear.com,"3067 Industrial Pkwy, Suite 158",Seattle,USA,NotSet,EmailSent,,QBO,False,0
5324,1324,2025-06-23,2025-07-08,2025-06,APX,Apex Warehousing LLC,2019,Silverline Appliances,Appliances,4013,Fulfillment - Pick & Pack,FUL-PICK,Fulfillment - Pick & Pack - 2025-06,1,11097.35,4040,Revenue - Fulfillment & Pick-Pack,Fulfillment & Pick-Pack,USD,US Dollar,1.0,11097.35,11097.35,0.0,Paid,Net 15,2025-07-22,29,,naomi.kowalczyk@silverlineappliances.com,"3450 Havenweg, Suite 419",Columbus,USA,NotSet,EmailSent,,QBO,False,0
5325,1325,2025-06-06,2025-06-21,2025-06,APX,Apex Warehousing LLC,2022,Lumina Cosmetics,Beauty,4010,Warehousing - Pallet Positions,WHS-STOR-PAL,Warehousing - Pallet Positions - 2025-06,3,3405.05,4030,Revenue - Warehousing & Storage,Warehousing & Storage,USD,US Dollar,1.0,10215.15,10215.15,0.0,Paid,Net 15,2025-06-15,9,,helena.mendez@luminacosmetics.com,"3400 Havenweg, Suite 247",Atlanta,USA,NotSet,EmailSent,,QBO,False,0
5326,1326,2025-06-26,2025-07-26,2025-06,APX,Apex Warehousing LLC,2025,Willow Creek Furniture,Furniture,4009,Cross-Dock Handling,SVC-CROSS,Cross-Dock Handling - 2025-06,2,27880.84,4020,Revenue - LTL Consolidation,LTL Consolidation,USD,US Dollar,1.0,55761.68,55761.68,0.0,Paid,Net 30,2025-07-21,25,,elliot.sandoval@willowcreekfurniture.com,"2875 Commerce Dr, Suite 698",Atlanta,USA,NotSet,EmailSent,,QBO,False,0
5327,1327,2025-06-10,2025-07-25,2025-06,APX,Apex Warehousing LLC,2029,Cindershade Grills,Retail,4013,Fulfillment - Pick & Pack,FUL-PICK,Fulfillment - Pick & Pack - 2025-06,1,43703.15,4040,Revenue - Fulfillment & Pick-Pack,Fulfillment & Pick-Pack,USD,US Dollar,1.0,43703.15,43703.15,0.0,Paid,Net 45,2025-08-03,54,,owen.mensah@cindershadegrills.com,"5141 Commerce Dr, Suite 430",Newark,USA,NotSet,EmailSent,,QBO,False,0
5328,1328,2025-06-14,2025-07-14,2025-06,APX,Apex Warehousing LLC,2031,Marlowe Print Group,Media,4010,Warehousing - Pallet Positions,WHS-STOR-PAL,Warehousing - Pallet Positions - 2025-06,2,19340.24,4030,Revenue - Warehousing & Storage,Warehousing & Storage,USD,US Dollar,1.0,38680.48,38680.48,0.0,Paid,Net 30,2025-07-27,43,,aisha.roberts@marloweprintgroup.com,"7682 Cedar Ln, Suite 568",Kansas City,USA,NotSet,EmailSent,,QBO,False,0
5329,1329,2025-07-11,2025-08-25,2025-07,MLG,Meridian Logistics LLC,2001,Vantage Consumer Brands,CPG,4017,Last Mile Delivery Program,LM-DEL-ST,Last Mile Delivery Program - 2025-07,1,184647.4,4060,Revenue - Last Mile Delivery,Last Mile Delivery,USD,US Dollar,1.0,184647.4,184647.4,0.0,Paid,Net 45,2025-09-08,59,,angela.nowak@vantageconsumerbrands.com,"7611 Oak Ave, Suite 587",Memphis,USA,NotSet,EmailSent,,QBO,False,0
5330,1330,2025-07-19,2025-08-18,2025-07,MLG,Meridian Logistics LLC,2002,Ironbridge Manufacturing,Industrial,4000,Freight Brokerage - Standard,FRT-BRK-STD,Freight Brokerage - Standard - 2025-07,1,136305.77,4000,Revenue - Freight Brokerage,Freight Brokerage,USD,US Dollar,1.0,136305.77,136305.77,0.0,Paid,Net 30,2025-09-04,47,,lena.sandoval@ironbridgemanufacturing.com,"5482 Oak Ave, Suite 181",Columbus,USA,NotSet,EmailSent,,QBO,False,0
5331,1331,2025-07-21,2025-08-05,2025-07,MLG,Meridian Logistics LLC,2006,Kestrel Auto Components,Automotive,4021,Freight Bill Audit & Pay,SVC-AUDIT,Freight Bill Audit & Pay - 2025-07,2,38622.39,4090,Revenue - Software & Data Services,Software & Data Services,USD,US Dollar,1.0,77244.78,77244.78,0.0,Paid,Net 15,2025-08-13,23,,nora.vasquez@kestrelautocomponents.com,"4140 Industrial Pkwy, Suite 748",Newark,USA,NotSet,EmailSent,,QBO,False,0
5332,1332,2025-07-18,2025-09-01,2025-07,MLG,Meridian Logistics LLC,2008,Halcyon Beverage Co,Beverage,4021,Freight Bill Audit & Pay,SVC-AUDIT,Freight Bill Audit & Pay - 2025-07,3,24067.92,4090,Revenue - Software & Data Services,Software & Data Services,USD,US Dollar,1.0,72203.76,72203.76,0.0,Paid,Net 45,2025-09-13,57,,rachel.mensah@halcyonbeverageco.com,"9866 Terminal Way, Suite 792",Dallas,USA,NotSet,EmailSent,,QBO,False,0
5333,1333,2025-07-25,2025-09-23,2025-07,MLG,Meridian Logistics LLC,2013,Summit Medical Supply,Healthcare,4008,LTL Consolidation - Lane Program,LTL-CON-LN,LTL Consolidation - Lane Program - 2025-07,2,35364.04,4020,Revenue - LTL Consolidation,LTL Consolidation,USD,US Dollar,1.0,70728.08,70728.08,0.0,Paid,Net 60,2025-09-25,62,,rachel.whitfield@summitmedicalsupply.com,"3309 Terminal Way, Suite 763",Atlanta,USA,NotSet,EmailSent,,QBO,False,0
5334,1334,2025-07-25,2025-08-24,2025-07,MLG,Meridian Logistics LLC,2017,Onyx Packaging Systems,Packaging,4017,Last Mile Delivery Program,LM-DEL-ST,Last Mile Delivery Program - 2025-07,2,27624.56,4060,Revenue - Last Mile Delivery,Last Mile Delivery,USD,US Dollar,1.0,55249.12,55249.12,0.0,Paid,Net 30,2025-09-03,40,,nora.kowalczyk@onyxpackagingsystems.com,"7811 Commerce Dr, Suite 219",Phoenix,USA,NotSet,EmailSent,,QBO,False,0
5335,1335,2025-07-03,2025-08-02,2025-07,MLG,Meridian Logistics LLC,2023,Atlas Bearing Works,Industrial,4017,Last Mile Delivery Program,LM-DEL-ST,Last Mile Delivery Program - 2025-07,3,16797.76,4060,Revenue - Last Mile Delivery,Last Mile Delivery,USD,US Dollar,1.0,50393.28,50393.28,0.0,Paid,Net 30,2025-08-05,33,,claire.ashworth@atlasbearingworks.com,"1081 Commerce Dr, Suite 448",Dallas,USA,NotSet,EmailSent,,QBO,False,0
5336,1336,2025-07-08,2025-08-22,2025-07,CFS,Cascade Freight Systems Inc,2003,Northline Grocers Co-op,Grocery,4003,Intermodal Rail Program,SVC-RAIL,Intermodal Rail Program - 2025-07,1,105786.39,4000,Revenue - Freight Brokerage,Freight Brokerage,USD,US Dollar,1.0,105786.39,105786.39,0.0,Paid,Net 45,2025-09-04,58,,nora.moreau@northlinegrocerscoop.com,"2276 Commerce Dr, Suite 756",Memphis,USA,NotSet,EmailSent,,QBO,False,0
5337,1337,2025-07-18,2025-08-02,2025-07,CFS,Cascade Freight Systems Inc,2007,Redstone Building Supply,Construction,4006,Dedicated Fleet - Monthly Contract,DED-FLT-MO,Dedicated Fleet - Monthly Contract - 2025-07,1,60684.19,4010,Revenue - Dedicated Fleet,Dedicated Fleet,USD,US Dollar,1.0,60684.19,60684.19,0.0,Paid,Net 15,2025-08-24,37,,victor.marchetti@redstonebuildingsupply.com,"8435 Commerce Dr, Suite 324",Memphis,USA,NotSet,EmailSent,,QBO,False,0
5338,1338,2025-07-28,2025-09-11,2025-07,CFS,Cascade Freight Systems Inc,2011,Meadowvale Farms,Agriculture,4004,Flatbed & Oversize Transport,SVC-FLAT,Flatbed & Oversize Transport - 2025-07,2,25650.44,4000,Revenue - Freight Brokerage,Freight Brokerage,USD,US Dollar,1.0,51300.88,51300.88,0.0,Paid,Net 45,2025-10-04,68,,naomi.kowalczyk@meadowvalefarms.com,"7551 Terminal Way, Suite 176",Charlotte,USA,NotSet,EmailSent,,QBO,False,0
5339,1339,2025-07-03,2025-08-17,2025-07,CFS,Cascade Freight Systems Inc,2015,Copperfield Chemicals,Chemicals,4005,Refrigerated Truckload,SVC-REEF,Refrigerated Truckload - 2025-07,1,45629.05,4000,Revenue - Freight Brokerage,Freight Brokerage,USD,US Dollar,1.0,45629.05,45629.05,0.0,Paid,Net 45,2025-09-04,63,,devon.vandermeer@copperfieldchemicals.com,"6069 Commerce Dr, Suite 265",Columbus,USA,NotSet,EmailSent,,QBO,False,0
5340,1340,2025-07-17,2025-08-16,2025-07,CFS,Cascade Freight Systems Inc,2018,Ferrous Metals Trading,Metals,4007,Driver Leasing Program,SVC-DRIVE,Driver Leasing Program - 2025-07,2,25374.29,4010,Revenue - Dedicated Fleet,Dedicated Fleet,USD,US Dollar,1.0,50748.58,50748.58,0.0,Paid,Net 30,2025-08-24,38,,naomi.ellsworth@ferrousmetalstrading.com,"2584 Havenweg, Suite 861",Memphis,USA,NotSet,EmailSent,,QBO,False,0
5341,1341,2025-07-22,2025-09-05,2025-07,CFS,Cascade Freight Systems Inc,2021,Highmark Steel Service,Metals,4004,Flatbed & Oversize Transport,SVC-FLAT,Flatbed & Oversize Transport - 2025-07,3,14673.24,4000,Revenue - Freight Brokerage,Freight Brokerage,USD,US Dollar,1.0,44019.72,44019.72,0.0,Paid,Net 45,2025-10-05,75,,claire.vandermeer@highmarksteelservice.com,"9247 Oak Ave, Suite 708",Charlotte,USA,NotSet,EmailSent,,QBO,False,0
5342,1342,2025-07-28,2025-08-27,2025-07,NWC,Northwind Cargo B.V.,2000,Global Retail Partners,Retail,4002,Port Drayage Program,SVC-DRAY,Port Drayage Program - 2025-07,1,123099.85,4000,Revenue - Freight Brokerage,Freight Brokerage,EUR,Euro,1.09,123099.85,134178.84,0.0,Paid,Net 30,2025-09-17,51,,nora.solberg@globalretailpartners.com,"9059 Terminal Way, Suite 304",Antwerp,NLD,NotSet,EmailSent,,QBO,False,0
5343,1343,2025-07-28,2025-08-27,2025-07,NWC,Northwind Cargo B.V.,2004,Vertex Pharma Distribution,Pharma,4001,Freight Brokerage - International,FRT-BRK-INT,Freight Brokerage - International - 2025-07,1,52811.2,4000,Revenue - Freight Brokerage,Freight Brokerage,EUR,Euro,1.09,52811.2,57564.21,0.0,Paid,Net 30,2025-09-12,46,,devon.devereaux@vertexpharmadistribution.com,"1824 Cedar Ln, Suite 759",Antwerp,NLD,NotSet,EmailSent,,QBO,False,0
5344,1344,2025-07-07,2025-08-21,2025-07,NWC,Northwind Cargo B.V.,2009,Cobalt Electronics,Electronics,4015,Customs Entry & Clearance,CUS-ENTRY,Customs Entry & Clearance - 2025-07,1,37642.64,4050,Revenue - Customs & Compliance,Customs & Compliance,EUR,Euro,1.09,37642.64,41030.48,0.0,Paid,Net 45,2025-08-29,53,,owen.marchetti@cobaltelectronics.com,"4170 Cedar Ln, Suite 138",Hamburg,NLD,NotSet,EmailSent,,QBO,False,0
5345,1345,2025-07-16,2025-08-30,2025-07,NWC,Northwind Cargo B.V.,2010,Aurora Textiles Group,Apparel,4020,TMS Platform Subscription,SW-TMS-SEAT,TMS Platform Subscription - 2025-07,1,31141.85,4090,Revenue - Software & Data Services,Software & Data Services,EUR,Euro,1.09,31141.85,33944.62,0.0,Paid,Net 45,2025-08-26,41,,bianca.moreau@auroratextilesgroup.com,"5223 Oak Ave, Suite 555",Hamburg,NLD,NotSet,EmailSent,,QBO,False,0
5346,1346,2025-07-18,2025-08-17,2025-07,NWC,Northwind Cargo B.V.,2014,Polaris Cold Chain,Food,4002,Port Drayage Program,SVC-DRAY,Port Drayage Program - 2025-07,3,15141.9,4000,Revenue - Freight Brokerage,Freight Brokerage,EUR,Euro,1.09,45425.7,49514.01,0.0,Paid,Net 30,2025-08-26,39,,marcus.lindqvist@polariscoldchain.com,"3723 Cedar Ln, Suite 328",Duisburg,NLD,NotSet,EmailSent,,QBO,False,0
5347,1347,2025-07-23,2025-08-07,2025-07,NWC,Northwind Cargo B.V.,2020,Volta Battery Systems,Electronics,4001,Freight Brokerage - International,FRT-BRK-INT,Freight Brokerage - International - 2025-07,3,12135.16,4000,Revenue - Freight Brokerage,Freight Brokerage,EUR,Euro,1.09,36405.48,39681.97,0.0,Paid,Net 15,2025-08-05,13,,bianca.nowak@voltabatterysystems.com,"3100 Cedar Ln, Suite 400",Lyon,NLD,NotSet,EmailSent,,QBO,False,0
5348,1348,2025-07-11,2025-09-09,2025-07,APX,Apex Warehousing LLC,2005,Solstice Home Goods,Retail,4009,Cross-Dock Handling,SVC-CROSS,Cross-Dock Handling - 2025-07,1,81558.95,4020,Revenue - LTL Consolidation,LTL Consolidation,USD,US Dollar,1.0,81558.95,81558.95,0.0,Paid,Net 60,2025-09-17,68,,ingrid.whitfield@solsticehomegoods.com,"7197 Commerce Dr, Suite 618",Columbus,USA,NotSet,EmailSent,,QBO,False,0
5349,1349,2025-07-15,2025-08-14,2025-07,APX,Apex Warehousing LLC,2012,Pinnacle Sports Supply,Retail,4011,Cold Storage - Pallet Positions,WHS-COLD,Cold Storage - Pallet Positions - 2025-07,3,13690.87,4030,Revenue - Warehousing & Storage,Warehousing & Storage,USD,US Dollar,1.0,41072.61,41072.61,0.0,Paid,Net 30,2025-08-13,29,,marcus.okafor@pinnaclesportssupply.com,"9301 Industrial Pkwy, Suite 741",Dallas,USA,NotSet,EmailSent,,QBO,False,0
5350,1350,2025-07-17,2025-08-16,2025-07,APX,Apex Warehousing LLC,2016,Trailhead Outdoor Gear,Retail,4011,Cold Storage - Pallet Positions,WHS-COLD,Cold Storage - Pallet Positions - 2025-07,3,11281.91,4030,Revenue - Warehousing & Storage,Warehousing & Storage,USD,US Dollar,1.0,33845.73,33845.73,0.0,Paid,Net 30,2025-08-27,41,,grant.delacroix@trailheadoutdoorgear.com,"3067 Industrial Pkwy, Suite 158",Seattle,USA,NotSet,EmailSent,,QBO,False,0
5351,1351,2025-07-21,2025-08-05,2025-07,APX,Apex Warehousing LLC,2019,Silverline Appliances,Appliances,4013,Fulfillment - Pick & Pack,FUL-PICK,Fulfillment - Pick & Pack - 2025-07,2,13958.49,4040,Revenue - Fulfillment & Pick-Pack,Fulfillment & Pick-Pack,USD,US Dollar,1.0,27916.98,27916.98,27916.98,Open,Net 15,,,344,naomi.kowalczyk@silverlineappliances.com,"3450 Havenweg, Suite 419",Columbus,USA,NeedToPrint,EmailSent,,QBO,False,0
5352,1352,2025-07-02,2025-07-17,2025-07,APX,Apex Warehousing LLC,2022,Lumina Cosmetics,Beauty,4010,Warehousing - Pallet Positions,WHS-STOR-PAL,Warehousing - Pallet Positions - 2025-07,2,14164.27,4030,Revenue - Warehousing & Storage,Warehousing & Storage,USD,US Dollar,1.0,28328.54,28328.54,0.0,Paid,Net 15,2025-07-09,7,,helena.mendez@luminacosmetics.com,"3400 Havenweg, Suite 247",Atlanta,USA,NotSet,EmailSent,,QBO,False,0
5353,1353,2025-08-07,2025-09-21,2025-08,MLG,Meridian Logistics LLC,2001,Vantage Consumer Brands,CPG,4017,Last Mile Delivery Program,LM-DEL-ST,Last Mile Delivery Program - 2025-08,3,60712.23,4060,Revenue - Last Mile Delivery,Last Mile Delivery,USD,US Dollar,1.0,182136.69,182136.69,0.0,Paid,Net 45,2025-10-07,61,,angela.nowak@vantageconsumerbrands.com,"7611 Oak Ave, Suite 587",Memphis,USA,NotSet,EmailSent,,QBO,False,0
5354,1354,2025-08-12,2025-09-11,2025-08,MLG,Meridian Logistics LLC,2002,Ironbridge Manufacturing,Industrial,4000,Freight Brokerage - Standard,FRT-BRK-STD,Freight Brokerage - Standard - 2025-08,1,131998.79,4000,Revenue - Freight Brokerage,Freight Brokerage,USD,US Dollar,1.0,131998.79,131998.79,0.0,Paid,Net 30,2025-09-24,43,,lena.sandoval@ironbridgemanufacturing.com,"5482 Oak Ave, Suite 181",Columbus,USA,NotSet,EmailSent,,QBO,False,0
5355,1355,2025-08-12,2025-08-27,2025-08,MLG,Meridian Logistics LLC,2006,Kestrel Auto Components,Automotive,4021,Freight Bill Audit & Pay,SVC-AUDIT,Freight Bill Audit & Pay - 2025-08,1,87346.31,4090,Revenue - Software & Data Services,Software & Data Services,USD,US Dollar,1.0,87346.31,87346.31,0.0,Paid,Net 15,2025-09-10,29,,nora.vasquez@kestrelautocomponents.com,"4140 Industrial Pkwy, Suite 748",Newark,USA,NotSet,EmailSent,,QBO,False,0
5356,1356,2025-08-19,2025-10-03,2025-08,MLG,Meridian Logistics LLC,2008,Halcyon Beverage Co,Beverage,4021,Freight Bill Audit & Pay,SVC-AUDIT,Freight Bill Audit & Pay - 2025-08,2,35712.19,4090,Revenue - Software & Data Services,Software & Data Services,USD,US Dollar,1.0,71424.38,71424.38,0.0,Paid,Net 45,2025-11-07,80,,rachel.mensah@halcyonbeverageco.com,"9866 Terminal Way, Suite 792",Dallas,USA,NotSet,EmailSent,,QBO,False,0
5357,1357,2025-08-15,2025-10-14,2025-08,MLG,Meridian Logistics LLC,2013,Summit Medical Supply,Healthcare,4008,LTL Consolidation - Lane Program,LTL-CON-LN,LTL Consolidation - Lane Program - 2025-08,2,38026.54,4020,Revenue - LTL Consolidation,LTL Consolidation,USD,US Dollar,1.0,76053.08,76053.08,0.0,Paid,Net 60,2025-11-05,82,,rachel.whitfield@summitmedicalsupply.com,"3309 Terminal Way, Suite 763",Atlanta,USA,NotSet,EmailSent,,QBO,False,0
5358,1358,2025-08-28,2025-09-27,2025-08,MLG,Meridian Logistics LLC,2017,Onyx Packaging Systems,Packaging,4017,Last Mile Delivery Program,LM-DEL-ST,Last Mile Delivery Program - 2025-08,3,19448.05,4060,Revenue - Last Mile Delivery,Last Mile Delivery,USD,US Dollar,1.0,58344.15,58344.15,0.0,Paid,Net 30,2025-10-07,40,,nora.kowalczyk@onyxpackagingsystems.com,"7811 Commerce Dr, Suite 219",Phoenix,USA,NotSet,EmailSent,,QBO,False,0
5359,1359,2025-08-15,2025-09-14,2025-08,MLG,Meridian Logistics LLC,2023,Atlas Bearing Works,Industrial,4017,Last Mile Delivery Program,LM-DEL-ST,Last Mile Delivery Program - 2025-08,2,24876.5,4060,Revenue - Last Mile Delivery,Last Mile Delivery,USD,US Dollar,1.0,49753.0,49753.0,0.0,Paid,Net 30,2025-09-18,34,,claire.ashworth@atlasbearingworks.com,"1081 Commerce Dr, Suite 448",Dallas,USA,NotSet,EmailSent,,QBO,False,0
5360,1360,2025-08-22,2025-10-06,2025-08,CFS,Cascade Freight Systems Inc,2003,Northline Grocers Co-op,Grocery,4003,Intermodal Rail Program,SVC-RAIL,Intermodal Rail Program - 2025-08,1,112772.01,4000,Revenue - Freight Brokerage,Freight Brokerage,USD,US Dollar,1.0,112772.01,112772.01,0.0,Paid,Net 45,2025-10-27,66,,nora.moreau@northlinegrocerscoop.com,"2276 Commerce Dr, Suite 756",Memphis,USA,NotSet,EmailSent,,QBO,False,0
5361,1361,2025-08-20,2025-09-04,2025-08,CFS,Cascade Freight Systems Inc,2007,Redstone Building Supply,Construction,4006,Dedicated Fleet - Monthly Contract,DED-FLT-MO,Dedicated Fleet - Monthly Contract - 2025-08,2,32379.69,4010,Revenue - Dedicated Fleet,Dedicated Fleet,USD,US Dollar,1.0,64759.38,64759.38,0.0,Paid,Net 15,2025-09-29,40,,victor.marchetti@redstonebuildingsupply.com,"8435 Commerce Dr, Suite 324",Memphis,USA,NotSet,EmailSent,,QBO,False,0
5362,1362,2025-08-24,2025-10-08,2025-08,CFS,Cascade Freight Systems Inc,2011,Meadowvale Farms,Agriculture,4004,Flatbed & Oversize Transport,SVC-FLAT,Flatbed & Oversize Transport - 2025-08,2,25205.65,4000,Revenue - Freight Brokerage,Freight Brokerage,USD,US Dollar,1.0,50411.3,50411.3,0.0,Paid,Net 45,2025-10-26,63,,naomi.kowalczyk@meadowvalefarms.com,"7551 Terminal Way, Suite 176",Charlotte,USA,NotSet,EmailSent,,QBO,False,0
5363,1363,2025-08-28,2025-10-12,2025-08,CFS,Cascade Freight Systems Inc,2015,Copperfield Chemicals,Chemicals,4005,Refrigerated Truckload,SVC-REEF,Refrigerated Truckload - 2025-08,1,47800.22,4000,Revenue - Freight Brokerage,Freight Brokerage,USD,US Dollar,1.0,47800.22,47800.22,0.0,Paid,Net 45,2025-11-05,69,,devon.vandermeer@copperfieldchemicals.com,"6069 Commerce Dr, Suite 265",Columbus,USA,NotSet,EmailSent,,QBO,False,0
5364,1364,2025-08-10,2025-09-09,2025-08,CFS,Cascade Freight Systems Inc,2018,Ferrous Metals Trading,Metals,4007,Driver Leasing Program,SVC-DRIVE,Driver Leasing Program - 2025-08,2,26224.03,4010,Revenue - Dedicated Fleet,Dedicated Fleet,USD,US Dollar,1.0,52448.06,52448.06,52448.06,Open,Net 30,,,324,naomi.ellsworth@ferrousmetalstrading.com,"2584 Havenweg, Suite 861",Memphis,USA,NeedToPrint,EmailSent,,QBO,False,0
5365,1365,2025-08-16,2025-09-30,2025-08,CFS,Cascade Freight Systems Inc,2021,Highmark Steel Service,Metals,4004,Flatbed & Oversize Transport,SVC-FLAT,Flatbed & Oversize Transport - 2025-08,1,45418.9,4000,Revenue - Freight Brokerage,Freight Brokerage,USD,US Dollar,1.0,45418.9,45418.9,0.0,Paid,Net 45,2025-10-26,71,,claire.vandermeer@highmarksteelservice.com,"9247 Oak Ave, Suite 708",Charlotte,USA,NotSet,EmailSent,,QBO,False,0
5366,1366,2025-08-09,2025-09-08,2025-08,NWC,Northwind Cargo B.V.,2000,Global Retail Partners,Retail,4002,Port Drayage Program,SVC-DRAY,Port Drayage Program - 2025-08,3,43879.92,4000,Revenue - Freight Brokerage,Freight Brokerage,EUR,Euro,1.09,131639.76,143487.34,0.0,Paid,Net 30,2025-09-18,40,,nora.solberg@globalretailpartners.com,"9059 Terminal Way, Suite 304",Antwerp,NLD,NotSet,EmailSent,,QBO,False,0
5367,1367,2025-08-11,2025-09-10,2025-08,NWC,Northwind Cargo B.V.,2004,Vertex Pharma Distribution,Pharma,4001,Freight Brokerage - International,FRT-BRK-INT,Freight Brokerage - International - 2025-08,1,61383.84,4000,Revenue - Freight Brokerage,Freight Brokerage,EUR,Euro,1.09,61383.84,66908.39,0.0,Paid,Net 30,2025-09-15,35,,devon.devereaux@vertexpharmadistribution.com,"1824 Cedar Ln, Suite 759",Antwerp,NLD,NotSet,EmailSent,,QBO,False,0
5368,1368,2025-08-06,2025-09-20,2025-08,NWC,Northwind Cargo B.V.,2009,Cobalt Electronics,Electronics,4015,Customs Entry & Clearance,CUS-ENTRY,Customs Entry & Clearance - 2025-08,1,41049.41,4050,Revenue - Customs & Compliance,Customs & Compliance,EUR,Euro,1.09,41049.41,44743.86,0.0,Paid,Net 45,2025-09-20,45,,owen.marchetti@cobaltelectronics.com,"4170 Cedar Ln, Suite 138",Hamburg,NLD,NotSet,EmailSent,,QBO,False,0
5369,1369,2025-08-17,2025-10-01,2025-08,NWC,Northwind Cargo B.V.,2010,Aurora Textiles Group,Apparel,4020,TMS Platform Subscription,SW-TMS-SEAT,TMS Platform Subscription - 2025-08,1,32416.53,4090,Revenue - Software & Data Services,Software & Data Services,EUR,Euro,1.09,32416.53,35334.02,0.0,Paid,Net 45,2025-10-15,59,,bianca.moreau@auroratextilesgroup.com,"5223 Oak Ave, Suite 555",Hamburg,NLD,NotSet,EmailSent,,QBO,False,0
5370,1370,2025-08-13,2025-09-12,2025-08,NWC,Northwind Cargo B.V.,2014,Polaris Cold Chain,Food,4002,Port Drayage Program,SVC-DRAY,Port Drayage Program - 2025-08,1,46906.51,4000,Revenue - Freight Brokerage,Freight Brokerage,EUR,Euro,1.09,46906.51,51128.1,0.0,Paid,Net 30,2025-09-24,42,,marcus.lindqvist@polariscoldchain.com,"3723 Cedar Ln, Suite 328",Duisburg,NLD,NotSet,EmailSent,,QBO,False,0
5371,1371,2025-08-28,2025-09-12,2025-08,NWC,Northwind Cargo B.V.,2020,Volta Battery Systems,Electronics,4001,Freight Brokerage - International,FRT-BRK-INT,Freight Brokerage - International - 2025-08,3,12924.87,4000,Revenue - Freight Brokerage,Freight Brokerage,EUR,Euro,1.09,38774.61,42264.32,0.0,Paid,Net 15,2025-09-13,16,,bianca.nowak@voltabatterysystems.com,"3100 Cedar Ln, Suite 400",Lyon,NLD,NotSet,EmailSent,,QBO,False,0
5372,1372,2025-08-18,2025-10-17,2025-08,APX,Apex Warehousing LLC,2005,Solstice Home Goods,Retail,4009,Cross-Dock Handling,SVC-CROSS,Cross-Dock Handling - 2025-08,3,32931.67,4020,Revenue - LTL Consolidation,LTL Consolidation,USD,US Dollar,1.0,98795.01,98795.01,0.0,Paid,Net 60,2025-10-28,71,,ingrid.whitfield@solsticehomegoods.com,"7197 Commerce Dr, Suite 618",Columbus,USA,NotSet,EmailSent,,QBO,False,0
5373,1373,2025-08-02,2025-09-01,2025-08,APX,Apex Warehousing LLC,2012,Pinnacle Sports Supply,Retail,4011,Cold Storage - Pallet Positions,WHS-COLD,Cold Storage - Pallet Positions - 2025-08,2,21950.89,4030,Revenue - Warehousing & Storage,Warehousing & Storage,USD,US Dollar,1.0,43901.78,43901.78,0.0,Paid,Net 30,2025-09-05,34,,marcus.okafor@pinnaclesportssupply.com,"9301 Industrial Pkwy, Suite 741",Dallas,USA,NotSet,EmailSent,,QBO,False,0
5374,1374,2025-08-19,2025-09-18,2025-08,APX,Apex Warehousing LLC,2016,Trailhead Outdoor Gear,Retail,4011,Cold Storage - Pallet Positions,WHS-COLD,Cold Storage - Pallet Positions - 2025-08,1,38404.47,4030,Revenue - Warehousing & Storage,Warehousing & Storage,USD,US Dollar,1.0,38404.47,38404.47,0.0,Paid,Net 30,2025-09-22,34,,grant.delacroix@trailheadoutdoorgear.com,"3067 Industrial Pkwy, Suite 158",Seattle,USA,NotSet,EmailSent,,QBO,False,0
5375,1375,2025-08-16,2025-08-31,2025-08,APX,Apex Warehousing LLC,2019,Silverline Appliances,Appliances,4013,Fulfillment - Pick & Pack,FUL-PICK,Fulfillment - Pick & Pack - 2025-08,2,15858.32,4040,Revenue - Fulfillment & Pick-Pack,Fulfillment & Pick-Pack,USD,US Dollar,1.0,31716.64,31716.64,0.0,Paid,Net 15,2025-08-22,6,,naomi.kowalczyk@silverlineappliances.com,"3450 Havenweg, Suite 419",Columbus,USA,NotSet,EmailSent,,QBO,False,0
5376,1376,2025-08-18,2025-09-02,2025-08,APX,Apex Warehousing LLC,2022,Lumina Cosmetics,Beauty,4010,Warehousing - Pallet Positions,WHS-STOR-PAL,Warehousing - Pallet Positions - 2025-08,2,17099.74,4030,Revenue - Warehousing & Storage,Warehousing & Storage,USD,US Dollar,1.0,34199.48,34199.48,0.0,Paid,Net 15,2025-08-19,1,,helena.mendez@luminacosmetics.com,"3400 Havenweg, Suite 247",Atlanta,USA,NotSet,EmailSent,,QBO,False,0
5377,1377,2025-09-22,2025-11-06,2025-09,MLG,Meridian Logistics LLC,2001,Vantage Consumer Brands,CPG,4017,Last Mile Delivery Program,LM-DEL-ST,Last Mile Delivery Program - 2025-09,3,48162.91,4060,Revenue - Last Mile Delivery,Last Mile Delivery,USD,US Dollar,1.0,144488.73,144488.73,0.0,Paid,Net 45,2025-11-10,49,,angela.nowak@vantageconsumerbrands.com,"7611 Oak Ave, Suite 587",Memphis,USA,NotSet,EmailSent,,QBO,False,0
5378,1378,2025-09-14,2025-10-14,2025-09,MLG,Meridian Logistics LLC,2002,Ironbridge Manufacturing,Industrial,4000,Freight Brokerage - Standard,FRT-BRK-STD,Freight Brokerage - Standard - 2025-09,3,37269.57,4000,Revenue - Freight Brokerage,Freight Brokerage,USD,US Dollar,1.0,111808.71,111808.71,0.0,Paid,Net 30,2025-10-12,28,,lena.sandoval@ironbridgemanufacturing.com,"5482 Oak Ave, Suite 181",Columbus,USA,NotSet,EmailSent,,QBO,False,0
5379,1379,2025-09-16,2025-10-01,2025-09,MLG,Meridian Logistics LLC,2006,Kestrel Auto Components,Automotive,4021,Freight Bill Audit & Pay,SVC-AUDIT,Freight Bill Audit & Pay - 2025-09,3,22266.2,4090,Revenue - Software & Data Services,Software & Data Services,USD,US Dollar,1.0,66798.6,66798.6,0.0,Paid,Net 15,2025-10-10,24,,nora.vasquez@kestrelautocomponents.com,"4140 Industrial Pkwy, Suite 748",Newark,USA,NotSet,EmailSent,,QBO,False,0
5380,1380,2025-09-28,2025-11-12,2025-09,MLG,Meridian Logistics LLC,2008,Halcyon Beverage Co,Beverage,4021,Freight Bill Audit & Pay,SVC-AUDIT,Freight Bill Audit & Pay - 2025-09,1,57502.29,4090,Revenue - Software & Data Services,Software & Data Services,USD,US Dollar,1.0,57502.29,57502.29,0.0,Paid,Net 45,2025-11-27,60,,rachel.mensah@halcyonbeverageco.com,"9866 Terminal Way, Suite 792",Dallas,USA,NotSet,EmailSent,,QBO,False,0
5381,1381,2025-09-08,2025-11-07,2025-09,MLG,Meridian Logistics LLC,2013,Summit Medical Supply,Healthcare,4008,LTL Consolidation - Lane Program,LTL-CON-LN,LTL Consolidation - Lane Program - 2025-09,1,59050.51,4020,Revenue - LTL Consolidation,LTL Consolidation,USD,US Dollar,1.0,59050.51,59050.51,0.0,Paid,Net 60,2025-11-13,66,,rachel.whitfield@summitmedicalsupply.com,"3309 Terminal Way, Suite 763",Atlanta,USA,NotSet,EmailSent,,QBO,False,0
5382,1382,2025-09-02,2025-10-02,2025-09,MLG,Meridian Logistics LLC,2017,Onyx Packaging Systems,Packaging,4017,Last Mile Delivery Program,LM-DEL-ST,Last Mile Delivery Program - 2025-09,3,14081.72,4060,Revenue - Last Mile Delivery,Last Mile Delivery,USD,US Dollar,1.0,42245.16,42245.16,0.0,Paid,Net 30,2025-10-12,40,,nora.kowalczyk@onyxpackagingsystems.com,"7811 Commerce Dr, Suite 219",Phoenix,USA,NotSet,EmailSent,,QBO,False,0
5383,1383,2025-09-20,2025-10-20,2025-09,MLG,Meridian Logistics LLC,2023,Atlas Bearing Works,Industrial,4017,Last Mile Delivery Program,LM-DEL-ST,Last Mile Delivery Program - 2025-09,2,19156.68,4060,Revenue - Last Mile Delivery,Last Mile Delivery,USD,US Dollar,1.0,38313.36,38313.36,0.0,Paid,Net 30,2025-10-28,38,,claire.ashworth@atlasbearingworks.com,"1081 Commerce Dr, Suite 448",Dallas,USA,NotSet,EmailSent,,QBO,False,0
5384,1384,2025-09-24,2025-10-24,2025-09,MLG,Meridian Logistics LLC,2027,Perigee Aerospace Parts,Aerospace,4008,LTL Consolidation - Lane Program,LTL-CON-LN,LTL Consolidation - Lane Program - 2025-09,1,201420.12,4020,Revenue - LTL Consolidation,LTL Consolidation,USD,US Dollar,1.0,201420.12,201420.12,0.0,Paid,Net 30,2025-11-11,48,,ingrid.bergstrom@perigeeaerospaceparts.com,"9548 Terminal Way, Suite 444",Columbus,USA,NotSet,EmailSent,,QBO,False,0
5385,1385,2025-09-15,2025-10-30,2025-09,CFS,Cascade Freight Systems Inc,2003,Northline Grocers Co-op,Grocery,4003,Intermodal Rail Program,SVC-RAIL,Intermodal Rail Program - 2025-09,2,25361.71,4000,Revenue - Freight Brokerage,Freight Brokerage,USD,US Dollar,1.0,50723.42,50723.42,0.0,Paid,Net 45,2025-11-13,59,,nora.moreau@northlinegrocerscoop.com,"2276 Commerce Dr, Suite 756",Memphis,USA,NotSet,EmailSent,,QBO,False,0
5386,1386,2025-09-15,2025-09-30,2025-09,CFS,Cascade Freight Systems Inc,2007,Redstone Building Supply,Construction,4006,Dedicated Fleet - Monthly Contract,DED-FLT-MO,Dedicated Fleet - Monthly Contract - 2025-09,3,10205.16,4010,Revenue - Dedicated Fleet,Dedicated Fleet,USD,US Dollar,1.0,30615.48,30615.48,0.0,Paid,Net 15,2025-11-01,47,,victor.marchetti@redstonebuildingsupply.com,"8435 Commerce Dr, Suite 324",Memphis,USA,NotSet,EmailSent,,QBO,False,0
5387,1387,2025-09-04,2025-10-19,2025-09,CFS,Cascade Freight Systems Inc,2011,Meadowvale Farms,Agriculture,4004,Flatbed & Oversize Transport,SVC-FLAT,Flatbed & Oversize Transport - 2025-09,1,23215.46,4000,Revenue - Freight Brokerage,Freight Brokerage,USD,US Dollar,1.0,23215.46,23215.46,0.0,Paid,Net 45,2025-11-08,65,,naomi.kowalczyk@meadowvalefarms.com,"7551 Terminal Way, Suite 176",Charlotte,USA,NotSet,EmailSent,,QBO,False,0
5388,1388,2025-09-23,2025-11-07,2025-09,CFS,Cascade Freight Systems Inc,2015,Copperfield Chemicals,Chemicals,4005,Refrigerated Truckload,SVC-REEF,Refrigerated Truckload - 2025-09,1,22771.4,4000,Revenue - Freight Brokerage,Freight Brokerage,USD,US Dollar,1.0,22771.4,22771.4,0.0,Paid,Net 45,2025-12-01,69,,devon.vandermeer@copperfieldchemicals.com,"6069 Commerce Dr, Suite 265",Columbus,USA,NotSet,EmailSent,,QBO,False,0
5389,1389,2025-09-28,2025-10-28,2025-09,CFS,Cascade Freight Systems Inc,2018,Ferrous Metals Trading,Metals,4007,Driver Leasing Program,SVC-DRIVE,Driver Leasing Program - 2025-09,1,23239.45,4010,Revenue - Dedicated Fleet,Dedicated Fleet,USD,US Dollar,1.0,23239.45,23239.45,0.0,Paid,Net 30,2025-12-02,65,,naomi.ellsworth@ferrousmetalstrading.com,"2584 Havenweg, Suite 861",Memphis,USA,NotSet,EmailSent,,QBO,False,0
5390,1390,2025-09-25,2025-11-09,2025-09,CFS,Cascade Freight Systems Inc,2021,Highmark Steel Service,Metals,4004,Flatbed & Oversize Transport,SVC-FLAT,Flatbed & Oversize Transport - 2025-09,1,20747.54,4000,Revenue - Freight Brokerage,Freight Brokerage,USD,US Dollar,1.0,20747.54,20747.54,0.0,Paid,Net 45,2025-12-01,67,,claire.vandermeer@highmarksteelservice.com,"9247 Oak Ave, Suite 708",Charlotte,USA,NotSet,EmailSent,,QBO,False,0
5391,1391,2025-09-25,2025-11-09,2025-09,CFS,Cascade Freight Systems Inc,2026,Quarry Stone Materials,Construction,4006,Dedicated Fleet - Monthly Contract,DED-FLT-MO,Dedicated Fleet - Monthly Contract - 2025-09,2,49538.5,4010,Revenue - Dedicated Fleet,Dedicated Fleet,USD,US Dollar,1.0,99077.0,99077.0,0.0,Paid,Net 45,2025-12-04,70,,maya.marchetti@quarrystonematerials.com,"391 Industrial Pkwy, Suite 896",Denver,USA,NotSet,EmailSent,,QBO,False,0
5392,1392,2025-09-21,2025-11-20,2025-09,CFS,Cascade Freight Systems Inc,2030,Bramblewood Nursery,Agriculture,4005,Refrigerated Truckload,SVC-REEF,Refrigerated Truckload - 2025-09,2,38139.56,4000,Revenue - Freight Brokerage,Freight Brokerage,USD,US Dollar,1.0,76279.12,76279.12,0.0,Paid,Net 60,2025-12-02,72,,lena.whitfield@bramblewoodnursery.com,"5093 Terminal Way, Suite 443",Newark,USA,NotSet,EmailSent,,QBO,False,0
5393,1393,2025-09-24,2025-10-24,2025-09,CFS,Cascade Freight Systems Inc,2033,Sparrow Lane Bakery,Food,4006,Dedicated Fleet - Monthly Contract,DED-FLT-MO,Dedicated Fleet - Monthly Contract - 2025-09,3,21054.73,4010,Revenue - Dedicated Fleet,Dedicated Fleet,USD,US Dollar,1.0,63164.19,63164.19,0.0,Paid,Net 30,2025-11-11,48,,elliot.bergstrom@sparrowlanebakery.com,"3301 Oak Ave, Suite 185",Denver,USA,NotSet,EmailSent,,QBO,False,0
5394,1394,2025-09-23,2025-10-23,2025-09,NWC,Northwind Cargo B.V.,2000,Global Retail Partners,Retail,4002,Port Drayage Program,SVC-DRAY,Port Drayage Program - 2025-09,3,24768.78,4000,Revenue - Freight Brokerage,Freight Brokerage,EUR,Euro,1.09,74306.34,80993.91,0.0,Paid,Net 30,2025-10-18,25,,nora.solberg@globalretailpartners.com,"9059 Terminal Way, Suite 304",Antwerp,NLD,NotSet,EmailSent,,QBO,False,0
5395,1395,2025-09-17,2025-10-17,2025-09,NWC,Northwind Cargo B.V.,2004,Vertex Pharma Distribution,Pharma,4001,Freight Brokerage - International,FRT-BRK-INT,Freight Brokerage - International - 2025-09,1,34894.67,4000,Revenue - Freight Brokerage,Freight Brokerage,EUR,Euro,1.09,34894.67,38035.19,0.0,Paid,Net 30,2025-10-13,26,,devon.devereaux@vertexpharmadistribution.com,"1824 Cedar Ln, Suite 759",Antwerp,NLD,NotSet,EmailSent,,QBO,False,0
5396,1396,2025-09-10,2025-10-25,2025-09,NWC,Northwind Cargo B.V.,2009,Cobalt Electronics,Electronics,4015,Customs Entry & Clearance,CUS-ENTRY,Customs Entry & Clearance - 2025-09,3,8095.6,4050,Revenue - Customs & Compliance,Customs & Compliance,EUR,Euro,1.09,24286.8,26472.61,0.0,Paid,Net 45,2025-10-31,51,,owen.marchetti@cobaltelectronics.com,"4170 Cedar Ln, Suite 138",Hamburg,NLD,NotSet,EmailSent,,QBO,False,0
5397,1397,2025-09-03,2025-10-18,2025-09,NWC,Northwind Cargo B.V.,2010,Aurora Textiles Group,Apparel,4020,TMS Platform Subscription,SW-TMS-SEAT,TMS Platform Subscription - 2025-09,1,18310.77,4090,Revenue - Software & Data Services,Software & Data Services,EUR,Euro,1.09,18310.77,19958.74,0.0,Paid,Net 45,2025-10-19,46,,bianca.moreau@auroratextilesgroup.com,"5223 Oak Ave, Suite 555",Hamburg,NLD,NotSet,EmailSent,,QBO,False,0
5398,1398,2025-09-27,2025-10-27,2025-09,NWC,Northwind Cargo B.V.,2014,Polaris Cold Chain,Food,4002,Port Drayage Program,SVC-DRAY,Port Drayage Program - 2025-09,1,30473.88,4000,Revenue - Freight Brokerage,Freight Brokerage,EUR,Euro,1.09,30473.88,33216.53,0.0,Paid,Net 30,2025-11-26,60,,marcus.lindqvist@polariscoldchain.com,"3723 Cedar Ln, Suite 328",Duisburg,NLD,NotSet,EmailSent,,QBO,False,0
5399,1399,2025-09-07,2025-09-22,2025-09,NWC,Northwind Cargo B.V.,2020,Volta Battery Systems,Electronics,4001,Freight Brokerage - International,FRT-BRK-INT,Freight Brokerage - International - 2025-09,3,7912.65,4000,Revenue - Freight Brokerage,Freight Brokerage,EUR,Euro,1.09,23737.95,25874.37,0.0,Paid,Net 15,2025-09-29,22,,bianca.nowak@voltabatterysystems.com,"3100 Cedar Ln, Suite 400",Lyon,NLD,NotSet,EmailSent,,QBO,False,0
5400,1400,2025-09-09,2025-11-08,2025-09,NWC,Northwind Cargo B.V.,2024,Beacon Optics,Electronics,4002,Port Drayage Program,SVC-DRAY,Port Drayage Program - 2025-09,3,30796.9,4000,Revenue - Freight Brokerage,Freight Brokerage,EUR,Euro,1.09,92390.7,100705.86,0.0,Paid,Net 60,2025-11-12,64,,ingrid.kowalczyk@beaconoptics.com,"6358 Commerce Dr, Suite 439",Barcelona,NLD,NotSet,EmailSent,,QBO,False,0
5401,1401,2025-09-16,2025-10-31,2025-09,NWC,Northwind Cargo B.V.,2028,Nordvik Frozen Foods,Food,4001,Freight Brokerage - International,FRT-BRK-INT,Freight Brokerage - International - 2025-09,1,72149.53,4000,Revenue - Freight Brokerage,Freight Brokerage,EUR,Euro,1.09,72149.53,78642.99,0.0,Paid,Net 45,2025-11-12,57,,owen.delacroix@nordvikfrozenfoods.com,"8980 Oak Ave, Suite 942",Lyon,NLD,NotSet,EmailSent,,QBO,False,0
5402,1402,2025-09-24,2025-11-23,2025-09,APX,Apex Warehousing LLC,2005,Solstice Home Goods,Retail,4009,Cross-Dock Handling,SVC-CROSS,Cross-Dock Handling - 2025-09,3,15015.27,4020,Revenue - LTL Consolidation,LTL Consolidation,USD,US Dollar,1.0,45045.81,45045.81,0.0,Paid,Net 60,2025-11-18,55,,ingrid.whitfield@solsticehomegoods.com,"7197 Commerce Dr, Suite 618",Columbus,USA,NotSet,EmailSent,,QBO,False,0
5403,1403,2025-09-20,2025-10-20,2025-09,APX,Apex Warehousing LLC,2012,Pinnacle Sports Supply,Retail,4011,Cold Storage - Pallet Positions,WHS-COLD,Cold Storage - Pallet Positions - 2025-09,3,6681.88,4030,Revenue - Warehousing & Storage,Warehousing & Storage,USD,US Dollar,1.0,20045.64,20045.64,0.0,Paid,Net 30,2025-10-23,33,,marcus.okafor@pinnaclesportssupply.com,"9301 Industrial Pkwy, Suite 741",Dallas,USA,NotSet,EmailSent,,QBO,False,0
5404,1404,2025-09-13,2025-10-13,2025-09,APX,Apex Warehousing LLC,2016,Trailhead Outdoor Gear,Retail,4011,Cold Storage - Pallet Positions,WHS-COLD,Cold Storage - Pallet Positions - 2025-09,3,5834.46,4030,Revenue - Warehousing & Storage,Warehousing & Storage,USD,US Dollar,1.0,17503.38,17503.38,0.0,Paid,Net 30,2025-10-10,27,,grant.delacroix@trailheadoutdoorgear.com,"3067 Industrial Pkwy, Suite 158",Seattle,USA,NotSet,EmailSent,,QBO,False,0
5405,1405,2025-09-14,2025-09-29,2025-09,APX,Apex Warehousing LLC,2019,Silverline Appliances,Appliances,4013,Fulfillment - Pick & Pack,FUL-PICK,Fulfillment - Pick & Pack - 2025-09,2,8062.54,4040,Revenue - Fulfillment & Pick-Pack,Fulfillment & Pick-Pack,USD,US Dollar,1.0,16125.08,16125.08,0.0,Paid,Net 15,2025-09-26,12,,naomi.kowalczyk@silverlineappliances.com,"3450 Havenweg, Suite 419",Columbus,USA,NotSet,EmailSent,,QBO,False,0
5406,1406,2025-09-04,2025-09-19,2025-09,APX,Apex Warehousing LLC,2022,Lumina Cosmetics,Beauty,4010,Warehousing - Pallet Positions,WHS-STOR-PAL,Warehousing - Pallet Positions - 2025-09,1,14933.28,4030,Revenue - Warehousing & Storage,Warehousing & Storage,USD,US Dollar,1.0,14933.28,14933.28,0.0,Paid,Net 15,2025-09-22,18,,helena.mendez@luminacosmetics.com,"3400 Havenweg, Suite 247",Atlanta,USA,NotSet,EmailSent,,QBO,False,0
5407,1407,2025-09-24,2025-10-24,2025-09,APX,Apex Warehousing LLC,2025,Willow Creek Furniture,Furniture,4009,Cross-Dock Handling,SVC-CROSS,Cross-Dock Handling - 2025-09,3,26243.1,4020,Revenue - LTL Consolidation,LTL Consolidation,USD,US Dollar,1.0,78729.3,78729.3,0.0,Paid,Net 30,2025-11-08,45,,elliot.sandoval@willowcreekfurniture.com,"2875 Commerce Dr, Suite 698",Atlanta,USA,NotSet,EmailSent,,QBO,False,0
5408,1408,2025-09-24,2025-10-24,2025-09,APX,Apex Warehousing LLC,2031,Marlowe Print Group,Media,4010,Warehousing - Pallet Positions,WHS-STOR-PAL,Warehousing - Pallet Positions - 2025-09,1,55976.58,4030,Revenue - Warehousing & Storage,Warehousing & Storage,USD,US Dollar,1.0,55976.58,55976.58,0.0,Paid,Net 30,2025-11-05,42,,aisha.roberts@marloweprintgroup.com,"7682 Cedar Ln, Suite 568",Kansas City,USA,NotSet,EmailSent,,QBO,False,0
5409,1409,2025-10-16,2025-11-30,2025-10,MLG,Meridian Logistics LLC,2001,Vantage Consumer Brands,CPG,4017,Last Mile Delivery Program,LM-DEL-ST,Last Mile Delivery Program - 2025-10,2,117675.01,4060,Revenue - Last Mile Delivery,Last Mile Delivery,USD,US Dollar,1.0,235350.02,235350.02,0.0,Paid,Net 45,2025-12-19,64,,angela.nowak@vantageconsumerbrands.com,"7611 Oak Ave, Suite 587",Memphis,USA,NotSet,EmailSent,,QBO,False,0
5410,1410,2025-10-23,2025-11-22,2025-10,MLG,Meridian Logistics LLC,2002,Ironbridge Manufacturing,Industrial,4000,Freight Brokerage - Standard,FRT-BRK-STD,Freight Brokerage - Standard - 2025-10,1,159847.27,4000,Revenue - Freight Brokerage,Freight Brokerage,USD,US Dollar,1.0,159847.27,159847.27,0.0,Paid,Net 30,2025-12-08,46,,lena.sandoval@ironbridgemanufacturing.com,"5482 Oak Ave, Suite 181",Columbus,USA,NotSet,EmailSent,,QBO,False,0
5411,1411,2025-10-25,2025-11-09,2025-10,MLG,Meridian Logistics LLC,2006,Kestrel Auto Components,Automotive,4021,Freight Bill Audit & Pay,SVC-AUDIT,Freight Bill Audit & Pay - 2025-10,3,32519.77,4090,Revenue - Software & Data Services,Software & Data Services,USD,US Dollar,1.0,97559.31,97559.31,0.0,Paid,Net 15,2025-11-13,19,,nora.vasquez@kestrelautocomponents.com,"4140 Industrial Pkwy, Suite 748",Newark,USA,NotSet,EmailSent,,QBO,False,0
5412,1412,2025-10-18,2025-12-02,2025-10,MLG,Meridian Logistics LLC,2008,Halcyon Beverage Co,Beverage,4021,Freight Bill Audit & Pay,SVC-AUDIT,Freight Bill Audit & Pay - 2025-10,3,25713.42,4090,Revenue - Software & Data Services,Software & Data Services,USD,US Dollar,1.0,77140.26,77140.26,77140.26,Open,Net 45,,,255,rachel.mensah@halcyonbeverageco.com,"9866 Terminal Way, Suite 792",Dallas,USA,NeedToPrint,EmailSent,,QBO,False,0
5413,1413,2025-10-06,2025-12-05,2025-10,MLG,Meridian Logistics LLC,2013,Summit Medical Supply,Healthcare,4008,LTL Consolidation - Lane Program,LTL-CON-LN,LTL Consolidation - Lane Program - 2025-10,1,76729.78,4020,Revenue - LTL Consolidation,LTL Consolidation,USD,US Dollar,1.0,76729.78,76729.78,0.0,Paid,Net 60,2025-12-10,65,,rachel.whitfield@summitmedicalsupply.com,"3309 Terminal Way, Suite 763",Atlanta,USA,NotSet,EmailSent,,QBO,False,0
5414,1414,2025-10-19,2025-11-18,2025-10,MLG,Meridian Logistics LLC,2017,Onyx Packaging Systems,Packaging,4017,Last Mile Delivery Program,LM-DEL-ST,Last Mile Delivery Program - 2025-10,2,30186.2,4060,Revenue - Last Mile Delivery,Last Mile Delivery,USD,US Dollar,1.0,60372.4,60372.4,0.0,Paid,Net 30,2025-11-22,34,,nora.kowalczyk@onyxpackagingsystems.com,"7811 Commerce Dr, Suite 219",Phoenix,USA,NotSet,EmailSent,,QBO,False,0
5415,1415,2025-10-07,2025-11-06,2025-10,MLG,Meridian Logistics LLC,2023,Atlas Bearing Works,Industrial,4017,Last Mile Delivery Program,LM-DEL-ST,Last Mile Delivery Program - 2025-10,3,19265.04,4060,Revenue - Last Mile Delivery,Last Mile Delivery,USD,US Dollar,1.0,57795.12,57795.12,0.0,Paid,Net 30,2025-11-17,41,,claire.ashworth@atlasbearingworks.com,"1081 Commerce Dr, Suite 448",Dallas,USA,NotSet,EmailSent,,QBO,False,0
5416,1416,2025-10-21,2025-12-05,2025-10,CFS,Cascade Freight Systems Inc,2003,Northline Grocers Co-op,Grocery,4003,Intermodal Rail Program,SVC-RAIL,Intermodal Rail Program - 2025-10,3,44553.23,4000,Revenue - Freight Brokerage,Freight Brokerage,USD,US Dollar,1.0,133659.69,133659.69,0.0,Paid,Net 45,2025-12-26,66,,nora.moreau@northlinegrocerscoop.com,"2276 Commerce Dr, Suite 756",Memphis,USA,NotSet,EmailSent,,QBO,False,0
5417,1417,2025-10-07,2025-10-22,2025-10,CFS,Cascade Freight Systems Inc,2007,Redstone Building Supply,Construction,4006,Dedicated Fleet - Monthly Contract,DED-FLT-MO,Dedicated Fleet - Monthly Contract - 2025-10,2,38890.51,4010,Revenue - Dedicated Fleet,Dedicated Fleet,USD,US Dollar,1.0,77781.02,77781.02,0.0,Paid,Net 15,2025-11-06,30,,victor.marchetti@redstonebuildingsupply.com,"8435 Commerce Dr, Suite 324",Memphis,USA,NotSet,EmailSent,,QBO,False,0
5418,1418,2025-10-21,2025-12-05,2025-10,CFS,Cascade Freight Systems Inc,2011,Meadowvale Farms,Agriculture,4004,Flatbed & Oversize Transport,SVC-FLAT,Flatbed & Oversize Transport - 2025-10,3,21144.68,4000,Revenue - Freight Brokerage,Freight Brokerage,USD,US Dollar,1.0,63434.04,63434.04,0.0,Paid,Net 45,2026-01-17,88,,naomi.kowalczyk@meadowvalefarms.com,"7551 Terminal Way, Suite 176",Charlotte,USA,NotSet,EmailSent,,QBO,False,0
5419,1419,2025-10-05,2025-11-19,2025-10,CFS,Cascade Freight Systems Inc,2015,Copperfield Chemicals,Chemicals,4005,Refrigerated Truckload,SVC-REEF,Refrigerated Truckload - 2025-10,3,18174.53,4000,Revenue - Freight Brokerage,Freight Brokerage,USD,US Dollar,1.0,54523.59,54523.59,0.0,Paid,Net 45,2025-12-18,74,,devon.vandermeer@copperfieldchemicals.com,"6069 Commerce Dr, Suite 265",Columbus,USA,NotSet,EmailSent,,QBO,False,0
5420,1420,2025-10-17,2025-11-16,2025-10,CFS,Cascade Freight Systems Inc,2018,Ferrous Metals Trading,Metals,4007,Driver Leasing Program,SVC-DRIVE,Driver Leasing Program - 2025-10,1,61576.48,4010,Revenue - Dedicated Fleet,Dedicated Fleet,USD,US Dollar,1.0,61576.48,61576.48,0.0,Paid,Net 30,2025-12-10,54,,naomi.ellsworth@ferrousmetalstrading.com,"2584 Havenweg, Suite 861",Memphis,USA,NotSet,EmailSent,,QBO,False,0
5421,1421,2025-10-19,2025-12-03,2025-10,CFS,Cascade Freight Systems Inc,2021,Highmark Steel Service,Metals,4004,Flatbed & Oversize Transport,SVC-FLAT,Flatbed & Oversize Transport - 2025-10,3,18303.0,4000,Revenue - Freight Brokerage,Freight Brokerage,USD,US Dollar,1.0,54909.0,54909.0,0.0,Paid,Net 45,2026-01-13,86,,claire.vandermeer@highmarksteelservice.com,"9247 Oak Ave, Suite 708",Charlotte,USA,NotSet,EmailSent,,QBO,False,0
5422,1422,2025-10-28,2025-11-27,2025-10,NWC,Northwind Cargo B.V.,2000,Global Retail Partners,Retail,4002,Port Drayage Program,SVC-DRAY,Port Drayage Program - 2025-10,1,131233.72,4000,Revenue - Freight Brokerage,Freight Brokerage,EUR,Euro,1.09,131233.72,143044.75,0.0,Paid,Net 30,2025-12-03,36,,nora.solberg@globalretailpartners.com,"9059 Terminal Way, Suite 304",Antwerp,NLD,NotSet,EmailSent,,QBO,False,0
5423,1423,2025-10-06,2025-11-05,2025-10,NWC,Northwind Cargo B.V.,2004,Vertex Pharma Distribution,Pharma,4001,Freight Brokerage - International,FRT-BRK-INT,Freight Brokerage - International - 2025-10,3,23851.43,4000,Revenue - Freight Brokerage,Freight Brokerage,EUR,Euro,1.09,71554.29,77994.18,0.0,Paid,Net 30,2025-11-11,36,,devon.devereaux@vertexpharmadistribution.com,"1824 Cedar Ln, Suite 759",Antwerp,NLD,NotSet,EmailSent,,QBO,False,0
5424,1424,2025-10-14,2025-11-28,2025-10,NWC,Northwind Cargo B.V.,2009,Cobalt Electronics,Electronics,4015,Customs Entry & Clearance,CUS-ENTRY,Customs Entry & Clearance - 2025-10,1,48461.64,4050,Revenue - Customs & Compliance,Customs & Compliance,EUR,Euro,1.09,48461.64,52823.19,0.0,Paid,Net 45,2025-12-17,64,,owen.marchetti@cobaltelectronics.com,"4170 Cedar Ln, Suite 138",Hamburg,NLD,NotSet,EmailSent,,QBO,False,0
5425,1425,2025-10-16,2025-11-30,2025-10,NWC,Northwind Cargo B.V.,2010,Aurora Textiles Group,Apparel,4020,TMS Platform Subscription,SW-TMS-SEAT,TMS Platform Subscription - 2025-10,2,19791.59,4090,Revenue - Software & Data Services,Software & Data Services,EUR,Euro,1.09,39583.18,43145.67,0.0,Paid,Net 45,2025-12-04,49,,bianca.moreau@auroratextilesgroup.com,"5223 Oak Ave, Suite 555",Hamburg,NLD,NotSet,EmailSent,,QBO,False,0
5426,1426,2025-10-13,2025-11-12,2025-10,NWC,Northwind Cargo B.V.,2014,Polaris Cold Chain,Food,4002,Port Drayage Program,SVC-DRAY,Port Drayage Program - 2025-10,3,20664.57,4000,Revenue - Freight Brokerage,Freight Brokerage,EUR,Euro,1.09,61993.71,67573.14,0.0,Paid,Net 30,2025-11-10,28,,marcus.lindqvist@polariscoldchain.com,"3723 Cedar Ln, Suite 328",Duisburg,NLD,NotSet,EmailSent,,QBO,False,0
5427,1427,2025-10-27,2025-11-11,2025-10,NWC,Northwind Cargo B.V.,2020,Volta Battery Systems,Electronics,4001,Freight Brokerage - International,FRT-BRK-INT,Freight Brokerage - International - 2025-10,3,14508.59,4000,Revenue - Freight Brokerage,Freight Brokerage,EUR,Euro,1.09,43525.77,47443.09,0.0,Paid,Net 15,2025-11-07,11,,bianca.nowak@voltabatterysystems.com,"3100 Cedar Ln, Suite 400",Lyon,NLD,NotSet,EmailSent,,QBO,False,0
5428,1428,2025-10-25,2025-12-24,2025-10,APX,Apex Warehousing LLC,2005,Solstice Home Goods,Retail,4009,Cross-Dock Handling,SVC-CROSS,Cross-Dock Handling - 2025-10,1,104014.06,4020,Revenue - LTL Consolidation,LTL Consolidation,USD,US Dollar,1.0,104014.06,104014.06,0.0,Paid,Net 60,2026-01-06,73,,ingrid.whitfield@solsticehomegoods.com,"7197 Commerce Dr, Suite 618",Columbus,USA,NotSet,EmailSent,,QBO,False,0
5429,1429,2025-10-27,2025-11-26,2025-10,APX,Apex Warehousing LLC,2012,Pinnacle Sports Supply,Retail,4011,Cold Storage - Pallet Positions,WHS-COLD,Cold Storage - Pallet Positions - 2025-10,2,23247.45,4030,Revenue - Warehousing & Storage,Warehousing & Storage,USD,US Dollar,1.0,46494.9,46494.9,0.0,Paid,Net 30,2025-11-26,30,,marcus.okafor@pinnaclesportssupply.com,"9301 Industrial Pkwy, Suite 741",Dallas,USA,NotSet,EmailSent,,QBO,False,0
5430,1430,2025-10-25,2025-11-24,2025-10,APX,Apex Warehousing LLC,2016,Trailhead Outdoor Gear,Retail,4011,Cold Storage - Pallet Positions,WHS-COLD,Cold Storage - Pallet Positions - 2025-10,2,20508.21,4030,Revenue - Warehousing & Storage,Warehousing & Storage,USD,US Dollar,1.0,41016.42,41016.42,0.0,Paid,Net 30,2025-12-04,40,,grant.delacroix@trailheadoutdoorgear.com,"3067 Industrial Pkwy, Suite 158",Seattle,USA,NotSet,EmailSent,,QBO,False,0
5431,1431,2025-10-23,2025-11-07,2025-10,APX,Apex Warehousing LLC,2019,Silverline Appliances,Appliances,4013,Fulfillment - Pick & Pack,FUL-PICK,Fulfillment - Pick & Pack - 2025-10,3,12167.49,4040,Revenue - Fulfillment & Pick-Pack,Fulfillment & Pick-Pack,USD,US Dollar,1.0,36502.47,36502.47,36502.47,Open,Net 15,,,250,naomi.kowalczyk@silverlineappliances.com,"3450 Havenweg, Suite 419",Columbus,USA,NeedToPrint,EmailSent,,QBO,False,0
5432,1432,2025-10-04,2025-10-19,2025-10,APX,Apex Warehousing LLC,2022,Lumina Cosmetics,Beauty,4010,Warehousing - Pallet Positions,WHS-STOR-PAL,Warehousing - Pallet Positions - 2025-10,2,17846.06,4030,Revenue - Warehousing & Storage,Warehousing & Storage,USD,US Dollar,1.0,35692.12,35692.12,0.0,Paid,Net 15,2025-11-05,32,,helena.mendez@luminacosmetics.com,"3400 Havenweg, Suite 247",Atlanta,USA,NotSet,EmailSent,,QBO,False,0
5433,1433,2025-11-16,2025-12-31,2025-11,MLG,Meridian Logistics LLC,2001,Vantage Consumer Brands,CPG,4017,Last Mile Delivery Program,LM-DEL-ST,Last Mile Delivery Program - 2025-11,1,242375.5,4060,Revenue - Last Mile Delivery,Last Mile Delivery,USD,US Dollar,1.0,242375.5,242375.5,0.0,Paid,Net 45,2026-01-17,62,,angela.nowak@vantageconsumerbrands.com,"7611 Oak Ave, Suite 587",Memphis,USA,NotSet,EmailSent,,QBO,False,0
5434,1434,2025-11-10,2025-12-10,2025-11,MLG,Meridian Logistics LLC,2002,Ironbridge Manufacturing,Industrial,4000,Freight Brokerage - Standard,FRT-BRK-STD,Freight Brokerage - Standard - 2025-11,2,86672.12,4000,Revenue - Freight Brokerage,Freight Brokerage,USD,US Dollar,1.0,173344.24,173344.24,0.0,Paid,Net 30,2025-12-28,48,,lena.sandoval@ironbridgemanufacturing.com,"5482 Oak Ave, Suite 181",Columbus,USA,NotSet,EmailSent,,QBO,False,0
5435,1435,2025-11-04,2025-11-19,2025-11,MLG,Meridian Logistics LLC,2006,Kestrel Auto Components,Automotive,4021,Freight Bill Audit & Pay,SVC-AUDIT,Freight Bill Audit & Pay - 2025-11,2,50666.56,4090,Revenue - Software & Data Services,Software & Data Services,USD,US Dollar,1.0,101333.12,101333.12,0.0,Paid,Net 15,2025-11-11,7,,nora.vasquez@kestrelautocomponents.com,"4140 Industrial Pkwy, Suite 748",Newark,USA,NotSet,EmailSent,,QBO,False,0
5436,1436,2025-11-06,2025-12-21,2025-11,MLG,Meridian Logistics LLC,2008,Halcyon Beverage Co,Beverage,4021,Freight Bill Audit & Pay,SVC-AUDIT,Freight Bill Audit & Pay - 2025-11,1,84707.34,4090,Revenue - Software & Data Services,Software & Data Services,USD,US Dollar,1.0,84707.34,84707.34,0.0,Paid,Net 45,2025-12-21,45,,rachel.mensah@halcyonbeverageco.com,"9866 Terminal Way, Suite 792",Dallas,USA,NotSet,EmailSent,,QBO,False,0
5437,1437,2025-11-10,2026-01-09,2025-11,MLG,Meridian Logistics LLC,2013,Summit Medical Supply,Healthcare,4008,LTL Consolidation - Lane Program,LTL-CON-LN,LTL Consolidation - Lane Program - 2025-11,2,43729.89,4020,Revenue - LTL Consolidation,LTL Consolidation,USD,US Dollar,1.0,87459.78,87459.78,0.0,Paid,Net 60,2026-01-25,76,,rachel.whitfield@summitmedicalsupply.com,"3309 Terminal Way, Suite 763",Atlanta,USA,NotSet,EmailSent,,QBO,False,0
5438,1438,2025-11-19,2025-12-19,2025-11,MLG,Meridian Logistics LLC,2017,Onyx Packaging Systems,Packaging,4017,Last Mile Delivery Program,LM-DEL-ST,Last Mile Delivery Program - 2025-11,1,65510.7,4060,Revenue - Last Mile Delivery,Last Mile Delivery,USD,US Dollar,1.0,65510.7,65510.7,0.0,Paid,Net 30,2026-01-04,46,,nora.kowalczyk@onyxpackagingsystems.com,"7811 Commerce Dr, Suite 219",Phoenix,USA,NotSet,EmailSent,,QBO,False,0
5439,1439,2025-11-25,2025-12-25,2025-11,MLG,Meridian Logistics LLC,2023,Atlas Bearing Works,Industrial,4017,Last Mile Delivery Program,LM-DEL-ST,Last Mile Delivery Program - 2025-11,3,20870.23,4060,Revenue - Last Mile Delivery,Last Mile Delivery,USD,US Dollar,1.0,62610.69,62610.69,0.0,Paid,Net 30,2025-12-17,22,,claire.ashworth@atlasbearingworks.com,"1081 Commerce Dr, Suite 448",Dallas,USA,NotSet,EmailSent,,QBO,False,0
5440,1440,2025-11-07,2025-12-22,2025-11,CFS,Cascade Freight Systems Inc,2003,Northline Grocers Co-op,Grocery,4003,Intermodal Rail Program,SVC-RAIL,Intermodal Rail Program - 2025-11,2,70373.65,4000,Revenue - Freight Brokerage,Freight Brokerage,USD,US Dollar,1.0,140747.3,140747.3,0.0,Paid,Net 45,2026-01-23,77,,nora.moreau@northlinegrocerscoop.com,"2276 Commerce Dr, Suite 756",Memphis,USA,NotSet,EmailSent,,QBO,False,0
5441,1441,2025-11-17,2025-12-02,2025-11,CFS,Cascade Freight Systems Inc,2007,Redstone Building Supply,Construction,4006,Dedicated Fleet - Monthly Contract,DED-FLT-MO,Dedicated Fleet - Monthly Contract - 2025-11,2,40803.11,4010,Revenue - Dedicated Fleet,Dedicated Fleet,USD,US Dollar,1.0,81606.22,81606.22,0.0,Paid,Net 15,2026-01-10,54,,victor.marchetti@redstonebuildingsupply.com,"8435 Commerce Dr, Suite 324",Memphis,USA,NotSet,EmailSent,,QBO,False,0
5442,1442,2025-11-21,2026-01-05,2025-11,CFS,Cascade Freight Systems Inc,2011,Meadowvale Farms,Agriculture,4004,Flatbed & Oversize Transport,SVC-FLAT,Flatbed & Oversize Transport - 2025-11,3,21995.71,4000,Revenue - Freight Brokerage,Freight Brokerage,USD,US Dollar,1.0,65987.13,65987.13,65987.13,Open,Net 45,,,221,naomi.kowalczyk@meadowvalefarms.com,"7551 Terminal Way, Suite 176",Charlotte,USA,NeedToPrint,EmailSent,,QBO,False,0
5443,1443,2025-11-18,2026-01-02,2025-11,CFS,Cascade Freight Systems Inc,2015,Copperfield Chemicals,Chemicals,4005,Refrigerated Truckload,SVC-REEF,Refrigerated Truckload - 2025-11,1,57933.24,4000,Revenue - Freight Brokerage,Freight Brokerage,USD,US Dollar,1.0,57933.24,57933.24,0.0,Paid,Net 45,2026-01-28,71,,devon.vandermeer@copperfieldchemicals.com,"6069 Commerce Dr, Suite 265",Columbus,USA,NotSet,EmailSent,,QBO,False,0
5444,1444,2025-11-04,2025-12-04,2025-11,CFS,Cascade Freight Systems Inc,2018,Ferrous Metals Trading,Metals,4007,Driver Leasing Program,SVC-DRIVE,Driver Leasing Program - 2025-11,3,20342.09,4010,Revenue - Dedicated Fleet,Dedicated Fleet,USD,US Dollar,1.0,61026.27,61026.27,0.0,Paid,Net 30,2026-01-09,66,,naomi.ellsworth@ferrousmetalstrading.com,"2584 Havenweg, Suite 861",Memphis,USA,NotSet,EmailSent,,QBO,False,0
5445,1445,2025-11-08,2025-12-23,2025-11,CFS,Cascade Freight Systems Inc,2021,Highmark Steel Service,Metals,4004,Flatbed & Oversize Transport,SVC-FLAT,Flatbed & Oversize Transport - 2025-11,3,18880.85,4000,Revenue - Freight Brokerage,Freight Brokerage,USD,US Dollar,1.0,56642.55,56642.55,0.0,Paid,Net 45,2026-01-05,58,,claire.vandermeer@highmarksteelservice.com,"9247 Oak Ave, Suite 708",Charlotte,USA,NotSet,EmailSent,,QBO,False,0
5446,1446,2025-11-17,2025-12-17,2025-11,NWC,Northwind Cargo B.V.,2000,Global Retail Partners,Retail,4002,Port Drayage Program,SVC-DRAY,Port Drayage Program - 2025-11,3,40342.83,4000,Revenue - Freight Brokerage,Freight Brokerage,EUR,Euro,1.09,121028.49,131921.05,0.0,Paid,Net 30,2025-12-26,39,,nora.solberg@globalretailpartners.com,"9059 Terminal Way, Suite 304",Antwerp,NLD,NotSet,EmailSent,,QBO,False,0
5447,1447,2025-11-25,2025-12-25,2025-11,NWC,Northwind Cargo B.V.,2004,Vertex Pharma Distribution,Pharma,4001,Freight Brokerage - International,FRT-BRK-INT,Freight Brokerage - International - 2025-11,1,77793.35,4000,Revenue - Freight Brokerage,Freight Brokerage,EUR,Euro,1.09,77793.35,84794.75,0.0,Paid,Net 30,2025-12-20,25,,devon.devereaux@vertexpharmadistribution.com,"1824 Cedar Ln, Suite 759",Antwerp,NLD,NotSet,EmailSent,,QBO,False,0
5448,1448,2025-11-13,2025-12-28,2025-11,NWC,Northwind Cargo B.V.,2009,Cobalt Electronics,Electronics,4015,Customs Entry & Clearance,CUS-ENTRY,Customs Entry & Clearance - 2025-11,2,26918.7,4050,Revenue - Customs & Compliance,Customs & Compliance,EUR,Euro,1.09,53837.4,58682.77,0.0,Paid,Net 45,2026-01-02,50,,owen.marchetti@cobaltelectronics.com,"4170 Cedar Ln, Suite 138",Hamburg,NLD,NotSet,EmailSent,,QBO,False,0
5449,1449,2025-11-23,2026-01-07,2025-11,NWC,Northwind Cargo B.V.,2010,Aurora Textiles Group,Apparel,4020,TMS Platform Subscription,SW-TMS-SEAT,TMS Platform Subscription - 2025-11,3,13609.55,4090,Revenue - Software & Data Services,Software & Data Services,EUR,Euro,1.09,40828.65,44503.23,0.0,Paid,Net 45,2026-01-23,61,,bianca.moreau@auroratextilesgroup.com,"5223 Oak Ave, Suite 555",Hamburg,NLD,NotSet,EmailSent,,QBO,False,0
5450,1450,2025-11-18,2025-12-18,2025-11,NWC,Northwind Cargo B.V.,2014,Polaris Cold Chain,Food,4002,Port Drayage Program,SVC-DRAY,Port Drayage Program - 2025-11,2,32008.54,4000,Revenue - Freight Brokerage,Freight Brokerage,EUR,Euro,1.09,64017.08,69778.62,0.0,Paid,Net 30,2025-12-21,33,,marcus.lindqvist@polariscoldchain.com,"3723 Cedar Ln, Suite 328",Duisburg,NLD,NotSet,EmailSent,,QBO,False,0
5451,1451,2025-11-23,2025-12-08,2025-11,NWC,Northwind Cargo B.V.,2020,Volta Battery Systems,Electronics,4001,Freight Brokerage - International,FRT-BRK-INT,Freight Brokerage - International - 2025-11,2,26701.35,4000,Revenue - Freight Brokerage,Freight Brokerage,EUR,Euro,1.09,53402.7,58208.94,0.0,Paid,Net 15,2025-11-30,7,,bianca.nowak@voltabatterysystems.com,"3100 Cedar Ln, Suite 400",Lyon,NLD,NotSet,EmailSent,,QBO,False,0
5452,1452,2025-11-02,2026-01-01,2025-11,APX,Apex Warehousing LLC,2005,Solstice Home Goods,Retail,4009,Cross-Dock Handling,SVC-CROSS,Cross-Dock Handling - 2025-11,1,116593.86,4020,Revenue - LTL Consolidation,LTL Consolidation,USD,US Dollar,1.0,116593.86,116593.86,0.0,Paid,Net 60,2026-01-08,67,,ingrid.whitfield@solsticehomegoods.com,"7197 Commerce Dr, Suite 618",Columbus,USA,NotSet,EmailSent,,QBO,False,0
5453,1453,2025-11-19,2025-12-19,2025-11,APX,Apex Warehousing LLC,2012,Pinnacle Sports Supply,Retail,4011,Cold Storage - Pallet Positions,WHS-COLD,Cold Storage - Pallet Positions - 2025-11,2,25568.49,4030,Revenue - Warehousing & Storage,Warehousing & Storage,USD,US Dollar,1.0,51136.98,51136.98,0.0,Paid,Net 30,2025-12-26,37,,marcus.okafor@pinnaclesportssupply.com,"9301 Industrial Pkwy, Suite 741",Dallas,USA,NotSet,EmailSent,,QBO,False,0
5454,1454,2025-11-20,2025-12-20,2025-11,APX,Apex Warehousing LLC,2016,Trailhead Outdoor Gear,Retail,4011,Cold Storage - Pallet Positions,WHS-COLD,Cold Storage - Pallet Positions - 2025-11,3,14107.96,4030,Revenue - Warehousing & Storage,Warehousing & Storage,USD,US Dollar,1.0,42323.88,42323.88,0.0,Paid,Net 30,2026-01-05,46,,grant.delacroix@trailheadoutdoorgear.com,"3067 Industrial Pkwy, Suite 158",Seattle,USA,NotSet,EmailSent,,QBO,False,0
5455,1455,2025-11-05,2025-11-20,2025-11,APX,Apex Warehousing LLC,2019,Silverline Appliances,Appliances,4013,Fulfillment - Pick & Pack,FUL-PICK,Fulfillment - Pick & Pack - 2025-11,3,12699.0,4040,Revenue - Fulfillment & Pick-Pack,Fulfillment & Pick-Pack,USD,US Dollar,1.0,38097.0,38097.0,0.0,Paid,Net 15,2025-11-26,21,,naomi.kowalczyk@silverlineappliances.com,"3450 Havenweg, Suite 419",Columbus,USA,NotSet,EmailSent,,QBO,False,0
5456,1456,2025-11-19,2025-12-04,2025-11,APX,Apex Warehousing LLC,2022,Lumina Cosmetics,Beauty,4010,Warehousing - Pallet Positions,WHS-STOR-PAL,Warehousing - Pallet Positions - 2025-11,2,19882.56,4030,Revenue - Warehousing & Storage,Warehousing & Storage,USD,US Dollar,1.0,39765.12,39765.12,0.0,Paid,Net 15,2025-12-09,20,,helena.mendez@luminacosmetics.com,"3400 Havenweg, Suite 247",Atlanta,USA,NotSet,EmailSent,,QBO,False,0
5457,1457,2025-12-16,2026-01-30,2025-12,MLG,Meridian Logistics LLC,2001,Vantage Consumer Brands,CPG,4017,Last Mile Delivery Program,LM-DEL-ST,Last Mile Delivery Program - 2025-12,2,92614.77,4060,Revenue - Last Mile Delivery,Last Mile Delivery,USD,US Dollar,1.0,185229.54,185229.54,0.0,Paid,Net 45,2026-02-03,49,,angela.nowak@vantageconsumerbrands.com,"7611 Oak Ave, Suite 587",Memphis,USA,NotSet,EmailSent,,QBO,False,0
5458,1458,2025-12-20,2026-01-19,2025-12,MLG,Meridian Logistics LLC,2002,Ironbridge Manufacturing,Industrial,4000,Freight Brokerage - Standard,FRT-BRK-STD,Freight Brokerage - Standard - 2025-12,3,38872.0,4000,Revenue - Freight Brokerage,Freight Brokerage,USD,US Dollar,1.0,116616.0,116616.0,0.0,Paid,Net 30,2026-02-11,53,,lena.sandoval@ironbridgemanufacturing.com,"5482 Oak Ave, Suite 181",Columbus,USA,NotSet,EmailSent,,QBO,False,0
5459,1459,2025-12-02,2025-12-17,2025-12,MLG,Meridian Logistics LLC,2006,Kestrel Auto Components,Automotive,4021,Freight Bill Audit & Pay,SVC-AUDIT,Freight Bill Audit & Pay - 2025-12,2,37987.53,4090,Revenue - Software & Data Services,Software & Data Services,USD,US Dollar,1.0,75975.06,75975.06,0.0,Paid,Net 15,2025-12-20,18,,nora.vasquez@kestrelautocomponents.com,"4140 Industrial Pkwy, Suite 748",Newark,USA,NotSet,EmailSent,,QBO,False,0
5460,1460,2025-12-16,2026-01-30,2025-12,MLG,Meridian Logistics LLC,2008,Halcyon Beverage Co,Beverage,4021,Freight Bill Audit & Pay,SVC-AUDIT,Freight Bill Audit & Pay - 2025-12,2,31979.06,4090,Revenue - Software & Data Services,Software & Data Services,USD,US Dollar,1.0,63958.12,63958.12,0.0,Paid,Net 45,2026-01-30,45,,rachel.mensah@halcyonbeverageco.com,"9866 Terminal Way, Suite 792",Dallas,USA,NotSet,EmailSent,,QBO,False,0
5461,1461,2025-12-13,2026-02-11,2025-12,MLG,Meridian Logistics LLC,2013,Summit Medical Supply,Healthcare,4008,LTL Consolidation - Lane Program,LTL-CON-LN,LTL Consolidation - Lane Program - 2025-12,2,30707.38,4020,Revenue - LTL Consolidation,LTL Consolidation,USD,US Dollar,1.0,61414.76,61414.76,0.0,Paid,Net 60,2026-02-26,75,,rachel.whitfield@summitmedicalsupply.com,"3309 Terminal Way, Suite 763",Atlanta,USA,NotSet,EmailSent,,QBO,False,0
5462,1462,2025-12-15,2026-01-14,2025-12,MLG,Meridian Logistics LLC,2017,Onyx Packaging Systems,Packaging,4017,Last Mile Delivery Program,LM-DEL-ST,Last Mile Delivery Program - 2025-12,2,23382.47,4060,Revenue - Last Mile Delivery,Last Mile Delivery,USD,US Dollar,1.0,46764.94,46764.94,0.0,Paid,Net 30,2026-01-22,38,,nora.kowalczyk@onyxpackagingsystems.com,"7811 Commerce Dr, Suite 219",Phoenix,USA,NotSet,EmailSent,,QBO,False,0
5463,1463,2025-12-20,2026-01-19,2025-12,MLG,Meridian Logistics LLC,2023,Atlas Bearing Works,Industrial,4017,Last Mile Delivery Program,LM-DEL-ST,Last Mile Delivery Program - 2025-12,1,42285.55,4060,Revenue - Last Mile Delivery,Last Mile Delivery,USD,US Dollar,1.0,42285.55,42285.55,0.0,Paid,Net 30,2026-02-01,43,,claire.ashworth@atlasbearingworks.com,"1081 Commerce Dr, Suite 448",Dallas,USA,NotSet,EmailSent,,QBO,False,0
5464,1464,2025-12-27,2026-01-26,2025-12,MLG,Meridian Logistics LLC,2027,Perigee Aerospace Parts,Aerospace,4008,LTL Consolidation - Lane Program,LTL-CON-LN,LTL Consolidation - Lane Program - 2025-12,2,105337.07,4020,Revenue - LTL Consolidation,LTL Consolidation,USD,US Dollar,1.0,210674.14,210674.14,0.0,Paid,Net 30,2026-02-06,41,,ingrid.bergstrom@perigeeaerospaceparts.com,"9548 Terminal Way, Suite 444",Columbus,USA,NotSet,EmailSent,,QBO,False,0
5465,1465,2025-12-26,2026-02-09,2025-12,CFS,Cascade Freight Systems Inc,2003,Northline Grocers Co-op,Grocery,4003,Intermodal Rail Program,SVC-RAIL,Intermodal Rail Program - 2025-12,3,24140.18,4000,Revenue - Freight Brokerage,Freight Brokerage,USD,US Dollar,1.0,72420.54,72420.54,0.0,Paid,Net 45,2026-03-04,68,,nora.moreau@northlinegrocerscoop.com,"2276 Commerce Dr, Suite 756",Memphis,USA,NotSet,EmailSent,,QBO,False,0
5466,1466,2025-12-18,2026-01-02,2025-12,CFS,Cascade Freight Systems Inc,2007,Redstone Building Supply,Construction,4006,Dedicated Fleet - Monthly Contract,DED-FLT-MO,Dedicated Fleet - Monthly Contract - 2025-12,2,20027.63,4010,Revenue - Dedicated Fleet,Dedicated Fleet,USD,US Dollar,1.0,40055.26,40055.26,0.0,Paid,Net 15,2026-01-26,39,,victor.marchetti@redstonebuildingsupply.com,"8435 Commerce Dr, Suite 324",Memphis,USA,NotSet,EmailSent,,QBO,False,0
5467,1467,2025-12-16,2026-01-30,2025-12,CFS,Cascade Freight Systems Inc,2011,Meadowvale Farms,Agriculture,4004,Flatbed & Oversize Transport,SVC-FLAT,Flatbed & Oversize Transport - 2025-12,3,9957.47,4000,Revenue - Freight Brokerage,Freight Brokerage,USD,US Dollar,1.0,29872.41,29872.41,0.0,Paid,Net 45,2026-03-03,77,,naomi.kowalczyk@meadowvalefarms.com,"7551 Terminal Way, Suite 176",Charlotte,USA,NotSet,EmailSent,,QBO,False,0
5468,1468,2025-12-08,2026-01-22,2025-12,CFS,Cascade Freight Systems Inc,2015,Copperfield Chemicals,Chemicals,4005,Refrigerated Truckload,SVC-REEF,Refrigerated Truckload - 2025-12,1,26849.02,4000,Revenue - Freight Brokerage,Freight Brokerage,USD,US Dollar,1.0,26849.02,26849.02,0.0,Paid,Net 45,2026-02-05,59,,devon.vandermeer@copperfieldchemicals.com,"6069 Commerce Dr, Suite 265",Columbus,USA,NotSet,EmailSent,,QBO,False,0
5469,1469,2025-12-22,2026-01-21,2025-12,CFS,Cascade Freight Systems Inc,2018,Ferrous Metals Trading,Metals,4007,Driver Leasing Program,SVC-DRIVE,Driver Leasing Program - 2025-12,3,10251.27,4010,Revenue - Dedicated Fleet,Dedicated Fleet,USD,US Dollar,1.0,30753.81,30753.81,0.0,Paid,Net 30,2026-02-25,65,,naomi.ellsworth@ferrousmetalstrading.com,"2584 Havenweg, Suite 861",Memphis,USA,NotSet,EmailSent,,QBO,False,0
5470,1470,2025-12-19,2026-02-02,2025-12,CFS,Cascade Freight Systems Inc,2021,Highmark Steel Service,Metals,4004,Flatbed & Oversize Transport,SVC-FLAT,Flatbed & Oversize Transport - 2025-12,3,10081.78,4000,Revenue - Freight Brokerage,Freight Brokerage,USD,US Dollar,1.0,30245.34,30245.34,0.0,Paid,Net 45,2026-02-20,63,,claire.vandermeer@highmarksteelservice.com,"9247 Oak Ave, Suite 708",Charlotte,USA,NotSet,EmailSent,,QBO,False,0
5471,1471,2025-12-17,2026-01-31,2025-12,CFS,Cascade Freight Systems Inc,2026,Quarry Stone Materials,Construction,4006,Dedicated Fleet - Monthly Contract,DED-FLT-MO,Dedicated Fleet - Monthly Contract - 2025-12,1,135225.05,4010,Revenue - Dedicated Fleet,Dedicated Fleet,USD,US Dollar,1.0,135225.05,135225.05,0.0,Paid,Net 45,2026-03-03,76,,maya.marchetti@quarrystonematerials.com,"391 Industrial Pkwy, Suite 896",Denver,USA,NotSet,EmailSent,,QBO,False,0
5472,1472,2025-12-27,2026-01-26,2025-12,CFS,Cascade Freight Systems Inc,2033,Sparrow Lane Bakery,Food,4006,Dedicated Fleet - Monthly Contract,DED-FLT-MO,Dedicated Fleet - Monthly Contract - 2025-12,2,44071.61,4010,Revenue - Dedicated Fleet,Dedicated Fleet,USD,US Dollar,1.0,88143.22,88143.22,0.0,Paid,Net 30,2026-02-17,52,,elliot.bergstrom@sparrowlanebakery.com,"3301 Oak Ave, Suite 185",Denver,USA,NotSet,EmailSent,,QBO,False,0
5473,1473,2025-12-17,2026-01-16,2025-12,NWC,Northwind Cargo B.V.,2000,Global Retail Partners,Retail,4002,Port Drayage Program,SVC-DRAY,Port Drayage Program - 2025-12,1,49201.94,4000,Revenue - Freight Brokerage,Freight Brokerage,EUR,Euro,1.09,49201.94,53630.11,0.0,Paid,Net 30,2026-01-30,44,,nora.solberg@globalretailpartners.com,"9059 Terminal Way, Suite 304",Antwerp,NLD,NotSet,EmailSent,,QBO,False,0
5474,1474,2025-12-18,2026-01-17,2025-12,NWC,Northwind Cargo B.V.,2004,Vertex Pharma Distribution,Pharma,4001,Freight Brokerage - International,FRT-BRK-INT,Freight Brokerage - International - 2025-12,3,13445.73,4000,Revenue - Freight Brokerage,Freight Brokerage,EUR,Euro,1.09,40337.19,43967.54,0.0,Paid,Net 30,2026-01-28,41,,devon.devereaux@vertexpharmadistribution.com,"1824 Cedar Ln, Suite 759",Antwerp,NLD,NotSet,EmailSent,,QBO,False,0
5475,1475,2025-12-13,2026-01-27,2025-12,NWC,Northwind Cargo B.V.,2009,Cobalt Electronics,Electronics,4015,Customs Entry & Clearance,CUS-ENTRY,Customs Entry & Clearance - 2025-12,2,13896.43,4050,Revenue - Customs & Compliance,Customs & Compliance,EUR,Euro,1.09,27792.86,30294.22,0.0,Paid,Net 45,2026-02-14,63,,owen.marchetti@cobaltelectronics.com,"4170 Cedar Ln, Suite 138",Hamburg,NLD,NotSet,EmailSent,,QBO,False,0
5476,1476,2025-12-22,2026-02-05,2025-12,NWC,Northwind Cargo B.V.,2010,Aurora Textiles Group,Apparel,4020,TMS Platform Subscription,SW-TMS-SEAT,TMS Platform Subscription - 2025-12,3,7535.81,4090,Revenue - Software & Data Services,Software & Data Services,EUR,Euro,1.09,22607.43,24642.1,0.0,Paid,Net 45,2026-02-11,51,,bianca.moreau@auroratextilesgroup.com,"5223 Oak Ave, Suite 555",Hamburg,NLD,NotSet,EmailSent,,QBO,False,0
5477,1477,2025-12-28,2026-01-27,2025-12,NWC,Northwind Cargo B.V.,2014,Polaris Cold Chain,Food,4002,Port Drayage Program,SVC-DRAY,Port Drayage Program - 2025-12,2,18653.21,4000,Revenue - Freight Brokerage,Freight Brokerage,EUR,Euro,1.09,37306.42,40664.0,0.0,Paid,Net 30,2026-02-08,42,,marcus.lindqvist@polariscoldchain.com,"3723 Cedar Ln, Suite 328",Duisburg,NLD,NotSet,EmailSent,,QBO,False,0
5478,1478,2025-12-16,2025-12-31,2025-12,NWC,Northwind Cargo B.V.,2020,Volta Battery Systems,Electronics,4001,Freight Brokerage - International,FRT-BRK-INT,Freight Brokerage - International - 2025-12,1,28572.72,4000,Revenue - Freight Brokerage,Freight Brokerage,EUR,Euro,1.09,28572.72,31144.26,0.0,Paid,Net 15,2026-01-02,17,,bianca.nowak@voltabatterysystems.com,"3100 Cedar Ln, Suite 400",Lyon,NLD,NotSet,EmailSent,,QBO,False,0
5479,1479,2025-12-08,2026-02-06,2025-12,NWC,Northwind Cargo B.V.,2024,Beacon Optics,Electronics,4002,Port Drayage Program,SVC-DRAY,Port Drayage Program - 2025-12,3,36179.09,4000,Revenue - Freight Brokerage,Freight Brokerage,EUR,Euro,1.09,108537.27,118305.62,0.0,Paid,Net 60,2026-02-08,62,,ingrid.kowalczyk@beaconoptics.com,"6358 Commerce Dr, Suite 439",Barcelona,NLD,NotSet,EmailSent,,QBO,False,0
5480,1480,2025-12-14,2026-01-28,2025-12,NWC,Northwind Cargo B.V.,2028,Nordvik Frozen Foods,Food,4001,Freight Brokerage - International,FRT-BRK-INT,Freight Brokerage - International - 2025-12,1,80513.94,4000,Revenue - Freight Brokerage,Freight Brokerage,EUR,Euro,1.09,80513.94,87760.19,0.0,Paid,Net 45,2026-02-05,53,,owen.delacroix@nordvikfrozenfoods.com,"8980 Oak Ave, Suite 942",Lyon,NLD,NotSet,EmailSent,,QBO,False,0
5481,1481,2025-12-20,2026-02-18,2025-12,APX,Apex Warehousing LLC,2005,Solstice Home Goods,Retail,4009,Cross-Dock Handling,SVC-CROSS,Cross-Dock Handling - 2025-12,2,24926.67,4020,Revenue - LTL Consolidation,LTL Consolidation,USD,US Dollar,1.0,49853.34,49853.34,0.0,Paid,Net 60,2026-03-13,83,,ingrid.whitfield@solsticehomegoods.com,"7197 Commerce Dr, Suite 618",Columbus,USA,NotSet,EmailSent,,QBO,False,0
5482,1482,2025-12-25,2026-01-24,2025-12,APX,Apex Warehousing LLC,2012,Pinnacle Sports Supply,Retail,4011,Cold Storage - Pallet Positions,WHS-COLD,Cold Storage - Pallet Positions - 2025-12,3,7266.57,4030,Revenue - Warehousing & Storage,Warehousing & Storage,USD,US Dollar,1.0,21799.71,21799.71,0.0,Paid,Net 30,2026-02-02,39,,marcus.okafor@pinnaclesportssupply.com,"9301 Industrial Pkwy, Suite 741",Dallas,USA,NotSet,EmailSent,,QBO,False,0
5483,1483,2025-12-10,2026-01-09,2025-12,APX,Apex Warehousing LLC,2016,Trailhead Outdoor Gear,Retail,4011,Cold Storage - Pallet Positions,WHS-COLD,Cold Storage - Pallet Positions - 2025-12,1,20210.06,4030,Revenue - Warehousing & Storage,Warehousing & Storage,USD,US Dollar,1.0,20210.06,20210.06,0.0,Paid,Net 30,2026-01-13,34,,grant.delacroix@trailheadoutdoorgear.com,"3067 Industrial Pkwy, Suite 158",Seattle,USA,NotSet,EmailSent,,QBO,False,0
5484,1484,2025-12-26,2026-01-10,2025-12,APX,Apex Warehousing LLC,2019,Silverline Appliances,Appliances,4013,Fulfillment - Pick & Pack,FUL-PICK,Fulfillment - Pick & Pack - 2025-12,3,5731.73,4040,Revenue - Fulfillment & Pick-Pack,Fulfillment & Pick-Pack,USD,US Dollar,1.0,17195.19,17195.19,0.0,Paid,Net 15,2026-01-05,10,,naomi.kowalczyk@silverlineappliances.com,"3450 Havenweg, Suite 419",Columbus,USA,NotSet,EmailSent,,QBO,False,0
5485,1485,2025-12-02,2025-12-17,2025-12,APX,Apex Warehousing LLC,2022,Lumina Cosmetics,Beauty,4010,Warehousing - Pallet Positions,WHS-STOR-PAL,Warehousing - Pallet Positions - 2025-12,3,5571.87,4030,Revenue - Warehousing & Storage,Warehousing & Storage,USD,US Dollar,1.0,16715.61,16715.61,0.0,Paid,Net 15,2025-12-10,8,,helena.mendez@luminacosmetics.com,"3400 Havenweg, Suite 247",Atlanta,USA,NotSet,EmailSent,,QBO,False,0
5486,1486,2025-12-06,2026-01-05,2025-12,APX,Apex Warehousing LLC,2025,Willow Creek Furniture,Furniture,4009,Cross-Dock Handling,SVC-CROSS,Cross-Dock Handling - 2025-12,3,31962.22,4020,Revenue - LTL Consolidation,LTL Consolidation,USD,US Dollar,1.0,95886.66,95886.66,0.0,Paid,Net 30,2026-01-06,31,,elliot.sandoval@willowcreekfurniture.com,"2875 Commerce Dr, Suite 698",Atlanta,USA,NotSet,EmailSent,,QBO,False,0
5487,1487,2025-12-08,2026-01-07,2025-12,APX,Apex Warehousing LLC,2031,Marlowe Print Group,Media,4010,Warehousing - Pallet Positions,WHS-STOR-PAL,Warehousing - Pallet Positions - 2025-12,3,22511.98,4030,Revenue - Warehousing & Storage,Warehousing & Storage,USD,US Dollar,1.0,67535.94,67535.94,0.0,Paid,Net 30,2026-01-10,33,,aisha.roberts@marloweprintgroup.com,"7682 Cedar Ln, Suite 568",Kansas City,USA,NotSet,EmailSent,,QBO,False,0
5488,1488,2026-01-08,2026-02-22,2026-01,MLG,Meridian Logistics LLC,2001,Vantage Consumer Brands,CPG,4017,Last Mile Delivery Program,LM-DEL-ST,Last Mile Delivery Program - 2026-01,1,218934.17,4060,Revenue - Last Mile Delivery,Last Mile Delivery,USD,US Dollar,1.0,218934.17,218934.17,0.0,Paid,Net 45,2026-03-09,60,,angela.nowak@vantageconsumerbrands.com,"7611 Oak Ave, Suite 587",Memphis,USA,NotSet,EmailSent,,QBO,False,0
5489,1489,2026-01-12,2026-02-11,2026-01,MLG,Meridian Logistics LLC,2002,Ironbridge Manufacturing,Industrial,4000,Freight Brokerage - Standard,FRT-BRK-STD,Freight Brokerage - Standard - 2026-01,2,71009.39,4000,Revenue - Freight Brokerage,Freight Brokerage,USD,US Dollar,1.0,142018.78,142018.78,0.0,Paid,Net 30,2026-03-01,48,,lena.sandoval@ironbridgemanufacturing.com,"5482 Oak Ave, Suite 181",Columbus,USA,NotSet,EmailSent,,QBO,False,0
5490,1490,2026-01-06,2026-01-21,2026-01,MLG,Meridian Logistics LLC,2006,Kestrel Auto Components,Automotive,4021,Freight Bill Audit & Pay,SVC-AUDIT,Freight Bill Audit & Pay - 2026-01,2,45508.88,4090,Revenue - Software & Data Services,Software & Data Services,USD,US Dollar,1.0,91017.76,91017.76,0.0,Paid,Net 15,2026-01-25,19,,nora.vasquez@kestrelautocomponents.com,"4140 Industrial Pkwy, Suite 748",Newark,USA,NotSet,EmailSent,,QBO,False,0
5491,1491,2026-01-22,2026-03-08,2026-01,MLG,Meridian Logistics LLC,2008,Halcyon Beverage Co,Beverage,4021,Freight Bill Audit & Pay,SVC-AUDIT,Freight Bill Audit & Pay - 2026-01,3,27006.08,4090,Revenue - Software & Data Services,Software & Data Services,USD,US Dollar,1.0,81018.24,81018.24,0.0,Paid,Net 45,2026-03-21,58,,rachel.mensah@halcyonbeverageco.com,"9866 Terminal Way, Suite 792",Dallas,USA,NotSet,EmailSent,,QBO,False,0
5492,1492,2026-01-14,2026-03-15,2026-01,MLG,Meridian Logistics LLC,2013,Summit Medical Supply,Healthcare,4008,LTL Consolidation - Lane Program,LTL-CON-LN,LTL Consolidation - Lane Program - 2026-01,3,28043.1,4020,Revenue - LTL Consolidation,LTL Consolidation,USD,US Dollar,1.0,84129.3,84129.3,0.0,Paid,Net 60,2026-03-20,65,,rachel.whitfield@summitmedicalsupply.com,"3309 Terminal Way, Suite 763",Atlanta,USA,NotSet,EmailSent,,QBO,False,0
5493,1493,2026-01-14,2026-02-13,2026-01,MLG,Meridian Logistics LLC,2017,Onyx Packaging Systems,Packaging,4017,Last Mile Delivery Program,LM-DEL-ST,Last Mile Delivery Program - 2026-01,2,31756.92,4060,Revenue - Last Mile Delivery,Last Mile Delivery,USD,US Dollar,1.0,63513.84,63513.84,0.0,Paid,Net 30,2026-03-05,50,,nora.kowalczyk@onyxpackagingsystems.com,"7811 Commerce Dr, Suite 219",Phoenix,USA,NotSet,EmailSent,,QBO,False,0
5494,1494,2026-01-27,2026-02-26,2026-01,MLG,Meridian Logistics LLC,2023,Atlas Bearing Works,Industrial,4017,Last Mile Delivery Program,LM-DEL-ST,Last Mile Delivery Program - 2026-01,3,18633.55,4060,Revenue - Last Mile Delivery,Last Mile Delivery,USD,US Dollar,1.0,55900.65,55900.65,0.0,Paid,Net 30,2026-03-02,34,,claire.ashworth@atlasbearingworks.com,"1081 Commerce Dr, Suite 448",Dallas,USA,NotSet,EmailSent,,QBO,False,0
5495,1495,2026-01-27,2026-03-13,2026-01,CFS,Cascade Freight Systems Inc,2003,Northline Grocers Co-op,Grocery,4003,Intermodal Rail Program,SVC-RAIL,Intermodal Rail Program - 2026-01,1,122522.34,4000,Revenue - Freight Brokerage,Freight Brokerage,USD,US Dollar,1.0,122522.34,122522.34,0.0,Paid,Net 45,2026-03-26,58,,nora.moreau@northlinegrocerscoop.com,"2276 Commerce Dr, Suite 756",Memphis,USA,NotSet,EmailSent,,QBO,False,0
5496,1496,2026-01-11,2026-01-26,2026-01,CFS,Cascade Freight Systems Inc,2007,Redstone Building Supply,Construction,4006,Dedicated Fleet - Monthly Contract,DED-FLT-MO,Dedicated Fleet - Monthly Contract - 2026-01,2,34099.67,4010,Revenue - Dedicated Fleet,Dedicated Fleet,USD,US Dollar,1.0,68199.34,68199.34,0.0,Paid,Net 15,2026-02-06,26,,victor.marchetti@redstonebuildingsupply.com,"8435 Commerce Dr, Suite 324",Memphis,USA,NotSet,EmailSent,,QBO,False,0
5497,1497,2026-01-27,2026-03-13,2026-01,CFS,Cascade Freight Systems Inc,2011,Meadowvale Farms,Agriculture,4004,Flatbed & Oversize Transport,SVC-FLAT,Flatbed & Oversize Transport - 2026-01,3,19294.47,4000,Revenue - Freight Brokerage,Freight Brokerage,USD,US Dollar,1.0,57883.41,57883.41,0.0,Paid,Net 45,2026-04-07,70,,naomi.kowalczyk@meadowvalefarms.com,"7551 Terminal Way, Suite 176",Charlotte,USA,NotSet,EmailSent,,QBO,False,0
5498,1498,2026-01-17,2026-03-03,2026-01,CFS,Cascade Freight Systems Inc,2015,Copperfield Chemicals,Chemicals,4005,Refrigerated Truckload,SVC-REEF,Refrigerated Truckload - 2026-01,1,53325.34,4000,Revenue - Freight Brokerage,Freight Brokerage,USD,US Dollar,1.0,53325.34,53325.34,0.0,Paid,Net 45,2026-04-06,79,,devon.vandermeer@copperfieldchemicals.com,"6069 Commerce Dr, Suite 265",Columbus,USA,NotSet,EmailSent,,QBO,False,0
5499,1499,2026-01-16,2026-02-15,2026-01,CFS,Cascade Freight Systems Inc,2018,Ferrous Metals Trading,Metals,4007,Driver Leasing Program,SVC-DRIVE,Driver Leasing Program - 2026-01,2,27585.38,4010,Revenue - Dedicated Fleet,Dedicated Fleet,USD,US Dollar,1.0,55170.76,55170.76,0.0,Paid,Net 30,2026-03-06,49,,naomi.ellsworth@ferrousmetalstrading.com,"2584 Havenweg, Suite 861",Memphis,USA,NotSet,EmailSent,,QBO,False,0
5500,1500,2026-01-19,2026-03-05,2026-01,CFS,Cascade Freight Systems Inc,2021,Highmark Steel Service,Metals,4004,Flatbed & Oversize Transport,SVC-FLAT,Flatbed & Oversize Transport - 2026-01,3,16477.74,4000,Revenue - Freight Brokerage,Freight Brokerage,USD,US Dollar,1.0,49433.22,49433.22,0.0,Paid,Net 45,2026-04-20,91,,claire.vandermeer@highmarksteelservice.com,"9247 Oak Ave, Suite 708",Charlotte,USA,NotSet,EmailSent,,QBO,False,0
5501,1501,2026-01-11,2026-02-10,2026-01,NWC,Northwind Cargo B.V.,2000,Global Retail Partners,Retail,4002,Port Drayage Program,SVC-DRAY,Port Drayage Program - 2026-01,1,77849.89,4000,Revenue - Freight Brokerage,Freight Brokerage,EUR,Euro,1.09,77849.89,84856.38,0.0,Paid,Net 30,2026-02-17,37,,nora.solberg@globalretailpartners.com,"9059 Terminal Way, Suite 304",Antwerp,NLD,NotSet,EmailSent,,QBO,False,0
5502,1502,2026-01-07,2026-02-06,2026-01,NWC,Northwind Cargo B.V.,2004,Vertex Pharma Distribution,Pharma,4001,Freight Brokerage - International,FRT-BRK-INT,Freight Brokerage - International - 2026-01,3,28050.55,4000,Revenue - Freight Brokerage,Freight Brokerage,EUR,Euro,1.09,84151.65,91725.3,0.0,Paid,Net 30,2026-02-28,52,,devon.devereaux@vertexpharmadistribution.com,"1824 Cedar Ln, Suite 759",Antwerp,NLD,NotSet,EmailSent,,QBO,False,0
5503,1503,2026-01-15,2026-03-01,2026-01,NWC,Northwind Cargo B.V.,2009,Cobalt Electronics,Electronics,4015,Customs Entry & Clearance,CUS-ENTRY,Customs Entry & Clearance - 2026-01,1,54887.24,4050,Revenue - Customs & Compliance,Customs & Compliance,EUR,Euro,1.09,54887.24,59827.09,0.0,Paid,Net 45,2026-03-19,63,,owen.marchetti@cobaltelectronics.com,"4170 Cedar Ln, Suite 138",Hamburg,NLD,NotSet,EmailSent,,QBO,False,0
5504,1504,2026-01-28,2026-03-14,2026-01,NWC,Northwind Cargo B.V.,2010,Aurora Textiles Group,Apparel,4020,TMS Platform Subscription,SW-TMS-SEAT,TMS Platform Subscription - 2026-01,1,44481.15,4090,Revenue - Software & Data Services,Software & Data Services,EUR,Euro,1.09,44481.15,48484.45,0.0,Paid,Net 45,2026-04-15,77,,bianca.moreau@auroratextilesgroup.com,"5223 Oak Ave, Suite 555",Hamburg,NLD,NotSet,EmailSent,,QBO,False,0
5505,1505,2026-01-21,2026-02-20,2026-01,NWC,Northwind Cargo B.V.,2014,Polaris Cold Chain,Food,4002,Port Drayage Program,SVC-DRAY,Port Drayage Program - 2026-01,1,70613.06,4000,Revenue - Freight Brokerage,Freight Brokerage,EUR,Euro,1.09,70613.06,76968.24,70613.06,Open,Net 30,,,160,marcus.lindqvist@polariscoldchain.com,"3723 Cedar Ln, Suite 328",Duisburg,NLD,NeedToPrint,EmailSent,,QBO,False,0
5506,1506,2026-01-13,2026-01-28,2026-01,NWC,Northwind Cargo B.V.,2020,Volta Battery Systems,Electronics,4001,Freight Brokerage - International,FRT-BRK-INT,Freight Brokerage - International - 2026-01,1,56462.99,4000,Revenue - Freight Brokerage,Freight Brokerage,EUR,Euro,1.09,56462.99,61544.66,0.0,Paid,Net 15,2026-02-13,31,,bianca.nowak@voltabatterysystems.com,"3100 Cedar Ln, Suite 400",Lyon,NLD,NotSet,EmailSent,,QBO,False,0
5507,1507,2026-01-28,2026-03-29,2026-01,APX,Apex Warehousing LLC,2005,Solstice Home Goods,Retail,4009,Cross-Dock Handling,SVC-CROSS,Cross-Dock Handling - 2026-01,2,53986.44,4020,Revenue - LTL Consolidation,LTL Consolidation,USD,US Dollar,1.0,107972.88,107972.88,0.0,Paid,Net 60,2026-04-29,91,,ingrid.whitfield@solsticehomegoods.com,"7197 Commerce Dr, Suite 618",Columbus,USA,NotSet,EmailSent,,QBO,False,0
5508,1508,2026-01-09,2026-02-08,2026-01,APX,Apex Warehousing LLC,2012,Pinnacle Sports Supply,Retail,4011,Cold Storage - Pallet Positions,WHS-COLD,Cold Storage - Pallet Positions - 2026-01,2,23090.33,4030,Revenue - Warehousing & Storage,Warehousing & Storage,USD,US Dollar,1.0,46180.66,46180.66,0.0,Paid,Net 30,2026-02-13,35,,marcus.okafor@pinnaclesportssupply.com,"9301 Industrial Pkwy, Suite 741",Dallas,USA,NotSet,EmailSent,,QBO,False,0
5509,1509,2026-01-07,2026-02-06,2026-01,APX,Apex Warehousing LLC,2016,Trailhead Outdoor Gear,Retail,4011,Cold Storage - Pallet Positions,WHS-COLD,Cold Storage - Pallet Positions - 2026-01,2,19324.58,4030,Revenue - Warehousing & Storage,Warehousing & Storage,USD,US Dollar,1.0,38649.16,38649.16,0.0,Paid,Net 30,2026-02-27,51,,grant.delacroix@trailheadoutdoorgear.com,"3067 Industrial Pkwy, Suite 158",Seattle,USA,NotSet,EmailSent,,QBO,False,0
5510,1510,2026-01-18,2026-02-02,2026-01,APX,Apex Warehousing LLC,2019,Silverline Appliances,Appliances,4013,Fulfillment - Pick & Pack,FUL-PICK,Fulfillment - Pick & Pack - 2026-01,3,11685.8,4040,Revenue - Fulfillment & Pick-Pack,Fulfillment & Pick-Pack,USD,US Dollar,1.0,35057.4,35057.4,0.0,Paid,Net 15,2026-02-01,14,,naomi.kowalczyk@silverlineappliances.com,"3450 Havenweg, Suite 419",Columbus,USA,NotSet,EmailSent,,QBO,False,0
5511,1511,2026-01-27,2026-02-11,2026-01,APX,Apex Warehousing LLC,2022,Lumina Cosmetics,Beauty,4010,Warehousing - Pallet Positions,WHS-STOR-PAL,Warehousing - Pallet Positions - 2026-01,1,34128.36,4030,Revenue - Warehousing & Storage,Warehousing & Storage,USD,US Dollar,1.0,34128.36,34128.36,0.0,Paid,Net 15,2026-02-18,22,,helena.mendez@luminacosmetics.com,"3400 Havenweg, Suite 247",Atlanta,USA,NotSet,EmailSent,,QBO,False,0
5512,1512,2026-02-14,2026-03-31,2026-02,MLG,Meridian Logistics LLC,2001,Vantage Consumer Brands,CPG,4017,Last Mile Delivery Program,LM-DEL-ST,Last Mile Delivery Program - 2026-02,2,121954.46,4060,Revenue - Last Mile Delivery,Last Mile Delivery,USD,US Dollar,1.0,243908.92,243908.92,0.0,Paid,Net 45,2026-04-25,70,,angela.nowak@vantageconsumerbrands.com,"7611 Oak Ave, Suite 587",Memphis,USA,NotSet,EmailSent,,QBO,False,0
5513,1513,2026-02-22,2026-03-24,2026-02,MLG,Meridian Logistics LLC,2002,Ironbridge Manufacturing,Industrial,4000,Freight Brokerage - Standard,FRT-BRK-STD,Freight Brokerage - Standard - 2026-02,1,160858.77,4000,Revenue - Freight Brokerage,Freight Brokerage,USD,US Dollar,1.0,160858.77,160858.77,0.0,Paid,Net 30,2026-03-30,36,,lena.sandoval@ironbridgemanufacturing.com,"5482 Oak Ave, Suite 181",Columbus,USA,NotSet,EmailSent,,QBO,False,0
5514,1514,2026-02-05,2026-02-20,2026-02,MLG,Meridian Logistics LLC,2006,Kestrel Auto Components,Automotive,4021,Freight Bill Audit & Pay,SVC-AUDIT,Freight Bill Audit & Pay - 2026-02,1,95612.62,4090,Revenue - Software & Data Services,Software & Data Services,USD,US Dollar,1.0,95612.62,95612.62,0.0,Paid,Net 15,2026-03-15,38,,nora.vasquez@kestrelautocomponents.com,"4140 Industrial Pkwy, Suite 748",Newark,USA,NotSet,EmailSent,,QBO,False,0
5515,1515,2026-02-19,2026-04-05,2026-02,MLG,Meridian Logistics LLC,2008,Halcyon Beverage Co,Beverage,4021,Freight Bill Audit & Pay,SVC-AUDIT,Freight Bill Audit & Pay - 2026-02,3,26984.55,4090,Revenue - Software & Data Services,Software & Data Services,USD,US Dollar,1.0,80953.65,80953.65,0.0,Paid,Net 45,2026-04-18,58,,rachel.mensah@halcyonbeverageco.com,"9866 Terminal Way, Suite 792",Dallas,USA,NotSet,EmailSent,,QBO,False,0
5516,1516,2026-02-11,2026-04-12,2026-02,MLG,Meridian Logistics LLC,2013,Summit Medical Supply,Healthcare,4008,LTL Consolidation - Lane Program,LTL-CON-LN,LTL Consolidation - Lane Program - 2026-02,1,76516.16,4020,Revenue - LTL Consolidation,LTL Consolidation,USD,US Dollar,1.0,76516.16,76516.16,0.0,Paid,Net 60,2026-04-16,64,,rachel.whitfield@summitmedicalsupply.com,"3309 Terminal Way, Suite 763",Atlanta,USA,NotSet,EmailSent,,QBO,False,0
5517,1517,2026-02-15,2026-03-17,2026-02,MLG,Meridian Logistics LLC,2017,Onyx Packaging Systems,Packaging,4017,Last Mile Delivery Program,LM-DEL-ST,Last Mile Delivery Program - 2026-02,2,31199.47,4060,Revenue - Last Mile Delivery,Last Mile Delivery,USD,US Dollar,1.0,62398.94,62398.94,0.0,Paid,Net 30,2026-03-26,39,,nora.kowalczyk@onyxpackagingsystems.com,"7811 Commerce Dr, Suite 219",Phoenix,USA,NotSet,EmailSent,,QBO,False,0
5518,1518,2026-02-09,2026-03-11,2026-02,MLG,Meridian Logistics LLC,2023,Atlas Bearing Works,Industrial,4017,Last Mile Delivery Program,LM-DEL-ST,Last Mile Delivery Program - 2026-02,3,18936.48,4060,Revenue - Last Mile Delivery,Last Mile Delivery,USD,US Dollar,1.0,56809.44,56809.44,0.0,Paid,Net 30,2026-03-29,48,,claire.ashworth@atlasbearingworks.com,"1081 Commerce Dr, Suite 448",Dallas,USA,NotSet,EmailSent,,QBO,False,0
5519,1519,2026-02-08,2026-03-25,2026-02,CFS,Cascade Freight Systems Inc,2003,Northline Grocers Co-op,Grocery,4003,Intermodal Rail Program,SVC-RAIL,Intermodal Rail Program - 2026-02,2,62592.53,4000,Revenue - Freight Brokerage,Freight Brokerage,USD,US Dollar,1.0,125185.06,125185.06,0.0,Paid,Net 45,2026-04-21,72,,nora.moreau@northlinegrocerscoop.com,"2276 Commerce Dr, Suite 756",Memphis,USA,NotSet,EmailSent,,QBO,False,0
5520,1520,2026-02-12,2026-02-27,2026-02,CFS,Cascade Freight Systems Inc,2007,Redstone Building Supply,Construction,4006,Dedicated Fleet - Monthly Contract,DED-FLT-MO,Dedicated Fleet - Monthly Contract - 2026-02,2,34388.21,4010,Revenue - Dedicated Fleet,Dedicated Fleet,USD,US Dollar,1.0,68776.42,68776.42,0.0,Paid,Net 15,2026-04-10,57,,victor.marchetti@redstonebuildingsupply.com,"8435 Commerce Dr, Suite 324",Memphis,USA,NotSet,EmailSent,,QBO,False,0
5521,1521,2026-02-06,2026-03-23,2026-02,CFS,Cascade Freight Systems Inc,2011,Meadowvale Farms,Agriculture,4004,Flatbed & Oversize Transport,SVC-FLAT,Flatbed & Oversize Transport - 2026-02,1,62685.48,4000,Revenue - Freight Brokerage,Freight Brokerage,USD,US Dollar,1.0,62685.48,62685.48,0.0,Paid,Net 45,2026-04-07,60,,naomi.kowalczyk@meadowvalefarms.com,"7551 Terminal Way, Suite 176",Charlotte,USA,NotSet,EmailSent,,QBO,False,0
5522,1522,2026-02-03,2026-03-20,2026-02,CFS,Cascade Freight Systems Inc,2015,Copperfield Chemicals,Chemicals,4005,Refrigerated Truckload,SVC-REEF,Refrigerated Truckload - 2026-02,2,28104.84,4000,Revenue - Freight Brokerage,Freight Brokerage,USD,US Dollar,1.0,56209.68,56209.68,0.0,Paid,Net 45,2026-05-02,88,,devon.vandermeer@copperfieldchemicals.com,"6069 Commerce Dr, Suite 265",Columbus,USA,NotSet,EmailSent,,QBO,False,0
5523,1523,2026-02-22,2026-03-24,2026-02,CFS,Cascade Freight Systems Inc,2018,Ferrous Metals Trading,Metals,4007,Driver Leasing Program,SVC-DRIVE,Driver Leasing Program - 2026-02,2,31823.26,4010,Revenue - Dedicated Fleet,Dedicated Fleet,USD,US Dollar,1.0,63646.52,63646.52,0.0,Paid,Net 30,2026-04-22,59,,naomi.ellsworth@ferrousmetalstrading.com,"2584 Havenweg, Suite 861",Memphis,USA,NotSet,EmailSent,,QBO,False,0
5524,1524,2026-02-02,2026-03-19,2026-02,CFS,Cascade Freight Systems Inc,2021,Highmark Steel Service,Metals,4004,Flatbed & Oversize Transport,SVC-FLAT,Flatbed & Oversize Transport - 2026-02,2,26792.06,4000,Revenue - Freight Brokerage,Freight Brokerage,USD,US Dollar,1.0,53584.12,53584.12,0.0,Paid,Net 45,2026-04-03,60,,claire.vandermeer@highmarksteelservice.com,"9247 Oak Ave, Suite 708",Charlotte,USA,NotSet,EmailSent,,QBO,False,0
5525,1525,2026-02-27,2026-03-29,2026-02,NWC,Northwind Cargo B.V.,2000,Global Retail Partners,Retail,4002,Port Drayage Program,SVC-DRAY,Port Drayage Program - 2026-02,1,53213.44,4000,Revenue - Freight Brokerage,Freight Brokerage,EUR,Euro,1.09,53213.44,58002.65,0.0,Paid,Net 30,2026-04-14,46,,nora.solberg@globalretailpartners.com,"9059 Terminal Way, Suite 304",Antwerp,NLD,NotSet,EmailSent,,QBO,False,0
5526,1526,2026-02-10,2026-03-12,2026-02,NWC,Northwind Cargo B.V.,2004,Vertex Pharma Distribution,Pharma,4001,Freight Brokerage - International,FRT-BRK-INT,Freight Brokerage - International - 2026-02,3,30150.38,4000,Revenue - Freight Brokerage,Freight Brokerage,EUR,Euro,1.09,90451.14,98591.74,0.0,Paid,Net 30,2026-04-02,51,,devon.devereaux@vertexpharmadistribution.com,"1824 Cedar Ln, Suite 759",Antwerp,NLD,NotSet,EmailSent,,QBO,False,0
5527,1527,2026-02-03,2026-03-20,2026-02,NWC,Northwind Cargo B.V.,2009,Cobalt Electronics,Electronics,4015,Customs Entry & Clearance,CUS-ENTRY,Customs Entry & Clearance - 2026-02,3,20519.51,4050,Revenue - Customs & Compliance,Customs & Compliance,EUR,Euro,1.09,61558.53,67098.8,0.0,Paid,Net 45,2026-03-30,55,,owen.marchetti@cobaltelectronics.com,"4170 Cedar Ln, Suite 138",Hamburg,NLD,NotSet,EmailSent,,QBO,False,0
5528,1528,2026-02-05,2026-03-22,2026-02,NWC,Northwind Cargo B.V.,2010,Aurora Textiles Group,Apparel,4020,TMS Platform Subscription,SW-TMS-SEAT,TMS Platform Subscription - 2026-02,2,25530.65,4090,Revenue - Software & Data Services,Software & Data Services,EUR,Euro,1.09,51061.3,55656.82,0.0,Paid,Net 45,2026-04-04,58,,bianca.moreau@auroratextilesgroup.com,"5223 Oak Ave, Suite 555",Hamburg,NLD,NotSet,EmailSent,,QBO,False,0
5529,1529,2026-02-12,2026-03-14,2026-02,NWC,Northwind Cargo B.V.,2014,Polaris Cold Chain,Food,4002,Port Drayage Program,SVC-DRAY,Port Drayage Program - 2026-02,1,78263.34,4000,Revenue - Freight Brokerage,Freight Brokerage,EUR,Euro,1.09,78263.34,85307.04,0.0,Paid,Net 30,2026-03-24,40,,marcus.lindqvist@polariscoldchain.com,"3723 Cedar Ln, Suite 328",Duisburg,NLD,NotSet,EmailSent,,QBO,False,0
5530,1530,2026-02-24,2026-03-11,2026-02,NWC,Northwind Cargo B.V.,2020,Volta Battery Systems,Electronics,4001,Freight Brokerage - International,FRT-BRK-INT,Freight Brokerage - International - 2026-02,2,31748.67,4000,Revenue - Freight Brokerage,Freight Brokerage,EUR,Euro,1.09,63497.34,69212.1,0.0,Paid,Net 15,2026-03-21,25,,bianca.nowak@voltabatterysystems.com,"3100 Cedar Ln, Suite 400",Lyon,NLD,NotSet,EmailSent,,QBO,False,0
5531,1531,2026-02-03,2026-04-04,2026-02,APX,Apex Warehousing LLC,2005,Solstice Home Goods,Retail,4009,Cross-Dock Handling,SVC-CROSS,Cross-Dock Handling - 2026-02,1,128002.88,4020,Revenue - LTL Consolidation,LTL Consolidation,USD,US Dollar,1.0,128002.88,128002.88,0.0,Paid,Net 60,2026-03-22,47,,ingrid.whitfield@solsticehomegoods.com,"7197 Commerce Dr, Suite 618",Columbus,USA,NotSet,EmailSent,,QBO,False,0
5532,1532,2026-02-16,2026-03-18,2026-02,APX,Apex Warehousing LLC,2012,Pinnacle Sports Supply,Retail,4011,Cold Storage - Pallet Positions,WHS-COLD,Cold Storage - Pallet Positions - 2026-02,3,16821.55,4030,Revenue - Warehousing & Storage,Warehousing & Storage,USD,US Dollar,1.0,50464.65,50464.65,0.0,Paid,Net 30,2026-03-20,32,,marcus.okafor@pinnaclesportssupply.com,"9301 Industrial Pkwy, Suite 741",Dallas,USA,NotSet,EmailSent,,QBO,False,0
5533,1533,2026-02-13,2026-03-15,2026-02,APX,Apex Warehousing LLC,2016,Trailhead Outdoor Gear,Retail,4011,Cold Storage - Pallet Positions,WHS-COLD,Cold Storage - Pallet Positions - 2026-02,3,13459.29,4030,Revenue - Warehousing & Storage,Warehousing & Storage,USD,US Dollar,1.0,40377.87,40377.87,0.0,Paid,Net 30,2026-03-26,41,,grant.delacroix@trailheadoutdoorgear.com,"3067 Industrial Pkwy, Suite 158",Seattle,USA,NotSet,EmailSent,,QBO,False,0
5534,1534,2026-02-11,2026-02-26,2026-02,APX,Apex Warehousing LLC,2019,Silverline Appliances,Appliances,4013,Fulfillment - Pick & Pack,FUL-PICK,Fulfillment - Pick & Pack - 2026-02,3,12219.56,4040,Revenue - Fulfillment & Pick-Pack,Fulfillment & Pick-Pack,USD,US Dollar,1.0,36658.68,36658.68,36658.68,Open,Net 15,,,139,naomi.kowalczyk@silverlineappliances.com,"3450 Havenweg, Suite 419",Columbus,USA,NeedToPrint,EmailSent,,QBO,False,0
5535,1535,2026-02-12,2026-02-27,2026-02,APX,Apex Warehousing LLC,2022,Lumina Cosmetics,Beauty,4010,Warehousing - Pallet Positions,WHS-STOR-PAL,Warehousing - Pallet Positions - 2026-02,2,18575.03,4030,Revenue - Warehousing & Storage,Warehousing & Storage,USD,US Dollar,1.0,37150.06,37150.06,0.0,Paid,Net 15,2026-02-26,14,,helena.mendez@luminacosmetics.com,"3400 Havenweg, Suite 247",Atlanta,USA,NotSet,EmailSent,,QBO,False,0
5536,1536,2026-03-20,2026-05-04,2026-03,MLG,Meridian Logistics LLC,2001,Vantage Consumer Brands,CPG,4017,Last Mile Delivery Program,LM-DEL-ST,Last Mile Delivery Program - 2026-03,2,97232.87,4060,Revenue - Last Mile Delivery,Last Mile Delivery,USD,US Dollar,1.0,194465.74,194465.74,0.0,Paid,Net 45,2026-05-23,64,,angela.nowak@vantageconsumerbrands.com,"7611 Oak Ave, Suite 587",Memphis,USA,NotSet,EmailSent,,QBO,False,0
5537,1537,2026-03-28,2026-04-27,2026-03,MLG,Meridian Logistics LLC,2002,Ironbridge Manufacturing,Industrial,4000,Freight Brokerage - Standard,FRT-BRK-STD,Freight Brokerage - Standard - 2026-03,2,62368.65,4000,Revenue - Freight Brokerage,Freight Brokerage,USD,US Dollar,1.0,124737.3,124737.3,0.0,Paid,Net 30,2026-05-29,62,,lena.sandoval@ironbridgemanufacturing.com,"5482 Oak Ave, Suite 181",Columbus,USA,NotSet,EmailSent,,QBO,False,0
5538,1538,2026-03-13,2026-03-28,2026-03,MLG,Meridian Logistics LLC,2006,Kestrel Auto Components,Automotive,4021,Freight Bill Audit & Pay,SVC-AUDIT,Freight Bill Audit & Pay - 2026-03,3,25101.1,4090,Revenue - Software & Data Services,Software & Data Services,USD,US Dollar,1.0,75303.3,75303.3,0.0,Paid,Net 15,2026-04-14,32,,nora.vasquez@kestrelautocomponents.com,"4140 Industrial Pkwy, Suite 748",Newark,USA,NotSet,EmailSent,,QBO,False,0
5539,1539,2026-03-03,2026-04-17,2026-03,MLG,Meridian Logistics LLC,2008,Halcyon Beverage Co,Beverage,4021,Freight Bill Audit & Pay,SVC-AUDIT,Freight Bill Audit & Pay - 2026-03,2,32761.47,4090,Revenue - Software & Data Services,Software & Data Services,USD,US Dollar,1.0,65522.94,65522.94,0.0,Paid,Net 45,2026-04-23,51,,rachel.mensah@halcyonbeverageco.com,"9866 Terminal Way, Suite 792",Dallas,USA,NotSet,EmailSent,,QBO,False,0
5540,1540,2026-03-08,2026-05-07,2026-03,MLG,Meridian Logistics LLC,2013,Summit Medical Supply,Healthcare,4008,LTL Consolidation - Lane Program,LTL-CON-LN,LTL Consolidation - Lane Program - 2026-03,3,21664.98,4020,Revenue - LTL Consolidation,LTL Consolidation,USD,US Dollar,1.0,64994.94,64994.94,0.0,Paid,Net 60,2026-05-20,73,,rachel.whitfield@summitmedicalsupply.com,"3309 Terminal Way, Suite 763",Atlanta,USA,NotSet,EmailSent,,QBO,False,0
5541,1541,2026-03-28,2026-04-27,2026-03,MLG,Meridian Logistics LLC,2017,Onyx Packaging Systems,Packaging,4017,Last Mile Delivery Program,LM-DEL-ST,Last Mile Delivery Program - 2026-03,1,48709.21,4060,Revenue - Last Mile Delivery,Last Mile Delivery,USD,US Dollar,1.0,48709.21,48709.21,0.0,Paid,Net 30,2026-05-19,52,,nora.kowalczyk@onyxpackagingsystems.com,"7811 Commerce Dr, Suite 219",Phoenix,USA,NotSet,EmailSent,,QBO,False,0
5542,1542,2026-03-10,2026-04-09,2026-03,MLG,Meridian Logistics LLC,2023,Atlas Bearing Works,Industrial,4017,Last Mile Delivery Program,LM-DEL-ST,Last Mile Delivery Program - 2026-03,1,41283.23,4060,Revenue - Last Mile Delivery,Last Mile Delivery,USD,US Dollar,1.0,41283.23,41283.23,0.0,Paid,Net 30,2026-04-27,48,,claire.ashworth@atlasbearingworks.com,"1081 Commerce Dr, Suite 448",Dallas,USA,NotSet,EmailSent,,QBO,False,0
5543,1543,2026-03-28,2026-04-27,2026-03,MLG,Meridian Logistics LLC,2027,Perigee Aerospace Parts,Aerospace,4008,LTL Consolidation - Lane Program,LTL-CON-LN,LTL Consolidation - Lane Program - 2026-03,3,77147.68,4020,Revenue - LTL Consolidation,LTL Consolidation,USD,US Dollar,1.0,231443.04,231443.04,0.0,Paid,Net 30,2026-04-26,29,,ingrid.bergstrom@perigeeaerospaceparts.com,"9548 Terminal Way, Suite 444",Columbus,USA,NotSet,EmailSent,,QBO,False,0
5544,1544,2026-03-27,2026-05-11,2026-03,CFS,Cascade Freight Systems Inc,2003,Northline Grocers Co-op,Grocery,4003,Intermodal Rail Program,SVC-RAIL,Intermodal Rail Program - 2026-03,1,88934.83,4000,Revenue - Freight Brokerage,Freight Brokerage,USD,US Dollar,1.0,88934.83,88934.83,0.0,Paid,Net 45,2026-06-20,85,,nora.moreau@northlinegrocerscoop.com,"2276 Commerce Dr, Suite 756",Memphis,USA,NotSet,EmailSent,,QBO,False,0
5545,1545,2026-03-26,2026-04-10,2026-03,CFS,Cascade Freight Systems Inc,2007,Redstone Building Supply,Construction,4006,Dedicated Fleet - Monthly Contract,DED-FLT-MO,Dedicated Fleet - Monthly Contract - 2026-03,2,24008.15,4010,Revenue - Dedicated Fleet,Dedicated Fleet,USD,US Dollar,1.0,48016.3,48016.3,0.0,Paid,Net 15,2026-05-08,43,,victor.marchetti@redstonebuildingsupply.com,"8435 Commerce Dr, Suite 324",Memphis,USA,NotSet,EmailSent,,QBO,False,0
5546,1546,2026-03-28,2026-05-12,2026-03,CFS,Cascade Freight Systems Inc,2011,Meadowvale Farms,Agriculture,4004,Flatbed & Oversize Transport,SVC-FLAT,Flatbed & Oversize Transport - 2026-03,3,13386.37,4000,Revenue - Freight Brokerage,Freight Brokerage,USD,US Dollar,1.0,40159.11,40159.11,0.0,Paid,Net 45,2026-05-21,54,,naomi.kowalczyk@meadowvalefarms.com,"7551 Terminal Way, Suite 176",Charlotte,USA,NotSet,EmailSent,,QBO,False,0
5547,1547,2026-03-04,2026-04-18,2026-03,CFS,Cascade Freight Systems Inc,2015,Copperfield Chemicals,Chemicals,4005,Refrigerated Truckload,SVC-REEF,Refrigerated Truckload - 2026-03,2,18333.94,4000,Revenue - Freight Brokerage,Freight Brokerage,USD,US Dollar,1.0,36667.88,36667.88,0.0,Paid,Net 45,2026-05-20,77,,devon.vandermeer@copperfieldchemicals.com,"6069 Commerce Dr, Suite 265",Columbus,USA,NotSet,EmailSent,,QBO,False,0
5548,1548,2026-03-08,2026-04-07,2026-03,CFS,Cascade Freight Systems Inc,2018,Ferrous Metals Trading,Metals,4007,Driver Leasing Program,SVC-DRIVE,Driver Leasing Program - 2026-03,2,19577.78,4010,Revenue - Dedicated Fleet,Dedicated Fleet,USD,US Dollar,1.0,39155.56,39155.56,0.0,Paid,Net 30,2026-05-15,68,,naomi.ellsworth@ferrousmetalstrading.com,"2584 Havenweg, Suite 861",Memphis,USA,NotSet,EmailSent,,QBO,False,0
5549,1549,2026-03-16,2026-04-30,2026-03,CFS,Cascade Freight Systems Inc,2021,Highmark Steel Service,Metals,4004,Flatbed & Oversize Transport,SVC-FLAT,Flatbed & Oversize Transport - 2026-03,3,12480.73,4000,Revenue - Freight Brokerage,Freight Brokerage,USD,US Dollar,1.0,37442.19,37442.19,0.0,Paid,Net 45,2026-05-28,73,,claire.vandermeer@highmarksteelservice.com,"9247 Oak Ave, Suite 708",Charlotte,USA,NotSet,EmailSent,,QBO,False,0
5550,1550,2026-03-09,2026-04-23,2026-03,CFS,Cascade Freight Systems Inc,2026,Quarry Stone Materials,Construction,4006,Dedicated Fleet - Monthly Contract,DED-FLT-MO,Dedicated Fleet - Monthly Contract - 2026-03,2,83996.85,4010,Revenue - Dedicated Fleet,Dedicated Fleet,USD,US Dollar,1.0,167993.7,167993.7,0.0,Paid,Net 45,2026-05-19,71,,maya.marchetti@quarrystonematerials.com,"391 Industrial Pkwy, Suite 896",Denver,USA,NotSet,EmailSent,,QBO,False,0
5551,1551,2026-03-11,2026-04-10,2026-03,NWC,Northwind Cargo B.V.,2000,Global Retail Partners,Retail,4002,Port Drayage Program,SVC-DRAY,Port Drayage Program - 2026-03,2,6800.66,4000,Revenue - Freight Brokerage,Freight Brokerage,EUR,Euro,1.09,13601.32,14825.44,0.0,Paid,Net 30,2026-05-02,52,,nora.solberg@globalretailpartners.com,"9059 Terminal Way, Suite 304",Antwerp,NLD,NotSet,EmailSent,,QBO,False,0
5552,1552,2026-03-03,2026-04-02,2026-03,NWC,Northwind Cargo B.V.,2004,Vertex Pharma Distribution,Pharma,4001,Freight Brokerage - International,FRT-BRK-INT,Freight Brokerage - International - 2026-03,2,25571.35,4000,Revenue - Freight Brokerage,Freight Brokerage,EUR,Euro,1.09,51142.7,55745.54,0.0,Paid,Net 30,2026-04-15,43,,devon.devereaux@vertexpharmadistribution.com,"1824 Cedar Ln, Suite 759",Antwerp,NLD,NotSet,EmailSent,,QBO,False,0
5553,1553,2026-03-07,2026-04-21,2026-03,NWC,Northwind Cargo B.V.,2009,Cobalt Electronics,Electronics,4015,Customs Entry & Clearance,CUS-ENTRY,Customs Entry & Clearance - 2026-03,2,16232.33,4050,Revenue - Customs & Compliance,Customs & Compliance,EUR,Euro,1.09,32464.66,35386.48,0.0,Paid,Net 45,2026-05-07,61,,owen.marchetti@cobaltelectronics.com,"4170 Cedar Ln, Suite 138",Hamburg,NLD,NotSet,EmailSent,,QBO,False,0
5554,1554,2026-03-09,2026-04-23,2026-03,NWC,Northwind Cargo B.V.,2010,Aurora Textiles Group,Apparel,4020,TMS Platform Subscription,SW-TMS-SEAT,TMS Platform Subscription - 2026-03,1,27497.6,4090,Revenue - Software & Data Services,Software & Data Services,EUR,Euro,1.09,27497.6,29972.38,0.0,Paid,Net 45,2026-05-10,62,,bianca.moreau@auroratextilesgroup.com,"5223 Oak Ave, Suite 555",Hamburg,NLD,NotSet,EmailSent,,QBO,False,0
5555,1555,2026-03-09,2026-04-08,2026-03,NWC,Northwind Cargo B.V.,2014,Polaris Cold Chain,Food,4002,Port Drayage Program,SVC-DRAY,Port Drayage Program - 2026-03,3,14215.59,4000,Revenue - Freight Brokerage,Freight Brokerage,EUR,Euro,1.09,42646.77,46484.98,0.0,Paid,Net 30,2026-04-26,48,,marcus.lindqvist@polariscoldchain.com,"3723 Cedar Ln, Suite 328",Duisburg,NLD,NotSet,EmailSent,,QBO,False,0
5556,1556,2026-03-24,2026-04-08,2026-03,NWC,Northwind Cargo B.V.,2020,Volta Battery Systems,Electronics,4001,Freight Brokerage - International,FRT-BRK-INT,Freight Brokerage - International - 2026-03,3,10576.22,4000,Revenue - Freight Brokerage,Freight Brokerage,EUR,Euro,1.09,31728.66,34584.24,0.0,Paid,Net 15,2026-04-23,30,,bianca.nowak@voltabatterysystems.com,"3100 Cedar Ln, Suite 400",Lyon,NLD,NotSet,EmailSent,,QBO,False,0
5557,1557,2026-03-05,2026-05-04,2026-03,NWC,Northwind Cargo B.V.,2024,Beacon Optics,Electronics,4002,Port Drayage Program,SVC-DRAY,Port Drayage Program - 2026-03,1,131053.61,4000,Revenue - Freight Brokerage,Freight Brokerage,EUR,Euro,1.09,131053.61,142848.43,0.0,Paid,Net 60,2026-05-29,85,,ingrid.kowalczyk@beaconoptics.com,"6358 Commerce Dr, Suite 439",Barcelona,NLD,NotSet,EmailSent,,QBO,False,0
5558,1558,2026-03-09,2026-04-23,2026-03,NWC,Northwind Cargo B.V.,2028,Nordvik Frozen Foods,Food,4001,Freight Brokerage - International,FRT-BRK-INT,Freight Brokerage - International - 2026-03,1,97666.59,4000,Revenue - Freight Brokerage,Freight Brokerage,EUR,Euro,1.09,97666.59,106456.58,0.0,Paid,Net 45,2026-05-06,58,,owen.delacroix@nordvikfrozenfoods.com,"8980 Oak Ave, Suite 942",Lyon,NLD,NotSet,EmailSent,,QBO,False,0
5559,1559,2026-03-27,2026-05-26,2026-03,APX,Apex Warehousing LLC,2005,Solstice Home Goods,Retail,4009,Cross-Dock Handling,SVC-CROSS,Cross-Dock Handling - 2026-03,3,24757.93,4020,Revenue - LTL Consolidation,LTL Consolidation,USD,US Dollar,1.0,74273.79,74273.79,0.0,Paid,Net 60,2026-06-01,66,,ingrid.whitfield@solsticehomegoods.com,"7197 Commerce Dr, Suite 618",Columbus,USA,NotSet,EmailSent,,QBO,False,0
5560,1560,2026-03-15,2026-04-14,2026-03,APX,Apex Warehousing LLC,2012,Pinnacle Sports Supply,Retail,4011,Cold Storage - Pallet Positions,WHS-COLD,Cold Storage - Pallet Positions - 2026-03,1,31044.56,4030,Revenue - Warehousing & Storage,Warehousing & Storage,USD,US Dollar,1.0,31044.56,31044.56,0.0,Paid,Net 30,2026-04-16,32,,marcus.okafor@pinnaclesportssupply.com,"9301 Industrial Pkwy, Suite 741",Dallas,USA,NotSet,EmailSent,,QBO,False,0
5561,1561,2026-03-02,2026-04-01,2026-03,APX,Apex Warehousing LLC,2016,Trailhead Outdoor Gear,Retail,4011,Cold Storage - Pallet Positions,WHS-COLD,Cold Storage - Pallet Positions - 2026-03,2,12802.07,4030,Revenue - Warehousing & Storage,Warehousing & Storage,USD,US Dollar,1.0,25604.14,25604.14,0.0,Paid,Net 30,2026-04-01,30,,grant.delacroix@trailheadoutdoorgear.com,"3067 Industrial Pkwy, Suite 158",Seattle,USA,NotSet,EmailSent,,QBO,False,0
5562,1562,2026-03-26,2026-04-10,2026-03,APX,Apex Warehousing LLC,2019,Silverline Appliances,Appliances,4013,Fulfillment - Pick & Pack,FUL-PICK,Fulfillment - Pick & Pack - 2026-03,3,7532.27,4040,Revenue - Fulfillment & Pick-Pack,Fulfillment & Pick-Pack,USD,US Dollar,1.0,22596.81,22596.81,0.0,Paid,Net 15,2026-04-04,9,,naomi.kowalczyk@silverlineappliances.com,"3450 Havenweg, Suite 419",Columbus,USA,NotSet,EmailSent,,QBO,False,0
5563,1563,2026-03-07,2026-03-22,2026-03,APX,Apex Warehousing LLC,2022,Lumina Cosmetics,Beauty,4010,Warehousing - Pallet Positions,WHS-STOR-PAL,Warehousing - Pallet Positions - 2026-03,2,11280.99,4030,Revenue - Warehousing & Storage,Warehousing & Storage,USD,US Dollar,1.0,22561.98,22561.98,0.0,Paid,Net 15,2026-03-31,24,,helena.mendez@luminacosmetics.com,"3400 Havenweg, Suite 247",Atlanta,USA,NotSet,EmailSent,,QBO,False,0
5564,1564,2026-03-05,2026-04-04,2026-03,APX,Apex Warehousing LLC,2025,Willow Creek Furniture,Furniture,4009,Cross-Dock Handling,SVC-CROSS,Cross-Dock Handling - 2026-03,3,42048.9,4020,Revenue - LTL Consolidation,LTL Consolidation,USD,US Dollar,1.0,126146.7,126146.7,126146.7,Open,Net 30,,,117,elliot.sandoval@willowcreekfurniture.com,"2875 Commerce Dr, Suite 698",Atlanta,USA,NeedToPrint,EmailSent,,QBO,False,0
5565,1565,2026-04-09,2026-05-24,2026-04,MLG,Meridian Logistics LLC,2001,Vantage Consumer Brands,CPG,4017,Last Mile Delivery Program,LM-DEL-ST,Last Mile Delivery Program - 2026-04,1,269829.66,4060,Revenue - Last Mile Delivery,Last Mile Delivery,USD,US Dollar,1.0,269829.66,269829.66,269829.66,Open,Net 45,,,82,angela.nowak@vantageconsumerbrands.com,"7611 Oak Ave, Suite 587",Memphis,USA,NeedToPrint,EmailSent,,QBO,False,0
5566,1566,2026-04-05,2026-05-05,2026-04,MLG,Meridian Logistics LLC,2002,Ironbridge Manufacturing,Industrial,4000,Freight Brokerage - Standard,FRT-BRK-STD,Freight Brokerage - Standard - 2026-04,2,85221.76,4000,Revenue - Freight Brokerage,Freight Brokerage,USD,US Dollar,1.0,170443.52,170443.52,0.0,Paid,Net 30,2026-05-09,34,,lena.sandoval@ironbridgemanufacturing.com,"5482 Oak Ave, Suite 181",Columbus,USA,NotSet,EmailSent,,QBO,False,0
5567,1567,2026-04-20,2026-05-05,2026-04,MLG,Meridian Logistics LLC,2006,Kestrel Auto Components,Automotive,4021,Freight Bill Audit & Pay,SVC-AUDIT,Freight Bill Audit & Pay - 2026-04,2,54674.22,4090,Revenue - Software & Data Services,Software & Data Services,USD,US Dollar,1.0,109348.44,109348.44,0.0,Paid,Net 15,2026-05-16,26,,nora.vasquez@kestrelautocomponents.com,"4140 Industrial Pkwy, Suite 748",Newark,USA,NotSet,EmailSent,,QBO,False,0
5568,1568,2026-04-22,2026-06-06,2026-04,MLG,Meridian Logistics LLC,2008,Halcyon Beverage Co,Beverage,4021,Freight Bill Audit & Pay,SVC-AUDIT,Freight Bill Audit & Pay - 2026-04,1,89157.7,4090,Revenue - Software & Data Services,Software & Data Services,USD,US Dollar,1.0,89157.7,89157.7,0.0,Paid,Net 45,2026-06-19,58,,rachel.mensah@halcyonbeverageco.com,"9866 Terminal Way, Suite 792",Dallas,USA,NotSet,EmailSent,,QBO,False,0
5569,1569,2026-04-13,2026-06-12,2026-04,MLG,Meridian Logistics LLC,2013,Summit Medical Supply,Healthcare,4008,LTL Consolidation - Lane Program,LTL-CON-LN,LTL Consolidation - Lane Program - 2026-04,3,31005.49,4020,Revenue - LTL Consolidation,LTL Consolidation,USD,US Dollar,1.0,93016.47,93016.47,0.0,Paid,Net 60,2026-06-12,60,,rachel.whitfield@summitmedicalsupply.com,"3309 Terminal Way, Suite 763",Atlanta,USA,NotSet,EmailSent,,QBO,False,0
5570,1570,2026-04-22,2026-05-22,2026-04,MLG,Meridian Logistics LLC,2017,Onyx Packaging Systems,Packaging,4017,Last Mile Delivery Program,LM-DEL-ST,Last Mile Delivery Program - 2026-04,3,24313.67,4060,Revenue - Last Mile Delivery,Last Mile Delivery,USD,US Dollar,1.0,72941.01,72941.01,0.0,Paid,Net 30,2026-05-22,30,,nora.kowalczyk@onyxpackagingsystems.com,"7811 Commerce Dr, Suite 219",Phoenix,USA,NotSet,EmailSent,,QBO,False,0
5571,1571,2026-04-10,2026-05-10,2026-04,MLG,Meridian Logistics LLC,2023,Atlas Bearing Works,Industrial,4017,Last Mile Delivery Program,LM-DEL-ST,Last Mile Delivery Program - 2026-04,1,61260.91,4060,Revenue - Last Mile Delivery,Last Mile Delivery,USD,US Dollar,1.0,61260.91,61260.91,0.0,Paid,Net 30,2026-05-28,48,,claire.ashworth@atlasbearingworks.com,"1081 Commerce Dr, Suite 448",Dallas,USA,NotSet,EmailSent,,QBO,False,0
5572,1572,2026-04-15,2026-05-30,2026-04,CFS,Cascade Freight Systems Inc,2003,Northline Grocers Co-op,Grocery,4003,Intermodal Rail Program,SVC-RAIL,Intermodal Rail Program - 2026-04,1,143489.1,4000,Revenue - Freight Brokerage,Freight Brokerage,USD,US Dollar,1.0,143489.1,143489.1,0.0,Paid,Net 45,2026-06-29,75,,nora.moreau@northlinegrocerscoop.com,"2276 Commerce Dr, Suite 756",Memphis,USA,NotSet,EmailSent,,QBO,False,0
5573,1573,2026-04-08,2026-04-23,2026-04,CFS,Cascade Freight Systems Inc,2007,Redstone Building Supply,Construction,4006,Dedicated Fleet - Monthly Contract,DED-FLT-MO,Dedicated Fleet - Monthly Contract - 2026-04,3,25442.35,4010,Revenue - Dedicated Fleet,Dedicated Fleet,USD,US Dollar,1.0,76327.05,76327.05,0.0,Paid,Net 15,2026-05-18,40,,victor.marchetti@redstonebuildingsupply.com,"8435 Commerce Dr, Suite 324",Memphis,USA,NotSet,EmailSent,,QBO,False,0
5574,1574,2026-04-07,2026-05-22,2026-04,CFS,Cascade Freight Systems Inc,2011,Meadowvale Farms,Agriculture,4004,Flatbed & Oversize Transport,SVC-FLAT,Flatbed & Oversize Transport - 2026-04,1,65855.78,4000,Revenue - Freight Brokerage,Freight Brokerage,USD,US Dollar,1.0,65855.78,65855.78,0.0,Paid,Net 45,2026-06-15,69,,naomi.kowalczyk@meadowvalefarms.com,"7551 Terminal Way, Suite 176",Charlotte,USA,NotSet,EmailSent,,QBO,False,0
5575,1575,2026-04-07,2026-05-22,2026-04,CFS,Cascade Freight Systems Inc,2015,Copperfield Chemicals,Chemicals,4005,Refrigerated Truckload,SVC-REEF,Refrigerated Truckload - 2026-04,3,19287.51,4000,Revenue - Freight Brokerage,Freight Brokerage,USD,US Dollar,1.0,57862.53,57862.53,0.0,Paid,Net 45,2026-06-15,69,,devon.vandermeer@copperfieldchemicals.com,"6069 Commerce Dr, Suite 265",Columbus,USA,NotSet,EmailSent,,QBO,False,0
5576,1576,2026-04-12,2026-05-12,2026-04,CFS,Cascade Freight Systems Inc,2018,Ferrous Metals Trading,Metals,4007,Driver Leasing Program,SVC-DRIVE,Driver Leasing Program - 2026-04,3,20898.39,4010,Revenue - Dedicated Fleet,Dedicated Fleet,USD,US Dollar,1.0,62695.17,62695.17,0.0,Paid,Net 30,2026-05-24,42,,naomi.ellsworth@ferrousmetalstrading.com,"2584 Havenweg, Suite 861",Memphis,USA,NotSet,EmailSent,,QBO,False,0
5577,1577,2026-04-24,2026-06-08,2026-04,CFS,Cascade Freight Systems Inc,2021,Highmark Steel Service,Metals,4004,Flatbed & Oversize Transport,SVC-FLAT,Flatbed & Oversize Transport - 2026-04,3,19079.27,4000,Revenue - Freight Brokerage,Freight Brokerage,USD,US Dollar,1.0,57237.81,57237.81,57237.81,Open,Net 45,,,67,claire.vandermeer@highmarksteelservice.com,"9247 Oak Ave, Suite 708",Charlotte,USA,NeedToPrint,EmailSent,,QBO,False,0
5578,1578,2026-04-15,2026-05-15,2026-04,NWC,Northwind Cargo B.V.,2004,Vertex Pharma Distribution,Pharma,4001,Freight Brokerage - International,FRT-BRK-INT,Freight Brokerage - International - 2026-04,2,60496.18,4000,Revenue - Freight Brokerage,Freight Brokerage,EUR,Euro,1.09,120992.36,131881.67,0.0,Paid,Net 30,2026-06-10,56,,devon.devereaux@vertexpharmadistribution.com,"1824 Cedar Ln, Suite 759",Antwerp,NLD,NotSet,EmailSent,,QBO,False,0
5579,1579,2026-04-03,2026-05-18,2026-04,NWC,Northwind Cargo B.V.,2009,Cobalt Electronics,Electronics,4015,Customs Entry & Clearance,CUS-ENTRY,Customs Entry & Clearance - 2026-04,3,28134.17,4050,Revenue - Customs & Compliance,Customs & Compliance,EUR,Euro,1.09,84402.51,91998.74,0.0,Paid,Net 45,2026-05-24,51,,owen.marchetti@cobaltelectronics.com,"4170 Cedar Ln, Suite 138",Hamburg,NLD,NotSet,EmailSent,,QBO,False,0
5580,1580,2026-04-02,2026-05-17,2026-04,NWC,Northwind Cargo B.V.,2010,Aurora Textiles Group,Apparel,4020,TMS Platform Subscription,SW-TMS-SEAT,TMS Platform Subscription - 2026-04,1,62962.59,4090,Revenue - Software & Data Services,Software & Data Services,EUR,Euro,1.09,62962.59,68629.22,0.0,Paid,Net 45,2026-05-30,58,,bianca.moreau@auroratextilesgroup.com,"5223 Oak Ave, Suite 555",Hamburg,NLD,NotSet,EmailSent,,QBO,False,0
5581,1581,2026-04-12,2026-05-12,2026-04,NWC,Northwind Cargo B.V.,2014,Polaris Cold Chain,Food,4002,Port Drayage Program,SVC-DRAY,Port Drayage Program - 2026-04,1,115815.86,4000,Revenue - Freight Brokerage,Freight Brokerage,EUR,Euro,1.09,115815.86,126239.29,0.0,Paid,Net 30,2026-05-13,31,,marcus.lindqvist@polariscoldchain.com,"3723 Cedar Ln, Suite 328",Duisburg,NLD,NotSet,EmailSent,,QBO,False,0
5582,1582,2026-04-14,2026-04-29,2026-04,NWC,Northwind Cargo B.V.,2020,Volta Battery Systems,Electronics,4001,Freight Brokerage - International,FRT-BRK-INT,Freight Brokerage - International - 2026-04,3,26021.36,4000,Revenue - Freight Brokerage,Freight Brokerage,EUR,Euro,1.09,78064.08,85089.85,0.0,Paid,Net 15,2026-05-04,20,,bianca.nowak@voltabatterysystems.com,"3100 Cedar Ln, Suite 400",Lyon,NLD,NotSet,EmailSent,,QBO,False,0
5583,1583,2026-04-20,2026-06-19,2026-04,APX,Apex Warehousing LLC,2005,Solstice Home Goods,Retail,4009,Cross-Dock Handling,SVC-CROSS,Cross-Dock Handling - 2026-04,3,47166.86,4020,Revenue - LTL Consolidation,LTL Consolidation,USD,US Dollar,1.0,141500.58,141500.58,141500.58,Open,Net 60,,,71,ingrid.whitfield@solsticehomegoods.com,"7197 Commerce Dr, Suite 618",Columbus,USA,NeedToPrint,EmailSent,,QBO,False,0
5584,1584,2026-04-22,2026-05-22,2026-04,APX,Apex Warehousing LLC,2012,Pinnacle Sports Supply,Retail,4011,Cold Storage - Pallet Positions,WHS-COLD,Cold Storage - Pallet Positions - 2026-04,2,27967.14,4030,Revenue - Warehousing & Storage,Warehousing & Storage,USD,US Dollar,1.0,55934.28,55934.28,0.0,Paid,Net 30,2026-05-21,29,,marcus.okafor@pinnaclesportssupply.com,"9301 Industrial Pkwy, Suite 741",Dallas,USA,NotSet,EmailSent,,QBO,False,0
5585,1585,2026-04-19,2026-05-19,2026-04,APX,Apex Warehousing LLC,2016,Trailhead Outdoor Gear,Retail,4011,Cold Storage - Pallet Positions,WHS-COLD,Cold Storage - Pallet Positions - 2026-04,3,15903.79,4030,Revenue - Warehousing & Storage,Warehousing & Storage,USD,US Dollar,1.0,47711.37,47711.37,0.0,Paid,Net 30,2026-05-29,40,,grant.delacroix@trailheadoutdoorgear.com,"3067 Industrial Pkwy, Suite 158",Seattle,USA,NotSet,EmailSent,,QBO,False,0
5586,1586,2026-04-19,2026-05-04,2026-04,APX,Apex Warehousing LLC,2019,Silverline Appliances,Appliances,4013,Fulfillment - Pick & Pack,FUL-PICK,Fulfillment - Pick & Pack - 2026-04,3,13178.18,4040,Revenue - Fulfillment & Pick-Pack,Fulfillment & Pick-Pack,USD,US Dollar,1.0,39534.54,39534.54,0.0,Paid,Net 15,2026-04-23,4,,naomi.kowalczyk@silverlineappliances.com,"3450 Havenweg, Suite 419",Columbus,USA,NotSet,EmailSent,,QBO,False,0
5587,1587,2026-04-05,2026-04-20,2026-04,APX,Apex Warehousing LLC,2022,Lumina Cosmetics,Beauty,4010,Warehousing - Pallet Positions,WHS-STOR-PAL,Warehousing - Pallet Positions - 2026-04,2,21695.03,4030,Revenue - Warehousing & Storage,Warehousing & Storage,USD,US Dollar,1.0,43390.06,43390.06,0.0,Paid,Net 15,2026-05-13,38,,helena.mendez@luminacosmetics.com,"3400 Havenweg, Suite 247",Atlanta,USA,NotSet,EmailSent,,QBO,False,0
5588,1588,2026-05-10,2026-06-24,2026-05,MLG,Meridian Logistics LLC,2001,Vantage Consumer Brands,CPG,4017,Last Mile Delivery Program,LM-DEL-ST,Last Mile Delivery Program - 2026-05,1,258431.47,4060,Revenue - Last Mile Delivery,Last Mile Delivery,USD,US Dollar,1.0,258431.47,258431.47,258431.47,Open,Net 45,,,51,angela.nowak@vantageconsumerbrands.com,"7611 Oak Ave, Suite 587",Memphis,USA,NeedToPrint,EmailSent,,QBO,False,0
5589,1589,2026-05-04,2026-06-03,2026-05,MLG,Meridian Logistics LLC,2002,Ironbridge Manufacturing,Industrial,4000,Freight Brokerage - Standard,FRT-BRK-STD,Freight Brokerage - Standard - 2026-05,2,86604.27,4000,Revenue - Freight Brokerage,Freight Brokerage,USD,US Dollar,1.0,173208.54,173208.54,0.0,Paid,Net 30,2026-06-13,40,,lena.sandoval@ironbridgemanufacturing.com,"5482 Oak Ave, Suite 181",Columbus,USA,NotSet,EmailSent,,QBO,False,0
5590,1590,2026-05-14,2026-05-29,2026-05,MLG,Meridian Logistics LLC,2006,Kestrel Auto Components,Automotive,4021,Freight Bill Audit & Pay,SVC-AUDIT,Freight Bill Audit & Pay - 2026-05,1,103150.54,4090,Revenue - Software & Data Services,Software & Data Services,USD,US Dollar,1.0,103150.54,103150.54,0.0,Paid,Net 15,2026-06-08,25,,nora.vasquez@kestrelautocomponents.com,"4140 Industrial Pkwy, Suite 748",Newark,USA,NotSet,EmailSent,,QBO,False,0
5591,1591,2026-05-24,2026-07-08,2026-05,MLG,Meridian Logistics LLC,2008,Halcyon Beverage Co,Beverage,4021,Freight Bill Audit & Pay,SVC-AUDIT,Freight Bill Audit & Pay - 2026-05,1,82274.63,4090,Revenue - Software & Data Services,Software & Data Services,USD,US Dollar,1.0,82274.63,82274.63,82274.63,Open,Net 45,,,37,rachel.mensah@halcyonbeverageco.com,"9866 Terminal Way, Suite 792",Dallas,USA,NeedToPrint,EmailSent,,QBO,False,0
5592,1592,2026-05-12,2026-07-11,2026-05,MLG,Meridian Logistics LLC,2013,Summit Medical Supply,Healthcare,4008,LTL Consolidation - Lane Program,LTL-CON-LN,LTL Consolidation - Lane Program - 2026-05,2,43562.23,4020,Revenue - LTL Consolidation,LTL Consolidation,USD,US Dollar,1.0,87124.46,87124.46,87124.46,Open,Net 60,,,49,rachel.whitfield@summitmedicalsupply.com,"3309 Terminal Way, Suite 763",Atlanta,USA,NeedToPrint,EmailSent,,QBO,False,0
5593,1593,2026-05-25,2026-06-24,2026-05,MLG,Meridian Logistics LLC,2017,Onyx Packaging Systems,Packaging,4017,Last Mile Delivery Program,LM-DEL-ST,Last Mile Delivery Program - 2026-05,1,73564.8,4060,Revenue - Last Mile Delivery,Last Mile Delivery,USD,US Dollar,1.0,73564.8,73564.8,73564.8,Open,Net 30,,,36,nora.kowalczyk@onyxpackagingsystems.com,"7811 Commerce Dr, Suite 219",Phoenix,USA,NeedToPrint,EmailSent,,QBO,False,0
5594,1594,2026-05-11,2026-06-10,2026-05,MLG,Meridian Logistics LLC,2023,Atlas Bearing Works,Industrial,4017,Last Mile Delivery Program,LM-DEL-ST,Last Mile Delivery Program - 2026-05,3,21375.49,4060,Revenue - Last Mile Delivery,Last Mile Delivery,USD,US Dollar,1.0,64126.47,64126.47,64126.47,Open,Net 30,,,50,claire.ashworth@atlasbearingworks.com,"1081 Commerce Dr, Suite 448",Dallas,USA,NeedToPrint,EmailSent,,QBO,False,0
5595,1595,2026-05-06,2026-06-20,2026-05,CFS,Cascade Freight Systems Inc,2003,Northline Grocers Co-op,Grocery,4003,Intermodal Rail Program,SVC-RAIL,Intermodal Rail Program - 2026-05,1,143017.39,4000,Revenue - Freight Brokerage,Freight Brokerage,USD,US Dollar,1.0,143017.39,143017.39,143017.39,Open,Net 45,,,55,nora.moreau@northlinegrocerscoop.com,"2276 Commerce Dr, Suite 756",Memphis,USA,NeedToPrint,EmailSent,,QBO,False,0
5596,1596,2026-05-04,2026-05-19,2026-05,CFS,Cascade Freight Systems Inc,2007,Redstone Building Supply,Construction,4006,Dedicated Fleet - Monthly Contract,DED-FLT-MO,Dedicated Fleet - Monthly Contract - 2026-05,2,42180.07,4010,Revenue - Dedicated Fleet,Dedicated Fleet,USD,US Dollar,1.0,84360.14,84360.14,0.0,Paid,Net 15,2026-06-28,55,,victor.marchetti@redstonebuildingsupply.com,"8435 Commerce Dr, Suite 324",Memphis,USA,NotSet,EmailSent,,QBO,False,0
5597,1597,2026-05-04,2026-06-18,2026-05,CFS,Cascade Freight Systems Inc,2011,Meadowvale Farms,Agriculture,4004,Flatbed & Oversize Transport,SVC-FLAT,Flatbed & Oversize Transport - 2026-05,1,62773.91,4000,Revenue - Freight Brokerage,Freight Brokerage,USD,US Dollar,1.0,62773.91,62773.91,62773.91,Open,Net 45,,,57,naomi.kowalczyk@meadowvalefarms.com,"7551 Terminal Way, Suite 176",Charlotte,USA,NeedToPrint,EmailSent,,QBO,False,0
5598,1598,2026-05-16,2026-06-30,2026-05,CFS,Cascade Freight Systems Inc,2015,Copperfield Chemicals,Chemicals,4005,Refrigerated Truckload,SVC-REEF,Refrigerated Truckload - 2026-05,2,27771.69,4000,Revenue - Freight Brokerage,Freight Brokerage,USD,US Dollar,1.0,55543.38,55543.38,55543.38,Open,Net 45,,,45,devon.vandermeer@copperfieldchemicals.com,"6069 Commerce Dr, Suite 265",Columbus,USA,NeedToPrint,EmailSent,,QBO,False,0
5599,1599,2026-05-12,2026-06-11,2026-05,CFS,Cascade Freight Systems Inc,2018,Ferrous Metals Trading,Metals,4007,Driver Leasing Program,SVC-DRIVE,Driver Leasing Program - 2026-05,3,20234.17,4010,Revenue - Dedicated Fleet,Dedicated Fleet,USD,US Dollar,1.0,60702.51,60702.51,60702.51,Open,Net 30,,,49,naomi.ellsworth@ferrousmetalstrading.com,"2584 Havenweg, Suite 861",Memphis,USA,NeedToPrint,EmailSent,,QBO,False,0
5600,1600,2026-05-10,2026-06-24,2026-05,CFS,Cascade Freight Systems Inc,2021,Highmark Steel Service,Metals,4004,Flatbed & Oversize Transport,SVC-FLAT,Flatbed & Oversize Transport - 2026-05,3,18892.22,4000,Revenue - Freight Brokerage,Freight Brokerage,USD,US Dollar,1.0,56676.66,56676.66,56676.66,Open,Net 45,,,51,claire.vandermeer@highmarksteelservice.com,"9247 Oak Ave, Suite 708",Charlotte,USA,NeedToPrint,EmailSent,,QBO,False,0
5601,1601,2026-05-06,2026-06-05,2026-05,NWC,Northwind Cargo B.V.,2004,Vertex Pharma Distribution,Pharma,4001,Freight Brokerage - International,FRT-BRK-INT,Freight Brokerage - International - 2026-05,3,38420.8,4000,Revenue - Freight Brokerage,Freight Brokerage,EUR,Euro,1.09,115262.4,125636.02,0.0,Paid,Net 30,2026-06-29,54,,devon.devereaux@vertexpharmadistribution.com,"1824 Cedar Ln, Suite 759",Antwerp,NLD,NotSet,EmailSent,,QBO,False,0
5602,1602,2026-05-03,2026-06-17,2026-05,NWC,Northwind Cargo B.V.,2009,Cobalt Electronics,Electronics,4015,Customs Entry & Clearance,CUS-ENTRY,Customs Entry & Clearance - 2026-05,1,77229.23,4050,Revenue - Customs & Compliance,Customs & Compliance,EUR,Euro,1.09,77229.23,84179.86,0.0,Paid,Net 45,2026-06-18,46,,owen.marchetti@cobaltelectronics.com,"4170 Cedar Ln, Suite 138",Hamburg,NLD,NotSet,EmailSent,,QBO,False,0
5603,1603,2026-05-04,2026-06-18,2026-05,NWC,Northwind Cargo B.V.,2010,Aurora Textiles Group,Apparel,4020,TMS Platform Subscription,SW-TMS-SEAT,TMS Platform Subscription - 2026-05,3,20057.74,4090,Revenue - Software & Data Services,Software & Data Services,EUR,Euro,1.09,60173.22,65588.81,60173.22,Open,Net 45,,,57,bianca.moreau@auroratextilesgroup.com,"5223 Oak Ave, Suite 555",Hamburg,NLD,NeedToPrint,EmailSent,,QBO,False,0
5604,1604,2026-05-11,2026-06-10,2026-05,NWC,Northwind Cargo B.V.,2014,Polaris Cold Chain,Food,4002,Port Drayage Program,SVC-DRAY,Port Drayage Program - 2026-05,2,54925.54,4000,Revenue - Freight Brokerage,Freight Brokerage,EUR,Euro,1.09,109851.08,119737.68,109851.08,Open,Net 30,,,50,marcus.lindqvist@polariscoldchain.com,"3723 Cedar Ln, Suite 328",Duisburg,NLD,NeedToPrint,EmailSent,,QBO,False,0
5605,1605,2026-05-28,2026-06-12,2026-05,NWC,Northwind Cargo B.V.,2020,Volta Battery Systems,Electronics,4001,Freight Brokerage - International,FRT-BRK-INT,Freight Brokerage - International - 2026-05,1,86845.24,4000,Revenue - Freight Brokerage,Freight Brokerage,EUR,Euro,1.09,86845.24,94661.31,0.0,Paid,Net 15,2026-06-21,24,,bianca.nowak@voltabatterysystems.com,"3100 Cedar Ln, Suite 400",Lyon,NLD,NotSet,EmailSent,,QBO,False,0
5606,1606,2026-05-20,2026-07-19,2026-05,APX,Apex Warehousing LLC,2005,Solstice Home Goods,Retail,4009,Cross-Dock Handling,SVC-CROSS,Cross-Dock Handling - 2026-05,1,140535.98,4020,Revenue - LTL Consolidation,LTL Consolidation,USD,US Dollar,1.0,140535.98,140535.98,140535.98,Open,Net 60,,,41,ingrid.whitfield@solsticehomegoods.com,"7197 Commerce Dr, Suite 618",Columbus,USA,NeedToPrint,EmailSent,,QBO,False,0
5607,1607,2026-05-02,2026-06-01,2026-05,APX,Apex Warehousing LLC,2012,Pinnacle Sports Supply,Retail,4011,Cold Storage - Pallet Positions,WHS-COLD,Cold Storage - Pallet Positions - 2026-05,2,26330.4,4030,Revenue - Warehousing & Storage,Warehousing & Storage,USD,US Dollar,1.0,52660.8,52660.8,0.0,Paid,Net 30,2026-06-20,49,,marcus.okafor@pinnaclesportssupply.com,"9301 Industrial Pkwy, Suite 741",Dallas,USA,NotSet,EmailSent,,QBO,False,0
5608,1608,2026-05-09,2026-06-08,2026-05,APX,Apex Warehousing LLC,2016,Trailhead Outdoor Gear,Retail,4011,Cold Storage - Pallet Positions,WHS-COLD,Cold Storage - Pallet Positions - 2026-05,2,22102.3,4030,Revenue - Warehousing & Storage,Warehousing & Storage,USD,US Dollar,1.0,44204.6,44204.6,0.0,Paid,Net 30,2026-06-24,46,,grant.delacroix@trailheadoutdoorgear.com,"3067 Industrial Pkwy, Suite 158",Seattle,USA,NotSet,EmailSent,,QBO,False,0
5609,1609,2026-05-27,2026-06-11,2026-05,APX,Apex Warehousing LLC,2019,Silverline Appliances,Appliances,4013,Fulfillment - Pick & Pack,FUL-PICK,Fulfillment - Pick & Pack - 2026-05,2,21280.77,4040,Revenue - Fulfillment & Pick-Pack,Fulfillment & Pick-Pack,USD,US Dollar,1.0,42561.54,42561.54,0.0,Paid,Net 15,2026-06-27,31,,naomi.kowalczyk@silverlineappliances.com,"3450 Havenweg, Suite 419",Columbus,USA,NotSet,EmailSent,,QBO,False,0
5610,1610,2026-05-21,2026-06-05,2026-05,APX,Apex Warehousing LLC,2022,Lumina Cosmetics,Beauty,4010,Warehousing - Pallet Positions,WHS-STOR-PAL,Warehousing - Pallet Positions - 2026-05,2,19648.85,4030,Revenue - Warehousing & Storage,Warehousing & Storage,USD,US Dollar,1.0,39297.7,39297.7,0.0,Paid,Net 15,2026-06-12,22,,helena.mendez@luminacosmetics.com,"3400 Havenweg, Suite 247",Atlanta,USA,NotSet,EmailSent,,QBO,False,0
5611,1611,2026-06-22,2026-08-06,2026-06,MLG,Meridian Logistics LLC,2001,Vantage Consumer Brands,CPG,4017,Last Mile Delivery Program,LM-DEL-ST,Last Mile Delivery Program - 2026-06,2,94777.74,4060,Revenue - Last Mile Delivery,Last Mile Delivery,USD,US Dollar,1.0,189555.48,189555.48,189555.48,Open,Net 45,,,8,angela.nowak@vantageconsumerbrands.com,"7611 Oak Ave, Suite 587",Memphis,USA,NeedToPrint,EmailSent,,QBO,False,0
5612,1612,2026-06-02,2026-07-02,2026-06,MLG,Meridian Logistics LLC,2002,Ironbridge Manufacturing,Industrial,4000,Freight Brokerage - Standard,FRT-BRK-STD,Freight Brokerage - Standard - 2026-06,2,51437.43,4000,Revenue - Freight Brokerage,Freight Brokerage,USD,US Dollar,1.0,102874.86,102874.86,102874.86,Open,Net 30,,,28,lena.sandoval@ironbridgemanufacturing.com,"5482 Oak Ave, Suite 181",Columbus,USA,NeedToPrint,EmailSent,,QBO,False,0
5613,1613,2026-06-25,2026-07-10,2026-06,MLG,Meridian Logistics LLC,2006,Kestrel Auto Components,Automotive,4021,Freight Bill Audit & Pay,SVC-AUDIT,Freight Bill Audit & Pay - 2026-06,1,71950.94,4090,Revenue - Software & Data Services,Software & Data Services,USD,US Dollar,1.0,71950.94,71950.94,71950.94,Open,Net 15,,,5,nora.vasquez@kestrelautocomponents.com,"4140 Industrial Pkwy, Suite 748",Newark,USA,NeedToPrint,EmailSent,,QBO,False,0
5614,1614,2026-06-04,2026-07-19,2026-06,MLG,Meridian Logistics LLC,2008,Halcyon Beverage Co,Beverage,4021,Freight Bill Audit & Pay,SVC-AUDIT,Freight Bill Audit & Pay - 2026-06,3,19707.38,4090,Revenue - Software & Data Services,Software & Data Services,USD,US Dollar,1.0,59122.14,59122.14,59122.14,Open,Net 45,,,26,rachel.mensah@halcyonbeverageco.com,"9866 Terminal Way, Suite 792",Dallas,USA,NeedToPrint,EmailSent,,QBO,False,0
5615,1615,2026-06-28,2026-08-27,2026-06,MLG,Meridian Logistics LLC,2013,Summit Medical Supply,Healthcare,4008,LTL Consolidation - Lane Program,LTL-CON-LN,LTL Consolidation - Lane Program - 2026-06,1,59454.71,4020,Revenue - LTL Consolidation,LTL Consolidation,USD,US Dollar,1.0,59454.71,59454.71,59454.71,Open,Net 60,,,2,rachel.whitfield@summitmedicalsupply.com,"3309 Terminal Way, Suite 763",Atlanta,USA,NeedToPrint,EmailSent,,QBO,False,0
5616,1616,2026-06-26,2026-07-26,2026-06,MLG,Meridian Logistics LLC,2017,Onyx Packaging Systems,Packaging,4017,Last Mile Delivery Program,LM-DEL-ST,Last Mile Delivery Program - 2026-06,2,22186.69,4060,Revenue - Last Mile Delivery,Last Mile Delivery,USD,US Dollar,1.0,44373.38,44373.38,44373.38,Open,Net 30,,,4,nora.kowalczyk@onyxpackagingsystems.com,"7811 Commerce Dr, Suite 219",Phoenix,USA,NeedToPrint,EmailSent,,QBO,False,0
5617,1617,2026-06-04,2026-07-04,2026-06,MLG,Meridian Logistics LLC,2023,Atlas Bearing Works,Industrial,4017,Last Mile Delivery Program,LM-DEL-ST,Last Mile Delivery Program - 2026-06,2,18942.37,4060,Revenue - Last Mile Delivery,Last Mile Delivery,USD,US Dollar,1.0,37884.74,37884.74,37884.74,Open,Net 30,,,26,claire.ashworth@atlasbearingworks.com,"1081 Commerce Dr, Suite 448",Dallas,USA,NeedToPrint,EmailSent,,QBO,False,0
5618,1618,2026-06-03,2026-07-03,2026-06,MLG,Meridian Logistics LLC,2027,Perigee Aerospace Parts,Aerospace,4008,LTL Consolidation - Lane Program,LTL-CON-LN,LTL Consolidation - Lane Program - 2026-06,2,104619.37,4020,Revenue - LTL Consolidation,LTL Consolidation,USD,US Dollar,1.0,209238.74,209238.74,209238.74,Open,Net 30,,,27,ingrid.bergstrom@perigeeaerospaceparts.com,"9548 Terminal Way, Suite 444",Columbus,USA,NeedToPrint,EmailSent,,QBO,False,0
5619,1619,2026-06-14,2026-07-29,2026-06,CFS,Cascade Freight Systems Inc,2003,Northline Grocers Co-op,Grocery,4003,Intermodal Rail Program,SVC-RAIL,Intermodal Rail Program - 2026-06,2,37893.64,4000,Revenue - Freight Brokerage,Freight Brokerage,USD,US Dollar,1.0,75787.28,75787.28,75787.28,Open,Net 45,,,16,nora.moreau@northlinegrocerscoop.com,"2276 Commerce Dr, Suite 756",Memphis,USA,NeedToPrint,EmailSent,,QBO,False,0
5620,1620,2026-06-26,2026-07-11,2026-06,CFS,Cascade Freight Systems Inc,2007,Redstone Building Supply,Construction,4006,Dedicated Fleet - Monthly Contract,DED-FLT-MO,Dedicated Fleet - Monthly Contract - 2026-06,2,23509.87,4010,Revenue - Dedicated Fleet,Dedicated Fleet,USD,US Dollar,1.0,47019.74,47019.74,47019.74,Open,Net 15,,,4,victor.marchetti@redstonebuildingsupply.com,"8435 Commerce Dr, Suite 324",Memphis,USA,NeedToPrint,EmailSent,,QBO,False,0
5621,1621,2026-06-27,2026-08-11,2026-06,CFS,Cascade Freight Systems Inc,2011,Meadowvale Farms,Agriculture,4004,Flatbed & Oversize Transport,SVC-FLAT,Flatbed & Oversize Transport - 2026-06,2,18010.18,4000,Revenue - Freight Brokerage,Freight Brokerage,USD,US Dollar,1.0,36020.36,36020.36,36020.36,Open,Net 45,,,3,naomi.kowalczyk@meadowvalefarms.com,"7551 Terminal Way, Suite 176",Charlotte,USA,NeedToPrint,EmailSent,,QBO,False,0
5622,1622,2026-06-22,2026-08-06,2026-06,CFS,Cascade Freight Systems Inc,2015,Copperfield Chemicals,Chemicals,4005,Refrigerated Truckload,SVC-REEF,Refrigerated Truckload - 2026-06,1,34228.91,4000,Revenue - Freight Brokerage,Freight Brokerage,USD,US Dollar,1.0,34228.91,34228.91,34228.91,Open,Net 45,,,8,devon.vandermeer@copperfieldchemicals.com,"6069 Commerce Dr, Suite 265",Columbus,USA,NeedToPrint,EmailSent,,QBO,False,0
5623,1623,2026-06-18,2026-07-18,2026-06,CFS,Cascade Freight Systems Inc,2018,Ferrous Metals Trading,Metals,4007,Driver Leasing Program,SVC-DRIVE,Driver Leasing Program - 2026-06,2,17490.3,4010,Revenue - Dedicated Fleet,Dedicated Fleet,USD,US Dollar,1.0,34980.6,34980.6,34980.6,Open,Net 30,,,12,naomi.ellsworth@ferrousmetalstrading.com,"2584 Havenweg, Suite 861",Memphis,USA,NeedToPrint,EmailSent,,QBO,False,0
5624,1624,2026-06-05,2026-07-20,2026-06,CFS,Cascade Freight Systems Inc,2021,Highmark Steel Service,Metals,4004,Flatbed & Oversize Transport,SVC-FLAT,Flatbed & Oversize Transport - 2026-06,2,15567.92,4000,Revenue - Freight Brokerage,Freight Brokerage,USD,US Dollar,1.0,31135.84,31135.84,31135.84,Open,Net 45,,,25,claire.vandermeer@highmarksteelservice.com,"9247 Oak Ave, Suite 708",Charlotte,USA,NeedToPrint,EmailSent,,QBO,False,0
5625,1625,2026-06-15,2026-07-30,2026-06,CFS,Cascade Freight Systems Inc,2026,Quarry Stone Materials,Construction,4006,Dedicated Fleet - Monthly Contract,DED-FLT-MO,Dedicated Fleet - Monthly Contract - 2026-06,3,44808.26,4010,Revenue - Dedicated Fleet,Dedicated Fleet,USD,US Dollar,1.0,134424.78,134424.78,134424.78,Open,Net 45,,,15,maya.marchetti@quarrystonematerials.com,"391 Industrial Pkwy, Suite 896",Denver,USA,NeedToPrint,EmailSent,,QBO,False,0
5626,1626,2026-06-15,2026-07-15,2026-06,NWC,Northwind Cargo B.V.,2004,Vertex Pharma Distribution,Pharma,4001,Freight Brokerage - International,FRT-BRK-INT,Freight Brokerage - International - 2026-06,1,43538.64,4000,Revenue - Freight Brokerage,Freight Brokerage,EUR,Euro,1.09,43538.64,47457.12,43538.64,Open,Net 30,,,15,devon.devereaux@vertexpharmadistribution.com,"1824 Cedar Ln, Suite 759",Antwerp,NLD,NeedToPrint,EmailSent,,QBO,False,0
5627,1627,2026-06-26,2026-08-10,2026-06,NWC,Northwind Cargo B.V.,2009,Cobalt Electronics,Electronics,4015,Customs Entry & Clearance,CUS-ENTRY,Customs Entry & Clearance - 2026-06,3,10595.31,4050,Revenue - Customs & Compliance,Customs & Compliance,EUR,Euro,1.09,31785.93,34646.66,31785.93,Open,Net 45,,,4,owen.marchetti@cobaltelectronics.com,"4170 Cedar Ln, Suite 138",Hamburg,NLD,NeedToPrint,EmailSent,,QBO,False,0
5628,1628,2026-06-20,2026-08-04,2026-06,NWC,Northwind Cargo B.V.,2010,Aurora Textiles Group,Apparel,4020,TMS Platform Subscription,SW-TMS-SEAT,TMS Platform Subscription - 2026-06,3,8500.78,4090,Revenue - Software & Data Services,Software & Data Services,EUR,Euro,1.09,25502.34,27797.55,25502.34,Open,Net 45,,,10,bianca.moreau@auroratextilesgroup.com,"5223 Oak Ave, Suite 555",Hamburg,NLD,NeedToPrint,EmailSent,,QBO,False,0
5629,1629,2026-06-15,2026-07-15,2026-06,NWC,Northwind Cargo B.V.,2014,Polaris Cold Chain,Food,4002,Port Drayage Program,SVC-DRAY,Port Drayage Program - 2026-06,3,14555.18,4000,Revenue - Freight Brokerage,Freight Brokerage,EUR,Euro,1.09,43665.54,47595.44,43665.54,Open,Net 30,,,15,marcus.lindqvist@polariscoldchain.com,"3723 Cedar Ln, Suite 328",Duisburg,NLD,NeedToPrint,EmailSent,,QBO,False,0
5630,1630,2026-06-11,2026-06-26,2026-06,NWC,Northwind Cargo B.V.,2020,Volta Battery Systems,Electronics,4001,Freight Brokerage - International,FRT-BRK-INT,Freight Brokerage - International - 2026-06,1,32317.79,4000,Revenue - Freight Brokerage,Freight Brokerage,EUR,Euro,1.09,32317.79,35226.39,32317.79,Open,Net 15,,,19,bianca.nowak@voltabatterysystems.com,"3100 Cedar Ln, Suite 400",Lyon,NLD,NeedToPrint,EmailSent,,QBO,False,0
5631,1631,2026-06-06,2026-08-05,2026-06,NWC,Northwind Cargo B.V.,2024,Beacon Optics,Electronics,4002,Port Drayage Program,SVC-DRAY,Port Drayage Program - 2026-06,2,59052.89,4000,Revenue - Freight Brokerage,Freight Brokerage,EUR,Euro,1.09,118105.78,128735.3,118105.78,Open,Net 60,,,24,ingrid.kowalczyk@beaconoptics.com,"6358 Commerce Dr, Suite 439",Barcelona,NLD,NeedToPrint,EmailSent,,QBO,False,0
5632,1632,2026-06-22,2026-08-06,2026-06,NWC,Northwind Cargo B.V.,2028,Nordvik Frozen Foods,Food,4001,Freight Brokerage - International,FRT-BRK-INT,Freight Brokerage - International - 2026-06,1,93590.83,4000,Revenue - Freight Brokerage,Freight Brokerage,EUR,Euro,1.09,93590.83,102014.0,93590.83,Open,Net 45,,,8,owen.delacroix@nordvikfrozenfoods.com,"8980 Oak Ave, Suite 942",Lyon,NLD,NeedToPrint,EmailSent,,QBO,False,0
5633,1633,2026-06-10,2026-08-09,2026-06,APX,Apex Warehousing LLC,2005,Solstice Home Goods,Retail,4009,Cross-Dock Handling,SVC-CROSS,Cross-Dock Handling - 2026-06,2,39424.53,4020,Revenue - LTL Consolidation,LTL Consolidation,USD,US Dollar,1.0,78849.06,78849.06,78849.06,Open,Net 60,,,20,ingrid.whitfield@solsticehomegoods.com,"7197 Commerce Dr, Suite 618",Columbus,USA,NeedToPrint,EmailSent,,QBO,False,0
5634,1634,2026-06-18,2026-07-18,2026-06,APX,Apex Warehousing LLC,2012,Pinnacle Sports Supply,Retail,4011,Cold Storage - Pallet Positions,WHS-COLD,Cold Storage - Pallet Positions - 2026-06,2,14011.93,4030,Revenue - Warehousing & Storage,Warehousing & Storage,USD,US Dollar,1.0,28023.86,28023.86,28023.86,Open,Net 30,,,12,marcus.okafor@pinnaclesportssupply.com,"9301 Industrial Pkwy, Suite 741",Dallas,USA,NeedToPrint,EmailSent,,QBO,False,0
5635,1635,2026-06-05,2026-07-05,2026-06,APX,Apex Warehousing LLC,2016,Trailhead Outdoor Gear,Retail,4011,Cold Storage - Pallet Positions,WHS-COLD,Cold Storage - Pallet Positions - 2026-06,2,12188.3,4030,Revenue - Warehousing & Storage,Warehousing & Storage,USD,US Dollar,1.0,24376.6,24376.6,24376.6,Open,Net 30,,,25,grant.delacroix@trailheadoutdoorgear.com,"3067 Industrial Pkwy, Suite 158",Seattle,USA,NeedToPrint,EmailSent,,QBO,False,0
5636,1636,2026-06-25,2026-07-10,2026-06,APX,Apex Warehousing LLC,2019,Silverline Appliances,Appliances,4013,Fulfillment - Pick & Pack,FUL-PICK,Fulfillment - Pick & Pack - 2026-06,3,7192.04,4040,Revenue - Fulfillment & Pick-Pack,Fulfillment & Pick-Pack,USD,US Dollar,1.0,21576.12,21576.12,21576.12,Open,Net 15,,,5,naomi.kowalczyk@silverlineappliances.com,"3450 Havenweg, Suite 419",Columbus,USA,NeedToPrint,EmailSent,,QBO,False,0
5637,1637,2026-06-19,2026-07-04,2026-06,APX,Apex Warehousing LLC,2022,Lumina Cosmetics,Beauty,4010,Warehousing - Pallet Positions,WHS-STOR-PAL,Warehousing - Pallet Positions - 2026-06,3,7292.9,4030,Revenue - Warehousing & Storage,Warehousing & Storage,USD,US Dollar,1.0,21878.7,21878.7,21878.7,Open,Net 15,,,11,helena.mendez@luminacosmetics.com,"3400 Havenweg, Suite 247",Atlanta,USA,NeedToPrint,EmailSent,,QBO,False,0
5638,1638,2026-06-25,2026-07-25,2026-06,APX,Apex Warehousing LLC,2025,Willow Creek Furniture,Furniture,4009,Cross-Dock Handling,SVC-CROSS,Cross-Dock Handling - 2026-06,1,117811.51,4020,Revenue - LTL Consolidation,LTL Consolidation,USD,US Dollar,1.0,117811.51,117811.51,117811.51,Open,Net 30,,,5,elliot.sandoval@willowcreekfurniture.com,"2875 Commerce Dr, Suite 698",Atlanta,USA,NeedToPrint,EmailSent,,QBO,False,0
5639,1639,2024-07-16,2024-09-14,2024-07,MLG,Meridian Logistics LLC,2013,Summit Medical Supply,Healthcare,4008,LTL Consolidation - Lane Program,LTL-CON-LN,LTL Consolidation - Lane Program - 2024-07,3,19292.68,4020,Revenue - LTL Consolidation,LTL Consolidation,USD,US Dollar,1.0,57878.04,57878.04,57878.04,Open,Net 60,,,714,rachel.whitfield@summitmedicalsupply.com,"3309 Terminal Way, Suite 763",Atlanta,USA,NotSet,EmailSent,re-issued,QBO,False,0
5640,1640,2026-01-22,2026-03-08,2026-01,MLG,Meridian Logistics LLC,2008,Halcyon Beverage Co,Beverage,4021,Freight Bill Audit & Pay,SVC-AUDIT,Freight Bill Audit & Pay - 2026-01,3,27006.08,4090,Revenue - Software & Data Services,Software & Data Services,USD,US Dollar,1.0,81018.24,81018.24,81018.24,Open,Net 45,,,159,rachel.mensah@halcyonbeverageco.com,"9866 Terminal Way, Suite 792",Dallas,USA,NotSet,EmailSent,re-issued,QBO,False,0
5641,1641,2024-10-11,2024-11-25,2024-10,MLG,Meridian Logistics LLC,2008,Halcyon Beverage Co,Beverage,4021,Freight Bill Audit & Pay,SVC-AUDIT,Freight Bill Audit & Pay - 2024-10,1,74230.98,4090,Revenue - Software & Data Services,Software & Data Services,USD,US Dollar,1.0,74230.98,74230.98,74230.98,Open,Net 45,,,627,rachel.mensah@halcyonbeverageco.com,"9866 Terminal Way, Suite 792",Dallas,USA,NotSet,EmailSent,re-issued,QBO,False,0
5642,1642,2026-03-13,2026-03-28,2026-03,MLG,Meridian Logistics LLC,2006,Kestrel Auto Components,Automotive,4021,Freight Bill Audit & Pay,SVC-AUDIT,Freight Bill Audit & Pay - 2026-03,3,25101.1,4090,Revenue - Software & Data Services,Software & Data Services,USD,US Dollar,1.0,75303.3,75303.3,75303.3,Open,Net 15,,,109,nora.vasquez@kestrelautocomponents.com,"4140 Industrial Pkwy, Suite 748",Newark,USA,NotSet,EmailSent,re-issued,QBO,False,0
