JournalEntryId,DocNumber,TxnDate,Period,Entity,EntityName,AccountNum,AccountName,AccountType,Classification,Description,Debit,Credit,Amount,CurrencyRef_value,ExchangeRate,AmountUSD,VendorRef_name,CustomerRef_name,TxnSource,Adjustment,domain,sparse,SyncToken
7001,JE-7001,2024-07-31,2024-07,MLG,Meridian Logistics LLC,5000,COGS - Purchased Transportation,Cost of Goods Sold,Cost of Goods Sold,COGS - Purchased Transportation - 2024-07,273491.59,0,273491.59,USD,1.0,273491.59,Sentinel Freight Partners,,Bill,,QBO,False,0
7001,JE-7001,2024-07-31,2024-07,MLG,Meridian Logistics LLC,5010,COGS - Owner Operator Settlements,Cost of Goods Sold,Cost of Goods Sold,COGS - Owner Operator Settlements - 2024-07,70825.06,0,70825.06,USD,1.0,70825.06,Keystone Owner Operators LLC,,Bill,,QBO,False,0
7001,JE-7001,2024-07-31,2024-07,MLG,Meridian Logistics LLC,5020,COGS - Fuel,Cost of Goods Sold,Cost of Goods Sold,COGS - Fuel - 2024-07,41930.19,0,41930.19,USD,1.0,41930.19,Fuel Express Supplier's,,Bill,,QBO,False,0
7001,JE-7001,2024-07-31,2024-07,MLG,Meridian Logistics LLC,5070,COGS - Maintenance & Repairs,Cost of Goods Sold,Cost of Goods Sold,COGS - Maintenance & Repairs - 2024-07,29946.57,0,29946.57,USD,1.0,29946.57,MidState Truck Repair,,Bill,,QBO,False,0
7001,JE-7001,2024-07-31,2024-07,MLG,Meridian Logistics LLC,2000,Accounts Payable,Accounts Payable,Liability,Accrue direct costs 2024-07,0,416193.41,-416193.41,USD,1.0,-416193.41,,,Bill,,QBO,False,0
7002,JE-7002,2024-07-31,2024-07,CFS,Cascade Freight Systems Inc,5000,COGS - Purchased Transportation,Cost of Goods Sold,Cost of Goods Sold,COGS - Purchased Transportation - 2024-07,68959.19,0,68959.19,USD,1.0,68959.19,Sentinel Freight Partners,,Bill,,QBO,False,0
7002,JE-7002,2024-07-31,2024-07,CFS,Cascade Freight Systems Inc,5020,COGS - Fuel,Cost of Goods Sold,Cost of Goods Sold,COGS - Fuel - 2024-07,61669.14,0,61669.14,USD,1.0,61669.14,Fuel Express Suppliers,,Bill,,QBO,False,0
7002,JE-7002,2024-07-31,2024-07,CFS,Cascade Freight Systems Inc,5030,COGS - Driver Wages,Cost of Goods Sold,Cost of Goods Sold,COGS - Driver Wages - 2024-07,70575.0,0,70575.0,USD,1.0,70575.0,,,Bill,,QBO,False,0
7002,JE-7002,2024-07-31,2024-07,CFS,Cascade Freight Systems Inc,5070,COGS - Maintenance & Repairs,Cost of Goods Sold,Cost of Goods Sold,COGS - Maintenance & Repairs - 2024-07,27258.14,0,27258.14,USD,1.0,27258.14,MidState Truck Repair,,Bill,,QBO,False,0
7002,JE-7002,2024-07-31,2024-07,CFS,Cascade Freight Systems Inc,2000,Accounts Payable,Accounts Payable,Liability,Accrue direct costs 2024-07,0,228461.47,-228461.47,USD,1.0,-228461.47,,,Bill,,QBO,False,0
7003,JE-7003,2024-07-31,2024-07,NWC,Northwind Cargo B.V.,5000,COGS - Purchased Transportation,Cost of Goods Sold,Cost of Goods Sold,COGS - Purchased Transportation - 2024-07,71821.47,0,71821.47,EUR,1.09,78285.4,Ridgeway Carrier Network,,Bill,,QBO,False,0
7003,JE-7003,2024-07-31,2024-07,NWC,Northwind Cargo B.V.,5110,COGS - Customs Duties & Brokerage,Cost of Goods Sold,Cost of Goods Sold,COGS - Customs Duties & Brokerage - 2024-07,36684.03,0,36684.03,EUR,1.09,39985.6,Meridian Customs Brokers,,Bill,,QBO,False,0
7003,JE-7003,2024-07-31,2024-07,NWC,Northwind Cargo B.V.,5010,COGS - Owner Operator Settlements,Cost of Goods Sold,Cost of Goods Sold,COGS - Owner Operator Settlements - 2024-07,20248.09,0,20248.09,EUR,1.09,22070.41,Keystone Owner Operators LLC,,Bill,,QBO,False,0
7003,JE-7003,2024-07-31,2024-07,NWC,Northwind Cargo B.V.,5050,COGS - Temp & Contract Labor,Cost of Goods Sold,Cost of Goods Sold,COGS - Temp & Contract Labor - 2024-07,14779.4,0,14779.4,EUR,1.09,16109.54,Apex Staffing Solutions,,Bill,,QBO,False,0
7003,JE-7003,2024-07-31,2024-07,NWC,Northwind Cargo B.V.,2000,Accounts Payable,Accounts Payable,Liability,Accrue direct costs 2024-07,0,143532.99,-143532.99,EUR,1.09,-156450.95,,,Bill,,QBO,False,0
7004,JE-7004,2024-07-31,2024-07,APX,Apex Warehousing LLC,5040,COGS - Warehouse Labor,Cost of Goods Sold,Cost of Goods Sold,COGS - Warehouse Labor - 2024-07,56201.7,0,56201.7,USD,1.0,56201.7,Warehouse Temps Direct,,Bill,,QBO,False,0
7004,JE-7004,2024-07-31,2024-07,APX,Apex Warehousing LLC,5050,COGS - Temp & Contract Labor,Cost of Goods Sold,Cost of Goods Sold,COGS - Temp & Contract Labor - 2024-07,23421.53,0,23421.53,USD,1.0,23421.53,Apex Staffing Solution,,Bill,,QBO,False,0
7004,JE-7004,2024-07-31,2024-07,APX,Apex Warehousing LLC,5060,COGS - Equipment Lease & Rental,Cost of Goods Sold,Cost of Goods Sold,COGS - Equipment Lease & Rental - 2024-07,16932.95,0,16932.95,USD,1.0,16932.95,Penske Equipment Leasing,,Bill,,QBO,False,0
7004,JE-7004,2024-07-31,2024-07,APX,Apex Warehousing LLC,5090,COGS - Cargo Claims & Damages,Cost of Goods Sold,Cost of Goods Sold,COGS - Cargo Claims & Damages - 2024-07,7383.78,0,7383.78,USD,1.0,7383.78,Cargo Claims Adjusters Inc,,Bill,,QBO,False,0
7004,JE-7004,2024-07-31,2024-07,APX,Apex Warehousing LLC,2000,Accounts Payable,Accounts Payable,Liability,Accrue direct costs 2024-07,0,103939.96,-103939.96,USD,1.0,-103939.96,,,Bill,,QBO,False,0
7005,JE-7005,2024-07-31,2024-07,NWC,Northwind Cargo B.V.,7030,Unrealized FX Gain / (Loss),Other Income,Revenue,Unrealized FX revaluation EUR/USD 2024-07,36531.48,0,36531.48,EUR,1.09,39819.31,,,Journal Entry,,QBO,False,0
7005,JE-7005,2024-07-31,2024-07,NWC,Northwind Cargo B.V.,1100,Accounts Receivable,Accounts Receivable,Asset,AR revaluation 2024-07,0,36531.48,-36531.48,EUR,1.09,-39819.31,,,Journal Entry,,QBO,False,0
7006,JE-7006,2024-08-31,2024-08,MLG,Meridian Logistics LLC,5000,COGS - Purchased Transportation,Cost of Goods Sold,Cost of Goods Sold,COGS - Purchased Transportation - 2024-08,249498.37,0,249498.37,USD,1.0,249498.37,Ridgeway Carrier Network,,Bill,,QBO,False,0
7006,JE-7006,2024-08-31,2024-08,MLG,Meridian Logistics LLC,5010,COGS - Owner Operator Settlements,Cost of Goods Sold,Cost of Goods Sold,COGS - Owner Operator Settlements - 2024-08,64245.84,0,64245.84,USD,1.0,64245.84,Keystone Owner Operators LLC,,Bill,,QBO,False,0
7006,JE-7006,2024-08-31,2024-08,MLG,Meridian Logistics LLC,5020,COGS - Fuel,Cost of Goods Sold,Cost of Goods Sold,COGS - Fuel - 2024-08,40874.01,0,40874.01,USD,1.0,40874.01,Fuel Express Suppliers,,Bill,,QBO,False,0
7006,JE-7006,2024-08-31,2024-08,MLG,Meridian Logistics LLC,5070,COGS - Maintenance & Repairs,Cost of Goods Sold,Cost of Goods Sold,COGS - Maintenance & Repairs - 2024-08,28348.64,0,28348.64,USD,1.0,28348.64,MidState Truck Repair,,Bill,,QBO,False,0
7006,JE-7006,2024-08-31,2024-08,MLG,Meridian Logistics LLC,2000,Accounts Payable,Accounts Payable,Liability,Accrue direct costs 2024-08,0,382966.86,-382966.86,USD,1.0,-382966.86,,,Bill,,QBO,False,0
7007,JE-7007,2024-08-31,2024-08,CFS,Cascade Freight Systems Inc,5000,COGS - Purchased Transportation,Cost of Goods Sold,Cost of Goods Sold,COGS - Purchased Transportation - 2024-08,71050.15,0,71050.15,USD,1.0,71050.15,Ridgeway Carrier Network,,Bill,,QBO,False,0
7007,JE-7007,2024-08-31,2024-08,CFS,Cascade Freight Systems Inc,5020,COGS - Fuel,Cost of Goods Sold,Cost of Goods Sold,COGS - Fuel - 2024-08,65204.65,0,65204.65,USD,1.0,65204.65,FUEL EXPRESS SUPPLIERS INC,,Bill,,QBO,False,0
7007,JE-7007,2024-08-31,2024-08,CFS,Cascade Freight Systems Inc,5030,COGS - Driver Wages,Cost of Goods Sold,Cost of Goods Sold,COGS - Driver Wages - 2024-08,77539.49,0,77539.49,USD,1.0,77539.49,,,Bill,,QBO,False,0
7007,JE-7007,2024-08-31,2024-08,CFS,Cascade Freight Systems Inc,5070,COGS - Maintenance & Repairs,Cost of Goods Sold,Cost of Goods Sold,COGS - Maintenance & Repairs - 2024-08,28605.2,0,28605.2,USD,1.0,28605.2,MidState Truck Repair,,Bill,,QBO,False,0
7007,JE-7007,2024-08-31,2024-08,CFS,Cascade Freight Systems Inc,2000,Accounts Payable,Accounts Payable,Liability,Accrue direct costs 2024-08,0,242399.49,-242399.49,USD,1.0,-242399.49,,,Bill,,QBO,False,0
7008,JE-7008,2024-08-31,2024-08,NWC,Northwind Cargo B.V.,5000,COGS - Purchased Transportation,Cost of Goods Sold,Cost of Goods Sold,COGS - Purchased Transportation - 2024-08,76462.46,0,76462.46,EUR,1.09,83344.09,Sentinel Freight Partners,,Bill,,QBO,False,0
7008,JE-7008,2024-08-31,2024-08,NWC,Northwind Cargo B.V.,5110,COGS - Customs Duties & Brokerage,Cost of Goods Sold,Cost of Goods Sold,COGS - Customs Duties & Brokerage - 2024-08,41724.94,0,41724.94,EUR,1.09,45480.19,Meridian Customs Brokers,,Bill,,QBO,False,0
7008,JE-7008,2024-08-31,2024-08,NWC,Northwind Cargo B.V.,5010,COGS - Owner Operator Settlements,Cost of Goods Sold,Cost of Goods Sold,COGS - Owner Operator Settlements - 2024-08,21489.18,0,21489.18,EUR,1.09,23423.21,Keystone Owner Operators LLC,,Bill,,QBO,False,0
7008,JE-7008,2024-08-31,2024-08,NWC,Northwind Cargo B.V.,5050,COGS - Temp & Contract Labor,Cost of Goods Sold,Cost of Goods Sold,COGS - Temp & Contract Labor - 2024-08,15784.26,0,15784.26,EUR,1.09,17204.85,Apex Staffing Solution,,Bill,,QBO,False,0
7008,JE-7008,2024-08-31,2024-08,NWC,Northwind Cargo B.V.,2000,Accounts Payable,Accounts Payable,Liability,Accrue direct costs 2024-08,0,155460.85,-155460.85,EUR,1.09,-169452.33,,,Bill,,QBO,False,0
7009,JE-7009,2024-08-31,2024-08,APX,Apex Warehousing LLC,5040,COGS - Warehouse Labor,Cost of Goods Sold,Cost of Goods Sold,COGS - Warehouse Labor - 2024-08,59342.22,0,59342.22,USD,1.0,59342.22,Warehouse Temps Direct,,Bill,,QBO,False,0
7009,JE-7009,2024-08-31,2024-08,APX,Apex Warehousing LLC,5050,COGS - Temp & Contract Labor,Cost of Goods Sold,Cost of Goods Sold,COGS - Temp & Contract Labor - 2024-08,24083.26,0,24083.26,USD,1.0,24083.26,Apex Staffing Solutions,,Bill,,QBO,False,0
7009,JE-7009,2024-08-31,2024-08,APX,Apex Warehousing LLC,5060,COGS - Equipment Lease & Rental,Cost of Goods Sold,Cost of Goods Sold,COGS - Equipment Lease & Rental - 2024-08,18239.89,0,18239.89,USD,1.0,18239.89,Penske Equipment Leasing,,Bill,,QBO,False,0
7009,JE-7009,2024-08-31,2024-08,APX,Apex Warehousing LLC,5090,COGS - Cargo Claims & Damages,Cost of Goods Sold,Cost of Goods Sold,COGS - Cargo Claims & Damages - 2024-08,7631.22,0,7631.22,USD,1.0,7631.22,Cargo Claims Adjusters Inc,,Bill,,QBO,False,0
7009,JE-7009,2024-08-31,2024-08,APX,Apex Warehousing LLC,2000,Accounts Payable,Accounts Payable,Liability,Accrue direct costs 2024-08,0,109296.58,-109296.58,USD,1.0,-109296.58,,,Bill,,QBO,False,0
7010,JE-7010,2024-08-31,2024-08,NWC,Northwind Cargo B.V.,7030,Unrealized FX Gain / (Loss),Other Income,Revenue,Unrealized FX revaluation EUR/USD 2024-08,0,31665.83,-31665.83,EUR,1.09,-34515.76,,,Journal Entry,,QBO,False,0
7010,JE-7010,2024-08-31,2024-08,NWC,Northwind Cargo B.V.,1100,Accounts Receivable,Accounts Receivable,Asset,AR revaluation 2024-08,31665.83,0,31665.83,EUR,1.09,34515.76,,,Journal Entry,,QBO,False,0
7011,JE-7011,2024-09-30,2024-09,MLG,Meridian Logistics LLC,5000,COGS - Purchased Transportation,Cost of Goods Sold,Cost of Goods Sold,COGS - Purchased Transportation - 2024-09,297793.29,0,297793.29,USD,1.0,297793.29,Ridgeway Carrier Network,,Bill,,QBO,False,0
7011,JE-7011,2024-09-30,2024-09,MLG,Meridian Logistics LLC,5010,COGS - Owner Operator Settlements,Cost of Goods Sold,Cost of Goods Sold,COGS - Owner Operator Settlements - 2024-09,78952.72,0,78952.72,USD,1.0,78952.72,Keystone Owner Operators LLC,,Bill,,QBO,False,0
7011,JE-7011,2024-09-30,2024-09,MLG,Meridian Logistics LLC,5020,COGS - Fuel,Cost of Goods Sold,Cost of Goods Sold,COGS - Fuel - 2024-09,44453.37,0,44453.37,USD,1.0,44453.37,Fuel Express Suppliers,,Bill,,QBO,False,0
7011,JE-7011,2024-09-30,2024-09,MLG,Meridian Logistics LLC,5070,COGS - Maintenance & Repairs,Cost of Goods Sold,Cost of Goods Sold,COGS - Maintenance & Repairs - 2024-09,29909.91,0,29909.91,USD,1.0,29909.91,MidState Truck Repair,,Bill,,QBO,False,0
7011,JE-7011,2024-09-30,2024-09,MLG,Meridian Logistics LLC,2000,Accounts Payable,Accounts Payable,Liability,Accrue direct costs 2024-09,0,451109.29,-451109.29,USD,1.0,-451109.29,,,Bill,,QBO,False,0
7012,JE-7012,2024-09-30,2024-09,CFS,Cascade Freight Systems Inc,5000,COGS - Purchased Transportation,Cost of Goods Sold,Cost of Goods Sold,COGS - Purchased Transportation - 2024-09,76161.02,0,76161.02,USD,1.0,76161.02,Trans-Atlantic Line Haul BV,,Bill,,QBO,False,0
7012,JE-7012,2024-09-30,2024-09,CFS,Cascade Freight Systems Inc,5020,COGS - Fuel,Cost of Goods Sold,Cost of Goods Sold,COGS - Fuel - 2024-09,70228.16,0,70228.16,USD,1.0,70228.16,Fuel Express Supplier's,,Bill,,QBO,False,0
7012,JE-7012,2024-09-30,2024-09,CFS,Cascade Freight Systems Inc,5030,COGS - Driver Wages,Cost of Goods Sold,Cost of Goods Sold,COGS - Driver Wages - 2024-09,82859.32,0,82859.32,USD,1.0,82859.32,,,Bill,,QBO,False,0
7012,JE-7012,2024-09-30,2024-09,CFS,Cascade Freight Systems Inc,5070,COGS - Maintenance & Repairs,Cost of Goods Sold,Cost of Goods Sold,COGS - Maintenance & Repairs - 2024-09,29980.12,0,29980.12,USD,1.0,29980.12,MidState Truck Repair,,Bill,,QBO,False,0
7012,JE-7012,2024-09-30,2024-09,CFS,Cascade Freight Systems Inc,2000,Accounts Payable,Accounts Payable,Liability,Accrue direct costs 2024-09,0,259228.63,-259228.63,USD,1.0,-259228.63,,,Bill,,QBO,False,0
7013,JE-7013,2024-09-30,2024-09,NWC,Northwind Cargo B.V.,5000,COGS - Purchased Transportation,Cost of Goods Sold,Cost of Goods Sold,COGS - Purchased Transportation - 2024-09,79751.2,0,79751.2,EUR,1.09,86928.81,Ridgeway Carrier Network,,Bill,,QBO,False,0
7013,JE-7013,2024-09-30,2024-09,NWC,Northwind Cargo B.V.,5110,COGS - Customs Duties & Brokerage,Cost of Goods Sold,Cost of Goods Sold,COGS - Customs Duties & Brokerage - 2024-09,43477.86,0,43477.86,EUR,1.09,47390.87,Meridian Customs Brokers,,Bill,,QBO,False,0
7013,JE-7013,2024-09-30,2024-09,NWC,Northwind Cargo B.V.,5010,COGS - Owner Operator Settlements,Cost of Goods Sold,Cost of Goods Sold,COGS - Owner Operator Settlements - 2024-09,23487.6,0,23487.6,EUR,1.09,25601.49,Keystone Owner Operators LLC,,Bill,,QBO,False,0
7013,JE-7013,2024-09-30,2024-09,NWC,Northwind Cargo B.V.,5050,COGS - Temp & Contract Labor,Cost of Goods Sold,Cost of Goods Sold,COGS - Temp & Contract Labor - 2024-09,16974.95,0,16974.95,EUR,1.09,18502.7,Apex Staffing Solutions,,Bill,,QBO,False,0
7013,JE-7013,2024-09-30,2024-09,NWC,Northwind Cargo B.V.,2000,Accounts Payable,Accounts Payable,Liability,Accrue direct costs 2024-09,0,163691.62,-163691.62,EUR,1.09,-178423.87,,,Bill,,QBO,False,0
7014,JE-7014,2024-09-30,2024-09,APX,Apex Warehousing LLC,5040,COGS - Warehouse Labor,Cost of Goods Sold,Cost of Goods Sold,COGS - Warehouse Labor - 2024-09,62197.44,0,62197.44,USD,1.0,62197.44,Warehouse Temps Direct,,Bill,,QBO,False,0
7014,JE-7014,2024-09-30,2024-09,APX,Apex Warehousing LLC,5050,COGS - Temp & Contract Labor,Cost of Goods Sold,Cost of Goods Sold,COGS - Temp & Contract Labor - 2024-09,24747.61,0,24747.61,USD,1.0,24747.61,Apex Staffing Solution,,Bill,,QBO,False,0
7014,JE-7014,2024-09-30,2024-09,APX,Apex Warehousing LLC,5060,COGS - Equipment Lease & Rental,Cost of Goods Sold,Cost of Goods Sold,COGS - Equipment Lease & Rental - 2024-09,18826.91,0,18826.91,USD,1.0,18826.91,Penske Equipment Leasing,,Bill,,QBO,False,0
7014,JE-7014,2024-09-30,2024-09,APX,Apex Warehousing LLC,5090,COGS - Cargo Claims & Damages,Cost of Goods Sold,Cost of Goods Sold,COGS - Cargo Claims & Damages - 2024-09,7591.57,0,7591.57,USD,1.0,7591.57,Cargo Claims Adjusters Inc,,Bill,,QBO,False,0
7014,JE-7014,2024-09-30,2024-09,APX,Apex Warehousing LLC,2000,Accounts Payable,Accounts Payable,Liability,Accrue direct costs 2024-09,0,113363.53,-113363.53,USD,1.0,-113363.53,,,Bill,,QBO,False,0
7015,JE-7015,2024-09-30,2024-09,NWC,Northwind Cargo B.V.,7030,Unrealized FX Gain / (Loss),Other Income,Revenue,Unrealized FX revaluation EUR/USD 2024-09,0,13585.07,-13585.07,EUR,1.09,-14807.73,,,Journal Entry,,QBO,False,0
7015,JE-7015,2024-09-30,2024-09,NWC,Northwind Cargo B.V.,1100,Accounts Receivable,Accounts Receivable,Asset,AR revaluation 2024-09,13585.07,0,13585.07,EUR,1.09,14807.73,,,Journal Entry,,QBO,False,0
7016,JE-7016,2024-09-30,2024-09,MHG,Meridian Holdings Group LLC,1400,Due From Affiliates,Other Current Asset,Asset,IC management fee receivable - MLG Q3-2024,53182.5,0,53182.5,USD,1.0,53182.5,,,Journal Entry,,QBO,False,0
7016,JE-7016,2024-09-30,2024-09,MHG,Meridian Holdings Group LLC,1400,Due From Affiliates,Other Current Asset,Asset,IC management fee receivable - CFS Q3-2024,32649.73,0,32649.73,USD,1.0,32649.73,,,Journal Entry,,QBO,False,0
7016,JE-7016,2024-09-30,2024-09,MHG,Meridian Holdings Group LLC,1400,Due From Affiliates,Other Current Asset,Asset,IC management fee receivable - NWC Q3-2024,28767.87,0,28767.87,USD,1.0,28767.87,,,Journal Entry,,QBO,False,0
7016,JE-7016,2024-09-30,2024-09,MHG,Meridian Holdings Group LLC,1400,Due From Affiliates,Other Current Asset,Asset,IC management fee receivable - APX Q3-2024,16829.37,0,16829.37,USD,1.0,16829.37,,,Journal Entry,,QBO,False,0
7016,JE-7016,2024-09-30,2024-09,MHG,Meridian Holdings Group LLC,4950,Intercompany Management Fee Income,Income,Revenue,IC management fee income Q3-2024,0,131429.47,-131429.47,USD,1.0,-131429.47,,,Journal Entry,,QBO,False,0
7017,JE-7017,2024-09-30,2024-09,MLG,Meridian Logistics LLC,6800,Intercompany Management Fee Expense,Expense,Expense,IC management fee - MHG Q3-2024,53182.5,0,53182.5,USD,1.0,53182.5,,,Journal Entry,,QBO,False,0
7017,JE-7017,2024-09-30,2024-09,MLG,Meridian Logistics LLC,2200,Due To Affiliates,Other Current Liability,Liability,IC payable - MHG Q3-2024,0,53182.5,-53182.5,USD,1.0,-53182.5,,,Journal Entry,,QBO,False,0
7018,JE-7018,2024-09-30,2024-09,CFS,Cascade Freight Systems Inc,6800,Intercompany Management Fee Expense,Expense,Expense,IC management fee - MHG Q3-2024,32649.73,0,32649.73,USD,1.0,32649.73,,,Journal Entry,,QBO,False,0
7018,JE-7018,2024-09-30,2024-09,CFS,Cascade Freight Systems Inc,2200,Due To Affiliates,Other Current Liability,Liability,IC payable - MHG Q3-2024,0,32649.73,-32649.73,USD,1.0,-32649.73,,,Journal Entry,,QBO,False,0
7019,JE-7019,2024-09-30,2024-09,NWC,Northwind Cargo B.V.,6800,Intercompany Management Fee Expense,Expense,Expense,IC management fee - MHG Q3-2024,26392.54,0,26392.54,EUR,1.09,28767.87,,,Journal Entry,,QBO,False,0
7019,JE-7019,2024-09-30,2024-09,NWC,Northwind Cargo B.V.,2200,Due To Affiliates,Other Current Liability,Liability,IC payable - MHG Q3-2024,0,26392.54,-26392.54,EUR,1.09,-28767.87,,,Journal Entry,,QBO,False,0
7020,JE-7020,2024-09-30,2024-09,APX,Apex Warehousing LLC,6800,Intercompany Management Fee Expense,Expense,Expense,IC management fee - MHG Q3-2024,16829.37,0,16829.37,USD,1.0,16829.37,,,Journal Entry,,QBO,False,0
7020,JE-7020,2024-09-30,2024-09,APX,Apex Warehousing LLC,2200,Due To Affiliates,Other Current Liability,Liability,IC payable - MHG Q3-2024,0,16829.37,-16829.37,USD,1.0,-16829.37,,,Journal Entry,,QBO,False,0
7021,JE-7021,2024-09-30,2024-09,MLG,Meridian Logistics LLC,4000,Revenue - Freight Brokerage,Income,Revenue,Reclass fuel surcharge out of line-haul Q3-2024,205392.09,0,205392.09,USD,1.0,205392.09,,,Journal Entry,,QBO,False,0
7021,JE-7021,2024-09-30,2024-09,MLG,Meridian Logistics LLC,4070,Revenue - Fuel Surcharge,Income,Revenue,Fuel surcharge revenue Q3-2024,0,205392.09,-205392.09,USD,1.0,-205392.09,,,Journal Entry,,QBO,False,0
7022,JE-7022,2024-09-30,2024-09,CFS,Cascade Freight Systems Inc,4000,Revenue - Freight Brokerage,Income,Revenue,Reclass fuel surcharge out of line-haul Q3-2024,111340.65,0,111340.65,USD,1.0,111340.65,,,Journal Entry,,QBO,False,0
7022,JE-7022,2024-09-30,2024-09,CFS,Cascade Freight Systems Inc,4070,Revenue - Fuel Surcharge,Income,Revenue,Fuel surcharge revenue Q3-2024,0,111340.65,-111340.65,USD,1.0,-111340.65,,,Journal Entry,,QBO,False,0
7023,JE-7023,2024-10-31,2024-10,MLG,Meridian Logistics LLC,5000,COGS - Purchased Transportation,Cost of Goods Sold,Cost of Goods Sold,COGS - Purchased Transportation - 2024-10,341203.68,0,341203.68,USD,1.0,341203.68,Sentinel Freight Partners,,Bill,,QBO,False,0
7023,JE-7023,2024-10-31,2024-10,MLG,Meridian Logistics LLC,5010,COGS - Owner Operator Settlements,Cost of Goods Sold,Cost of Goods Sold,COGS - Owner Operator Settlements - 2024-10,89253.45,0,89253.45,USD,1.0,89253.45,Keystone Owner Operators LLC,,Bill,,QBO,False,0
7023,JE-7023,2024-10-31,2024-10,MLG,Meridian Logistics LLC,5020,COGS - Fuel,Cost of Goods Sold,Cost of Goods Sold,COGS - Fuel - 2024-10,49754.31,0,49754.31,USD,1.0,49754.31,Fuel Express Supplier's,,Bill,,QBO,False,0
7023,JE-7023,2024-10-31,2024-10,MLG,Meridian Logistics LLC,5070,COGS - Maintenance & Repairs,Cost of Goods Sold,Cost of Goods Sold,COGS - Maintenance & Repairs - 2024-10,36922.05,0,36922.05,USD,1.0,36922.05,MidState Truck Repair,,Bill,,QBO,False,0
7023,JE-7023,2024-10-31,2024-10,MLG,Meridian Logistics LLC,2000,Accounts Payable,Accounts Payable,Liability,Accrue direct costs 2024-10,0,517133.49,-517133.49,USD,1.0,-517133.49,,,Bill,,QBO,False,0
7024,JE-7024,2024-10-31,2024-10,CFS,Cascade Freight Systems Inc,5000,COGS - Purchased Transportation,Cost of Goods Sold,Cost of Goods Sold,COGS - Purchased Transportation - 2024-10,81386.67,0,81386.67,USD,1.0,81386.67,Ridgeway Carrier Network,,Bill,,QBO,False,0
7024,JE-7024,2024-10-31,2024-10,CFS,Cascade Freight Systems Inc,5020,COGS - Fuel,Cost of Goods Sold,Cost of Goods Sold,COGS - Fuel - 2024-10,77828.46,0,77828.46,USD,1.0,77828.46,Fuel Express Suppliers,,Bill,,QBO,False,0
7024,JE-7024,2024-10-31,2024-10,CFS,Cascade Freight Systems Inc,5030,COGS - Driver Wages,Cost of Goods Sold,Cost of Goods Sold,COGS - Driver Wages - 2024-10,87100.74,0,87100.74,USD,1.0,87100.74,,,Bill,,QBO,False,0
7024,JE-7024,2024-10-31,2024-10,CFS,Cascade Freight Systems Inc,5070,COGS - Maintenance & Repairs,Cost of Goods Sold,Cost of Goods Sold,COGS - Maintenance & Repairs - 2024-10,33800.32,0,33800.32,USD,1.0,33800.32,MidState Truck Repair,,Bill,,QBO,False,0
7024,JE-7024,2024-10-31,2024-10,CFS,Cascade Freight Systems Inc,2000,Accounts Payable,Accounts Payable,Liability,Accrue direct costs 2024-10,0,280116.19,-280116.19,USD,1.0,-280116.19,,,Bill,,QBO,False,0
7025,JE-7025,2024-10-31,2024-10,NWC,Northwind Cargo B.V.,5000,COGS - Purchased Transportation,Cost of Goods Sold,Cost of Goods Sold,COGS - Purchased Transportation - 2024-10,80407.27,0,80407.27,EUR,1.09,87643.93,Ridgeway Carrier Network,,Bill,,QBO,False,0
7025,JE-7025,2024-10-31,2024-10,NWC,Northwind Cargo B.V.,5110,COGS - Customs Duties & Brokerage,Cost of Goods Sold,Cost of Goods Sold,COGS - Customs Duties & Brokerage - 2024-10,40643.02,0,40643.02,EUR,1.09,44300.89,Meridian Customs Brokers,,Bill,,QBO,False,0
7025,JE-7025,2024-10-31,2024-10,NWC,Northwind Cargo B.V.,5010,COGS - Owner Operator Settlements,Cost of Goods Sold,Cost of Goods Sold,COGS - Owner Operator Settlements - 2024-10,23927.46,0,23927.46,EUR,1.09,26080.93,Keystone Owner Operators LLC,,Bill,,QBO,False,0
7025,JE-7025,2024-10-31,2024-10,NWC,Northwind Cargo B.V.,5050,COGS - Temp & Contract Labor,Cost of Goods Sold,Cost of Goods Sold,COGS - Temp & Contract Labor - 2024-10,16510.19,0,16510.19,EUR,1.09,17996.11,Apex Staffing Solution,,Bill,,QBO,False,0
7025,JE-7025,2024-10-31,2024-10,NWC,Northwind Cargo B.V.,2000,Accounts Payable,Accounts Payable,Liability,Accrue direct costs 2024-10,0,161487.94,-161487.94,EUR,1.09,-176021.86,,,Bill,,QBO,False,0
7026,JE-7026,2024-10-31,2024-10,APX,Apex Warehousing LLC,5040,COGS - Warehouse Labor,Cost of Goods Sold,Cost of Goods Sold,COGS - Warehouse Labor - 2024-10,64763.72,0,64763.72,USD,1.0,64763.72,Warehouse Temps Direct,,Bill,,QBO,False,0
7026,JE-7026,2024-10-31,2024-10,APX,Apex Warehousing LLC,5050,COGS - Temp & Contract Labor,Cost of Goods Sold,Cost of Goods Sold,COGS - Temp & Contract Labor - 2024-10,26592.09,0,26592.09,USD,1.0,26592.09,Apex Staffing Solution,,Bill,,QBO,False,0
7026,JE-7026,2024-10-31,2024-10,APX,Apex Warehousing LLC,5060,COGS - Equipment Lease & Rental,Cost of Goods Sold,Cost of Goods Sold,COGS - Equipment Lease & Rental - 2024-10,17863.78,0,17863.78,USD,1.0,17863.78,Penske Equipment Leasing,,Bill,,QBO,False,0
7026,JE-7026,2024-10-31,2024-10,APX,Apex Warehousing LLC,5090,COGS - Cargo Claims & Damages,Cost of Goods Sold,Cost of Goods Sold,COGS - Cargo Claims & Damages - 2024-10,8116.27,0,8116.27,USD,1.0,8116.27,Cargo Claims Adjusters Inc,,Bill,,QBO,False,0
7026,JE-7026,2024-10-31,2024-10,APX,Apex Warehousing LLC,2000,Accounts Payable,Accounts Payable,Liability,Accrue direct costs 2024-10,0,117335.85,-117335.85,USD,1.0,-117335.85,,,Bill,,QBO,False,0
7027,JE-7027,2024-10-31,2024-10,NWC,Northwind Cargo B.V.,7030,Unrealized FX Gain / (Loss),Other Income,Revenue,Unrealized FX revaluation EUR/USD 2024-10,0,30364.47,-30364.47,EUR,1.09,-33097.27,,,Journal Entry,,QBO,False,0
7027,JE-7027,2024-10-31,2024-10,NWC,Northwind Cargo B.V.,1100,Accounts Receivable,Accounts Receivable,Asset,AR revaluation 2024-10,30364.47,0,30364.47,EUR,1.09,33097.27,,,Journal Entry,,QBO,False,0
7028,JE-7028,2024-11-30,2024-11,MLG,Meridian Logistics LLC,5000,COGS - Purchased Transportation,Cost of Goods Sold,Cost of Goods Sold,COGS - Purchased Transportation - 2024-11,336520.6,0,336520.6,USD,1.0,336520.6,Ridgeway Carrier Network,,Bill,,QBO,False,0
7028,JE-7028,2024-11-30,2024-11,MLG,Meridian Logistics LLC,5010,COGS - Owner Operator Settlements,Cost of Goods Sold,Cost of Goods Sold,COGS - Owner Operator Settlements - 2024-11,78756.69,0,78756.69,USD,1.0,78756.69,Keystone Owner Operators LLC,,Bill,,QBO,False,0
7028,JE-7028,2024-11-30,2024-11,MLG,Meridian Logistics LLC,5020,COGS - Fuel,Cost of Goods Sold,Cost of Goods Sold,COGS - Fuel - 2024-11,48452.91,0,48452.91,USD,1.0,48452.91,Fuel Express Supplier's,,Bill,,QBO,False,0
7028,JE-7028,2024-11-30,2024-11,MLG,Meridian Logistics LLC,5070,COGS - Maintenance & Repairs,Cost of Goods Sold,Cost of Goods Sold,COGS - Maintenance & Repairs - 2024-11,32637.07,0,32637.07,USD,1.0,32637.07,MidState Truck Repair,,Bill,,QBO,False,0
7028,JE-7028,2024-11-30,2024-11,MLG,Meridian Logistics LLC,2000,Accounts Payable,Accounts Payable,Liability,Accrue direct costs 2024-11,0,496367.27,-496367.27,USD,1.0,-496367.27,,,Bill,,QBO,False,0
7029,JE-7029,2024-11-30,2024-11,CFS,Cascade Freight Systems Inc,5000,COGS - Purchased Transportation,Cost of Goods Sold,Cost of Goods Sold,COGS - Purchased Transportation - 2024-11,92608.61,0,92608.61,USD,1.0,92608.61,Sentinel Freight Partners,,Bill,,QBO,False,0
7029,JE-7029,2024-11-30,2024-11,CFS,Cascade Freight Systems Inc,5020,COGS - Fuel,Cost of Goods Sold,Cost of Goods Sold,COGS - Fuel - 2024-11,81885.29,0,81885.29,USD,1.0,81885.29,Fuel Express Suppliers,,Bill,,QBO,False,0
7029,JE-7029,2024-11-30,2024-11,CFS,Cascade Freight Systems Inc,5030,COGS - Driver Wages,Cost of Goods Sold,Cost of Goods Sold,COGS - Driver Wages - 2024-11,95556.85,0,95556.85,USD,1.0,95556.85,,,Bill,,QBO,False,0
7029,JE-7029,2024-11-30,2024-11,CFS,Cascade Freight Systems Inc,5070,COGS - Maintenance & Repairs,Cost of Goods Sold,Cost of Goods Sold,COGS - Maintenance & Repairs - 2024-11,34440.75,0,34440.75,USD,1.0,34440.75,MidState Truck Repair,,Bill,,QBO,False,0
7029,JE-7029,2024-11-30,2024-11,CFS,Cascade Freight Systems Inc,2000,Accounts Payable,Accounts Payable,Liability,Accrue direct costs 2024-11,0,304491.49,-304491.49,USD,1.0,-304491.49,,,Bill,,QBO,False,0
7030,JE-7030,2024-11-30,2024-11,NWC,Northwind Cargo B.V.,5000,COGS - Purchased Transportation,Cost of Goods Sold,Cost of Goods Sold,COGS - Purchased Transportation - 2024-11,86464.6,0,86464.6,EUR,1.09,94246.42,Trans-Atlantic Line Haul BV,,Bill,,QBO,False,0
7030,JE-7030,2024-11-30,2024-11,NWC,Northwind Cargo B.V.,5110,COGS - Customs Duties & Brokerage,Cost of Goods Sold,Cost of Goods Sold,COGS - Customs Duties & Brokerage - 2024-11,45427.13,0,45427.13,EUR,1.09,49515.58,Meridian Customs Brokers,,Bill,,QBO,False,0
7030,JE-7030,2024-11-30,2024-11,NWC,Northwind Cargo B.V.,5010,COGS - Owner Operator Settlements,Cost of Goods Sold,Cost of Goods Sold,COGS - Owner Operator Settlements - 2024-11,25539.47,0,25539.47,EUR,1.09,27838.03,Keystone Owner Operators LLC,,Bill,,QBO,False,0
7030,JE-7030,2024-11-30,2024-11,NWC,Northwind Cargo B.V.,5050,COGS - Temp & Contract Labor,Cost of Goods Sold,Cost of Goods Sold,COGS - Temp & Contract Labor - 2024-11,18092.33,0,18092.33,EUR,1.09,19720.64,Apex Staffing Solution,,Bill,,QBO,False,0
7030,JE-7030,2024-11-30,2024-11,NWC,Northwind Cargo B.V.,2000,Accounts Payable,Accounts Payable,Liability,Accrue direct costs 2024-11,0,175523.54,-175523.54,EUR,1.09,-191320.66,,,Bill,,QBO,False,0
7031,JE-7031,2024-11-30,2024-11,APX,Apex Warehousing LLC,5040,COGS - Warehouse Labor,Cost of Goods Sold,Cost of Goods Sold,COGS - Warehouse Labor - 2024-11,71145.46,0,71145.46,USD,1.0,71145.46,Warehouse Temps Direct,,Bill,,QBO,False,0
7031,JE-7031,2024-11-30,2024-11,APX,Apex Warehousing LLC,5050,COGS - Temp & Contract Labor,Cost of Goods Sold,Cost of Goods Sold,COGS - Temp & Contract Labor - 2024-11,28112.98,0,28112.98,USD,1.0,28112.98,Apex Staffing Solution,,Bill,,QBO,False,0
7031,JE-7031,2024-11-30,2024-11,APX,Apex Warehousing LLC,5060,COGS - Equipment Lease & Rental,Cost of Goods Sold,Cost of Goods Sold,COGS - Equipment Lease & Rental - 2024-11,21862.5,0,21862.5,USD,1.0,21862.5,Penske Equipment Leasing,,Bill,,QBO,False,0
7031,JE-7031,2024-11-30,2024-11,APX,Apex Warehousing LLC,5090,COGS - Cargo Claims & Damages,Cost of Goods Sold,Cost of Goods Sold,COGS - Cargo Claims & Damages - 2024-11,8910.19,0,8910.19,USD,1.0,8910.19,Cargo Claims Adjusters Inc,,Bill,,QBO,False,0
7031,JE-7031,2024-11-30,2024-11,APX,Apex Warehousing LLC,2000,Accounts Payable,Accounts Payable,Liability,Accrue direct costs 2024-11,0,130031.13,-130031.13,USD,1.0,-130031.13,,,Bill,,QBO,False,0
7032,JE-7032,2024-11-30,2024-11,NWC,Northwind Cargo B.V.,7030,Unrealized FX Gain / (Loss),Other Income,Revenue,Unrealized FX revaluation EUR/USD 2024-11,0,19361.5,-19361.5,EUR,1.09,-21104.03,,,Journal Entry,,QBO,False,0
7032,JE-7032,2024-11-30,2024-11,NWC,Northwind Cargo B.V.,1100,Accounts Receivable,Accounts Receivable,Asset,AR revaluation 2024-11,19361.5,0,19361.5,EUR,1.09,21104.03,,,Journal Entry,,QBO,False,0
7033,JE-7033,2024-12-31,2024-12,MLG,Meridian Logistics LLC,5000,COGS - Purchased Transportation,Cost of Goods Sold,Cost of Goods Sold,COGS - Purchased Transportation - 2024-12,311452.41,0,311452.41,USD,1.0,311452.41,Ridgeway Carrier Network,,Bill,,QBO,False,0
7033,JE-7033,2024-12-31,2024-12,MLG,Meridian Logistics LLC,5010,COGS - Owner Operator Settlements,Cost of Goods Sold,Cost of Goods Sold,COGS - Owner Operator Settlements - 2024-12,81127.16,0,81127.16,USD,1.0,81127.16,Keystone Owner Operators LLC,,Bill,,QBO,False,0
7033,JE-7033,2024-12-31,2024-12,MLG,Meridian Logistics LLC,5020,COGS - Fuel,Cost of Goods Sold,Cost of Goods Sold,COGS - Fuel - 2024-12,47704.07,0,47704.07,USD,1.0,47704.07,FUEL EXPRESS SUPPLIERS INC,,Bill,,QBO,False,0
7033,JE-7033,2024-12-31,2024-12,MLG,Meridian Logistics LLC,5070,COGS - Maintenance & Repairs,Cost of Goods Sold,Cost of Goods Sold,COGS - Maintenance & Repairs - 2024-12,33600.16,0,33600.16,USD,1.0,33600.16,MidState Truck Repair,,Bill,,QBO,False,0
7033,JE-7033,2024-12-31,2024-12,MLG,Meridian Logistics LLC,2000,Accounts Payable,Accounts Payable,Liability,Accrue direct costs 2024-12,0,473883.8,-473883.8,USD,1.0,-473883.8,,,Bill,,QBO,False,0
7034,JE-7034,2024-12-31,2024-12,CFS,Cascade Freight Systems Inc,5000,COGS - Purchased Transportation,Cost of Goods Sold,Cost of Goods Sold,COGS - Purchased Transportation - 2024-12,85802.62,0,85802.62,USD,1.0,85802.62,Sentinel Freight Partners,,Bill,,QBO,False,0
7034,JE-7034,2024-12-31,2024-12,CFS,Cascade Freight Systems Inc,5020,COGS - Fuel,Cost of Goods Sold,Cost of Goods Sold,COGS - Fuel - 2024-12,77487.78,0,77487.78,USD,1.0,77487.78,FUEL EXPRESS SUPPLIERS INC,,Bill,,QBO,False,0
7034,JE-7034,2024-12-31,2024-12,CFS,Cascade Freight Systems Inc,5030,COGS - Driver Wages,Cost of Goods Sold,Cost of Goods Sold,COGS - Driver Wages - 2024-12,89152.86,0,89152.86,USD,1.0,89152.86,,,Bill,,QBO,False,0
7034,JE-7034,2024-12-31,2024-12,CFS,Cascade Freight Systems Inc,5070,COGS - Maintenance & Repairs,Cost of Goods Sold,Cost of Goods Sold,COGS - Maintenance & Repairs - 2024-12,34095.99,0,34095.99,USD,1.0,34095.99,MidState Truck Repair,,Bill,,QBO,False,0
7034,JE-7034,2024-12-31,2024-12,CFS,Cascade Freight Systems Inc,2000,Accounts Payable,Accounts Payable,Liability,Accrue direct costs 2024-12,0,286539.26,-286539.26,USD,1.0,-286539.26,,,Bill,,QBO,False,0
7035,JE-7035,2024-12-31,2024-12,NWC,Northwind Cargo B.V.,5000,COGS - Purchased Transportation,Cost of Goods Sold,Cost of Goods Sold,COGS - Purchased Transportation - 2024-12,88676.11,0,88676.11,EUR,1.09,96656.96,Sentinel Freight Partners,,Bill,,QBO,False,0
7035,JE-7035,2024-12-31,2024-12,NWC,Northwind Cargo B.V.,5110,COGS - Customs Duties & Brokerage,Cost of Goods Sold,Cost of Goods Sold,COGS - Customs Duties & Brokerage - 2024-12,45324.07,0,45324.07,EUR,1.09,49403.24,Meridian Customs Brokers,,Bill,,QBO,False,0
7035,JE-7035,2024-12-31,2024-12,NWC,Northwind Cargo B.V.,5010,COGS - Owner Operator Settlements,Cost of Goods Sold,Cost of Goods Sold,COGS - Owner Operator Settlements - 2024-12,25678.07,0,25678.07,EUR,1.09,27989.09,Keystone Owner Operators LLC,,Bill,,QBO,False,0
7035,JE-7035,2024-12-31,2024-12,NWC,Northwind Cargo B.V.,5050,COGS - Temp & Contract Labor,Cost of Goods Sold,Cost of Goods Sold,COGS - Temp & Contract Labor - 2024-12,18377.45,0,18377.45,EUR,1.09,20031.42,Apex Staffing Solution,,Bill,,QBO,False,0
7035,JE-7035,2024-12-31,2024-12,NWC,Northwind Cargo B.V.,2000,Accounts Payable,Accounts Payable,Liability,Accrue direct costs 2024-12,0,178055.7,-178055.7,EUR,1.09,-194080.71,,,Bill,,QBO,False,0
7036,JE-7036,2024-12-31,2024-12,APX,Apex Warehousing LLC,5040,COGS - Warehouse Labor,Cost of Goods Sold,Cost of Goods Sold,COGS - Warehouse Labor - 2024-12,69700.53,0,69700.53,USD,1.0,69700.53,Warehouse Temps Direct,,Bill,,QBO,False,0
7036,JE-7036,2024-12-31,2024-12,APX,Apex Warehousing LLC,5050,COGS - Temp & Contract Labor,Cost of Goods Sold,Cost of Goods Sold,COGS - Temp & Contract Labor - 2024-12,29245.12,0,29245.12,USD,1.0,29245.12,Apex Staffing Solution,,Bill,,QBO,False,0
7036,JE-7036,2024-12-31,2024-12,APX,Apex Warehousing LLC,5060,COGS - Equipment Lease & Rental,Cost of Goods Sold,Cost of Goods Sold,COGS - Equipment Lease & Rental - 2024-12,19817.9,0,19817.9,USD,1.0,19817.9,Penske Equipment Leasing,,Bill,,QBO,False,0
7036,JE-7036,2024-12-31,2024-12,APX,Apex Warehousing LLC,5090,COGS - Cargo Claims & Damages,Cost of Goods Sold,Cost of Goods Sold,COGS - Cargo Claims & Damages - 2024-12,9172.38,0,9172.38,USD,1.0,9172.38,Cargo Claims Adjusters Inc,,Bill,,QBO,False,0
7036,JE-7036,2024-12-31,2024-12,APX,Apex Warehousing LLC,2000,Accounts Payable,Accounts Payable,Liability,Accrue direct costs 2024-12,0,127935.94,-127935.94,USD,1.0,-127935.94,,,Bill,,QBO,False,0
7037,JE-7037,2024-12-31,2024-12,NWC,Northwind Cargo B.V.,7030,Unrealized FX Gain / (Loss),Other Income,Revenue,Unrealized FX revaluation EUR/USD 2024-12,0,36580.2,-36580.2,EUR,1.09,-39872.41,,,Journal Entry,,QBO,False,0
7037,JE-7037,2024-12-31,2024-12,NWC,Northwind Cargo B.V.,1100,Accounts Receivable,Accounts Receivable,Asset,AR revaluation 2024-12,36580.2,0,36580.2,EUR,1.09,39872.41,,,Journal Entry,,QBO,False,0
7038,JE-7038,2024-12-31,2024-12,MHG,Meridian Holdings Group LLC,1400,Due From Affiliates,Other Current Asset,Asset,IC management fee receivable - MLG Q4-2024,62821.86,0,62821.86,USD,1.0,62821.86,,,Journal Entry,,QBO,False,0
7038,JE-7038,2024-12-31,2024-12,MHG,Meridian Holdings Group LLC,1400,Due From Affiliates,Other Current Asset,Asset,IC management fee receivable - CFS Q4-2024,37896.37,0,37896.37,USD,1.0,37896.37,,,Journal Entry,,QBO,False,0
7038,JE-7038,2024-12-31,2024-12,MHG,Meridian Holdings Group LLC,1400,Due From Affiliates,Other Current Asset,Asset,IC management fee receivable - NWC Q4-2024,32409.02,0,32409.02,USD,1.0,32409.02,,,Journal Entry,,QBO,False,0
7038,JE-7038,2024-12-31,2024-12,MHG,Meridian Holdings Group LLC,1400,Due From Affiliates,Other Current Asset,Asset,IC management fee receivable - APX Q4-2024,19477.71,0,19477.71,USD,1.0,19477.71,,,Journal Entry,,QBO,False,0
7038,JE-7038,2024-12-31,2024-12,MHG,Meridian Holdings Group LLC,4950,Intercompany Management Fee Income,Income,Revenue,IC management fee income Q4-2024,0,152604.96,-152604.96,USD,1.0,-152604.96,,,Journal Entry,,QBO,False,0
7039,JE-7039,2024-12-31,2024-12,MLG,Meridian Logistics LLC,6800,Intercompany Management Fee Expense,Expense,Expense,IC management fee - MHG Q4-2024,62821.86,0,62821.86,USD,1.0,62821.86,,,Journal Entry,,QBO,False,0
7039,JE-7039,2024-12-31,2024-12,MLG,Meridian Logistics LLC,2200,Due To Affiliates,Other Current Liability,Liability,IC payable - MHG Q4-2024,0,62821.86,-62821.86,USD,1.0,-62821.86,,,Journal Entry,,QBO,False,0
7040,JE-7040,2024-12-31,2024-12,CFS,Cascade Freight Systems Inc,6800,Intercompany Management Fee Expense,Expense,Expense,IC management fee - MHG Q4-2024,37896.37,0,37896.37,USD,1.0,37896.37,,,Journal Entry,,QBO,False,0
7040,JE-7040,2024-12-31,2024-12,CFS,Cascade Freight Systems Inc,2200,Due To Affiliates,Other Current Liability,Liability,IC payable - MHG Q4-2024,0,37896.37,-37896.37,USD,1.0,-37896.37,,,Journal Entry,,QBO,False,0
7041,JE-7041,2024-12-31,2024-12,NWC,Northwind Cargo B.V.,6800,Intercompany Management Fee Expense,Expense,Expense,IC management fee - MHG Q4-2024,29733.05,0,29733.05,EUR,1.09,32409.02,,,Journal Entry,,QBO,False,0
7041,JE-7041,2024-12-31,2024-12,NWC,Northwind Cargo B.V.,2200,Due To Affiliates,Other Current Liability,Liability,IC payable - MHG Q4-2024,0,29733.05,-29733.05,EUR,1.09,-32409.02,,,Journal Entry,,QBO,False,0
7042,JE-7042,2024-12-31,2024-12,APX,Apex Warehousing LLC,6800,Intercompany Management Fee Expense,Expense,Expense,IC management fee - MHG Q4-2024,19477.71,0,19477.71,USD,1.0,19477.71,,,Journal Entry,,QBO,False,0
7042,JE-7042,2024-12-31,2024-12,APX,Apex Warehousing LLC,2200,Due To Affiliates,Other Current Liability,Liability,IC payable - MHG Q4-2024,0,19477.71,-19477.71,USD,1.0,-19477.71,,,Journal Entry,,QBO,False,0
7043,JE-7043,2024-12-31,2024-12,MLG,Meridian Logistics LLC,4000,Revenue - Freight Brokerage,Income,Revenue,Reclass fuel surcharge out of line-haul Q4-2024,212998.29,0,212998.29,USD,1.0,212998.29,,,Journal Entry,,QBO,False,0
7043,JE-7043,2024-12-31,2024-12,MLG,Meridian Logistics LLC,4070,Revenue - Fuel Surcharge,Income,Revenue,Fuel surcharge revenue Q4-2024,0,212998.29,-212998.29,USD,1.0,-212998.29,,,Journal Entry,,QBO,False,0
7044,JE-7044,2024-12-31,2024-12,CFS,Cascade Freight Systems Inc,4000,Revenue - Freight Brokerage,Income,Revenue,Reclass fuel surcharge out of line-haul Q4-2024,121380.53,0,121380.53,USD,1.0,121380.53,,,Journal Entry,,QBO,False,0
7044,JE-7044,2024-12-31,2024-12,CFS,Cascade Freight Systems Inc,4070,Revenue - Fuel Surcharge,Income,Revenue,Fuel surcharge revenue Q4-2024,0,121380.53,-121380.53,USD,1.0,-121380.53,,,Journal Entry,,QBO,False,0
7045,JE-7045,2024-12-31,2024-12,MLG,Meridian Logistics LLC,6700,Depreciation Expense,Expense,Expense,Depreciation & amortization - 6 months to 2024-12,129195.83,0,129195.83,USD,1.0,129195.83,,,Journal Entry,,QBO,False,0
7045,JE-7045,2024-12-31,2024-12,MLG,Meridian Logistics LLC,1590,Accumulated Depreciation,Fixed Asset,Asset,Accumulated depreciation,0,129195.83,-129195.83,USD,1.0,-129195.83,,,Journal Entry,,QBO,False,0
7046,JE-7046,2024-12-31,2024-12,CFS,Cascade Freight Systems Inc,6700,Depreciation Expense,Expense,Expense,Depreciation & amortization - 6 months to 2024-12,383798.27,0,383798.27,USD,1.0,383798.27,,,Journal Entry,,QBO,False,0
7046,JE-7046,2024-12-31,2024-12,CFS,Cascade Freight Systems Inc,1590,Accumulated Depreciation,Fixed Asset,Asset,Accumulated depreciation,0,383798.27,-383798.27,USD,1.0,-383798.27,,,Journal Entry,,QBO,False,0
7047,JE-7047,2024-12-31,2024-12,NWC,Northwind Cargo B.V.,6700,Depreciation Expense,Expense,Expense,Depreciation & amortization - 6 months to 2024-12,89204.88,0,89204.88,EUR,1.09,97233.32,,,Journal Entry,,QBO,False,0
7047,JE-7047,2024-12-31,2024-12,NWC,Northwind Cargo B.V.,1590,Accumulated Depreciation,Fixed Asset,Asset,Accumulated depreciation,0,89204.88,-89204.88,EUR,1.09,-97233.32,,,Journal Entry,,QBO,False,0
7048,JE-7048,2024-12-31,2024-12,APX,Apex Warehousing LLC,6700,Depreciation Expense,Expense,Expense,Depreciation & amortization - 6 months to 2024-12,258848.17,0,258848.17,USD,1.0,258848.17,,,Journal Entry,,QBO,False,0
7048,JE-7048,2024-12-31,2024-12,APX,Apex Warehousing LLC,1590,Accumulated Depreciation,Fixed Asset,Asset,Accumulated depreciation,0,258848.17,-258848.17,USD,1.0,-258848.17,,,Journal Entry,,QBO,False,0
7049,JE-7049,2024-12-31,2024-12,MLG,Meridian Logistics LLC,6610,Bad Debt Expense,Expense,Expense,Bad debt provision - FY2024,12373.8,0,12373.8,USD,1.0,12373.8,,,Journal Entry,,QBO,False,0
7049,JE-7049,2024-12-31,2024-12,MLG,Meridian Logistics LLC,1150,Allowance for Doubtful Accounts,Other Current Asset,Asset,Allowance for doubtful accounts,0,12373.8,-12373.8,USD,1.0,-12373.8,,,Journal Entry,,QBO,False,0
7050,JE-7050,2024-12-31,2024-12,CFS,Cascade Freight Systems Inc,6610,Bad Debt Expense,Expense,Expense,Bad debt provision - FY2024,2116.38,0,2116.38,USD,1.0,2116.38,,,Journal Entry,,QBO,False,0
7050,JE-7050,2024-12-31,2024-12,CFS,Cascade Freight Systems Inc,1150,Allowance for Doubtful Accounts,Other Current Asset,Asset,Allowance for doubtful accounts,0,2116.38,-2116.38,USD,1.0,-2116.38,,,Journal Entry,,QBO,False,0
7051,JE-7051,2024-12-31,2024-12,NWC,Northwind Cargo B.V.,6610,Bad Debt Expense,Expense,Expense,Bad debt provision - FY2024,5986.73,0,5986.73,EUR,1.09,6525.54,,,Journal Entry,,QBO,False,0
7051,JE-7051,2024-12-31,2024-12,NWC,Northwind Cargo B.V.,1150,Allowance for Doubtful Accounts,Other Current Asset,Asset,Allowance for doubtful accounts,0,5986.73,-5986.73,EUR,1.09,-6525.54,,,Journal Entry,,QBO,False,0
7052,JE-7052,2024-12-31,2024-12,APX,Apex Warehousing LLC,6610,Bad Debt Expense,Expense,Expense,Bad debt provision - FY2024,3872.76,0,3872.76,USD,1.0,3872.76,,,Journal Entry,,QBO,False,0
7052,JE-7052,2024-12-31,2024-12,APX,Apex Warehousing LLC,1150,Allowance for Doubtful Accounts,Other Current Asset,Asset,Allowance for doubtful accounts,0,3872.76,-3872.76,USD,1.0,-3872.76,,,Journal Entry,,QBO,False,0
7053,JE-7053,2025-01-31,2025-01,MLG,Meridian Logistics LLC,5000,COGS - Purchased Transportation,Cost of Goods Sold,Cost of Goods Sold,COGS - Purchased Transportation - 2025-01,299192.76,0,299192.76,USD,1.0,299192.76,Ridgeway Carrier Network,,Bill,,QBO,False,0
7053,JE-7053,2025-01-31,2025-01,MLG,Meridian Logistics LLC,5010,COGS - Owner Operator Settlements,Cost of Goods Sold,Cost of Goods Sold,COGS - Owner Operator Settlements - 2025-01,78820.83,0,78820.83,USD,1.0,78820.83,Keystone Owner Operators LLC,,Bill,,QBO,False,0
7053,JE-7053,2025-01-31,2025-01,MLG,Meridian Logistics LLC,5020,COGS - Fuel,Cost of Goods Sold,Cost of Goods Sold,COGS - Fuel - 2025-01,44461.44,0,44461.44,USD,1.0,44461.44,Fuel Express Supplier's,,Bill,,QBO,False,0
7053,JE-7053,2025-01-31,2025-01,MLG,Meridian Logistics LLC,5070,COGS - Maintenance & Repairs,Cost of Goods Sold,Cost of Goods Sold,COGS - Maintenance & Repairs - 2025-01,31586.68,0,31586.68,USD,1.0,31586.68,MidState Truck Repair,,Bill,,QBO,False,0
7053,JE-7053,2025-01-31,2025-01,MLG,Meridian Logistics LLC,2000,Accounts Payable,Accounts Payable,Liability,Accrue direct costs 2025-01,0,454061.71,-454061.71,USD,1.0,-454061.71,,,Bill,,QBO,False,0
7054,JE-7054,2025-01-31,2025-01,CFS,Cascade Freight Systems Inc,5000,COGS - Purchased Transportation,Cost of Goods Sold,Cost of Goods Sold,COGS - Purchased Transportation - 2025-01,73160.8,0,73160.8,USD,1.0,73160.8,Sentinel Freight Partners,,Bill,,QBO,False,0
7054,JE-7054,2025-01-31,2025-01,CFS,Cascade Freight Systems Inc,5020,COGS - Fuel,Cost of Goods Sold,Cost of Goods Sold,COGS - Fuel - 2025-01,70756.29,0,70756.29,USD,1.0,70756.29,Fuel Express Suppliers,,Bill,,QBO,False,0
7054,JE-7054,2025-01-31,2025-01,CFS,Cascade Freight Systems Inc,5030,COGS - Driver Wages,Cost of Goods Sold,Cost of Goods Sold,COGS - Driver Wages - 2025-01,85600.63,0,85600.63,USD,1.0,85600.63,,,Bill,,QBO,False,0
7054,JE-7054,2025-01-31,2025-01,CFS,Cascade Freight Systems Inc,5070,COGS - Maintenance & Repairs,Cost of Goods Sold,Cost of Goods Sold,COGS - Maintenance & Repairs - 2025-01,30208.0,0,30208.0,USD,1.0,30208.0,MidState Truck Repair,,Bill,,QBO,False,0
7054,JE-7054,2025-01-31,2025-01,CFS,Cascade Freight Systems Inc,2000,Accounts Payable,Accounts Payable,Liability,Accrue direct costs 2025-01,0,259725.72,-259725.72,USD,1.0,-259725.72,,,Bill,,QBO,False,0
7055,JE-7055,2025-01-31,2025-01,NWC,Northwind Cargo B.V.,5000,COGS - Purchased Transportation,Cost of Goods Sold,Cost of Goods Sold,COGS - Purchased Transportation - 2025-01,85702.69,0,85702.69,EUR,1.09,93415.93,Trans-Atlantic Line Haul BV,,Bill,,QBO,False,0
7055,JE-7055,2025-01-31,2025-01,NWC,Northwind Cargo B.V.,5110,COGS - Customs Duties & Brokerage,Cost of Goods Sold,Cost of Goods Sold,COGS - Customs Duties & Brokerage - 2025-01,44539.16,0,44539.16,EUR,1.09,48547.69,Meridian Customs Brokers,,Bill,,QBO,False,0
7055,JE-7055,2025-01-31,2025-01,NWC,Northwind Cargo B.V.,5010,COGS - Owner Operator Settlements,Cost of Goods Sold,Cost of Goods Sold,COGS - Owner Operator Settlements - 2025-01,23863.5,0,23863.5,EUR,1.09,26011.21,Keystone Owner Operators LLC,,Bill,,QBO,False,0
7055,JE-7055,2025-01-31,2025-01,NWC,Northwind Cargo B.V.,5050,COGS - Temp & Contract Labor,Cost of Goods Sold,Cost of Goods Sold,COGS - Temp & Contract Labor - 2025-01,16517.18,0,16517.18,EUR,1.09,18003.72,Apex Staffing Solution,,Bill,,QBO,False,0
7055,JE-7055,2025-01-31,2025-01,NWC,Northwind Cargo B.V.,2000,Accounts Payable,Accounts Payable,Liability,Accrue direct costs 2025-01,0,170622.53,-170622.53,EUR,1.09,-185978.55,,,Bill,,QBO,False,0
7056,JE-7056,2025-01-31,2025-01,APX,Apex Warehousing LLC,5040,COGS - Warehouse Labor,Cost of Goods Sold,Cost of Goods Sold,COGS - Warehouse Labor - 2025-01,68131.7,0,68131.7,USD,1.0,68131.7,Warehouse Temps Direct,,Bill,,QBO,False,0
7056,JE-7056,2025-01-31,2025-01,APX,Apex Warehousing LLC,5050,COGS - Temp & Contract Labor,Cost of Goods Sold,Cost of Goods Sold,COGS - Temp & Contract Labor - 2025-01,25967.65,0,25967.65,USD,1.0,25967.65,Apex Staffing Solution,,Bill,,QBO,False,0
7056,JE-7056,2025-01-31,2025-01,APX,Apex Warehousing LLC,5060,COGS - Equipment Lease & Rental,Cost of Goods Sold,Cost of Goods Sold,COGS - Equipment Lease & Rental - 2025-01,20286.59,0,20286.59,USD,1.0,20286.59,Penske Equipment Leasing,,Bill,,QBO,False,0
7056,JE-7056,2025-01-31,2025-01,APX,Apex Warehousing LLC,5090,COGS - Cargo Claims & Damages,Cost of Goods Sold,Cost of Goods Sold,COGS - Cargo Claims & Damages - 2025-01,8847.94,0,8847.94,USD,1.0,8847.94,Cargo Claims Adjusters Inc,,Bill,,QBO,False,0
7056,JE-7056,2025-01-31,2025-01,APX,Apex Warehousing LLC,2000,Accounts Payable,Accounts Payable,Liability,Accrue direct costs 2025-01,0,123233.88,-123233.88,USD,1.0,-123233.88,,,Bill,,QBO,False,0
7057,JE-7057,2025-01-31,2025-01,NWC,Northwind Cargo B.V.,7030,Unrealized FX Gain / (Loss),Other Income,Revenue,Unrealized FX revaluation EUR/USD 2025-01,26923.44,0,26923.44,EUR,1.09,29346.55,,,Journal Entry,,QBO,False,0
7057,JE-7057,2025-01-31,2025-01,NWC,Northwind Cargo B.V.,1100,Accounts Receivable,Accounts Receivable,Asset,AR revaluation 2025-01,0,26923.44,-26923.44,EUR,1.09,-29346.55,,,Journal Entry,,QBO,False,0
7058,JE-7058,2025-02-28,2025-02,MLG,Meridian Logistics LLC,5000,COGS - Purchased Transportation,Cost of Goods Sold,Cost of Goods Sold,COGS - Purchased Transportation - 2025-02,336235.82,0,336235.82,USD,1.0,336235.82,Trans-Atlantic Line Haul BV,,Bill,,QBO,False,0
7058,JE-7058,2025-02-28,2025-02,MLG,Meridian Logistics LLC,5010,COGS - Owner Operator Settlements,Cost of Goods Sold,Cost of Goods Sold,COGS - Owner Operator Settlements - 2025-02,83637.39,0,83637.39,USD,1.0,83637.39,Keystone Owner Operators LLC,,Bill,,QBO,False,0
7058,JE-7058,2025-02-28,2025-02,MLG,Meridian Logistics LLC,5020,COGS - Fuel,Cost of Goods Sold,Cost of Goods Sold,COGS - Fuel - 2025-02,49923.31,0,49923.31,USD,1.0,49923.31,FUEL EXPRESS SUPPLIERS INC,,Bill,,QBO,False,0
7058,JE-7058,2025-02-28,2025-02,MLG,Meridian Logistics LLC,5070,COGS - Maintenance & Repairs,Cost of Goods Sold,Cost of Goods Sold,COGS - Maintenance & Repairs - 2025-02,34425.84,0,34425.84,USD,1.0,34425.84,MidState Truck Repair,,Bill,,QBO,False,0
7058,JE-7058,2025-02-28,2025-02,MLG,Meridian Logistics LLC,2000,Accounts Payable,Accounts Payable,Liability,Accrue direct costs 2025-02,0,504222.35,-504222.35,USD,1.0,-504222.35,,,Bill,,QBO,False,0
7059,JE-7059,2025-02-28,2025-02,CFS,Cascade Freight Systems Inc,5000,COGS - Purchased Transportation,Cost of Goods Sold,Cost of Goods Sold,COGS - Purchased Transportation - 2025-02,84260.63,0,84260.63,USD,1.0,84260.63,Sentinel Freight Partners,,Bill,,QBO,False,0
7059,JE-7059,2025-02-28,2025-02,CFS,Cascade Freight Systems Inc,5020,COGS - Fuel,Cost of Goods Sold,Cost of Goods Sold,COGS - Fuel - 2025-02,83395.02,0,83395.02,USD,1.0,83395.02,Fuel Express Supplier's,,Bill,,QBO,False,0
7059,JE-7059,2025-02-28,2025-02,CFS,Cascade Freight Systems Inc,5030,COGS - Driver Wages,Cost of Goods Sold,Cost of Goods Sold,COGS - Driver Wages - 2025-02,89975.27,0,89975.27,USD,1.0,89975.27,,,Bill,,QBO,False,0
7059,JE-7059,2025-02-28,2025-02,CFS,Cascade Freight Systems Inc,5070,COGS - Maintenance & Repairs,Cost of Goods Sold,Cost of Goods Sold,COGS - Maintenance & Repairs - 2025-02,32252.46,0,32252.46,USD,1.0,32252.46,MidState Truck Repair,,Bill,,QBO,False,0
7059,JE-7059,2025-02-28,2025-02,CFS,Cascade Freight Systems Inc,2000,Accounts Payable,Accounts Payable,Liability,Accrue direct costs 2025-02,0,289883.37,-289883.37,USD,1.0,-289883.37,,,Bill,,QBO,False,0
7060,JE-7060,2025-02-28,2025-02,NWC,Northwind Cargo B.V.,5000,COGS - Purchased Transportation,Cost of Goods Sold,Cost of Goods Sold,COGS - Purchased Transportation - 2025-02,89199.27,0,89199.27,EUR,1.09,97227.21,Trans-Atlantic Line Haul BV,,Bill,,QBO,False,0
7060,JE-7060,2025-02-28,2025-02,NWC,Northwind Cargo B.V.,5110,COGS - Customs Duties & Brokerage,Cost of Goods Sold,Cost of Goods Sold,COGS - Customs Duties & Brokerage - 2025-02,47589.35,0,47589.35,EUR,1.09,51872.39,Meridian Customs Brokers,,Bill,,QBO,False,0
7060,JE-7060,2025-02-28,2025-02,NWC,Northwind Cargo B.V.,5010,COGS - Owner Operator Settlements,Cost of Goods Sold,Cost of Goods Sold,COGS - Owner Operator Settlements - 2025-02,25164.8,0,25164.8,EUR,1.09,27429.63,Keystone Owner Operators LLC,,Bill,,QBO,False,0
7060,JE-7060,2025-02-28,2025-02,NWC,Northwind Cargo B.V.,5050,COGS - Temp & Contract Labor,Cost of Goods Sold,Cost of Goods Sold,COGS - Temp & Contract Labor - 2025-02,17573.86,0,17573.86,EUR,1.09,19155.51,Apex Staffing Solutions,,Bill,,QBO,False,0
7060,JE-7060,2025-02-28,2025-02,NWC,Northwind Cargo B.V.,2000,Accounts Payable,Accounts Payable,Liability,Accrue direct costs 2025-02,0,179527.28,-179527.28,EUR,1.09,-195684.73,,,Bill,,QBO,False,0
7061,JE-7061,2025-02-28,2025-02,APX,Apex Warehousing LLC,5040,COGS - Warehouse Labor,Cost of Goods Sold,Cost of Goods Sold,COGS - Warehouse Labor - 2025-02,68179.07,0,68179.07,USD,1.0,68179.07,Warehouse Temps Direct,,Bill,,QBO,False,0
7061,JE-7061,2025-02-28,2025-02,APX,Apex Warehousing LLC,5050,COGS - Temp & Contract Labor,Cost of Goods Sold,Cost of Goods Sold,COGS - Temp & Contract Labor - 2025-02,25959.06,0,25959.06,USD,1.0,25959.06,Apex Staffing Solutions,,Bill,,QBO,False,0
7061,JE-7061,2025-02-28,2025-02,APX,Apex Warehousing LLC,5060,COGS - Equipment Lease & Rental,Cost of Goods Sold,Cost of Goods Sold,COGS - Equipment Lease & Rental - 2025-02,19253.85,0,19253.85,USD,1.0,19253.85,Penske Equipment Leasing,,Bill,,QBO,False,0
7061,JE-7061,2025-02-28,2025-02,APX,Apex Warehousing LLC,5090,COGS - Cargo Claims & Damages,Cost of Goods Sold,Cost of Goods Sold,COGS - Cargo Claims & Damages - 2025-02,8999.53,0,8999.53,USD,1.0,8999.53,Cargo Claims Adjusters Inc,,Bill,,QBO,False,0
7061,JE-7061,2025-02-28,2025-02,APX,Apex Warehousing LLC,2000,Accounts Payable,Accounts Payable,Liability,Accrue direct costs 2025-02,0,122391.51,-122391.51,USD,1.0,-122391.51,,,Bill,,QBO,False,0
7062,JE-7062,2025-03-31,2025-03,MLG,Meridian Logistics LLC,5000,COGS - Purchased Transportation,Cost of Goods Sold,Cost of Goods Sold,COGS - Purchased Transportation - 2025-03,344887.93,0,344887.93,USD,1.0,344887.93,Ridgeway Carrier Network,,Bill,,QBO,False,0
7062,JE-7062,2025-03-31,2025-03,MLG,Meridian Logistics LLC,5010,COGS - Owner Operator Settlements,Cost of Goods Sold,Cost of Goods Sold,COGS - Owner Operator Settlements - 2025-03,84829.61,0,84829.61,USD,1.0,84829.61,Keystone Owner Operators LLC,,Bill,,QBO,False,0
7062,JE-7062,2025-03-31,2025-03,MLG,Meridian Logistics LLC,5020,COGS - Fuel,Cost of Goods Sold,Cost of Goods Sold,COGS - Fuel - 2025-03,48203.64,0,48203.64,USD,1.0,48203.64,FUEL EXPRESS SUPPLIERS INC,,Bill,,QBO,False,0
7062,JE-7062,2025-03-31,2025-03,MLG,Meridian Logistics LLC,5070,COGS - Maintenance & Repairs,Cost of Goods Sold,Cost of Goods Sold,COGS - Maintenance & Repairs - 2025-03,36021.08,0,36021.08,USD,1.0,36021.08,MidState Truck Repair,,Bill,,QBO,False,0
7062,JE-7062,2025-03-31,2025-03,MLG,Meridian Logistics LLC,2000,Accounts Payable,Accounts Payable,Liability,Accrue direct costs 2025-03,0,513942.25,-513942.25,USD,1.0,-513942.25,,,Bill,,QBO,False,0
7063,JE-7063,2025-03-31,2025-03,CFS,Cascade Freight Systems Inc,5000,COGS - Purchased Transportation,Cost of Goods Sold,Cost of Goods Sold,COGS - Purchased Transportation - 2025-03,88203.26,0,88203.26,USD,1.0,88203.26,Ridgeway Carrier Network,,Bill,,QBO,False,0
7063,JE-7063,2025-03-31,2025-03,CFS,Cascade Freight Systems Inc,5020,COGS - Fuel,Cost of Goods Sold,Cost of Goods Sold,COGS - Fuel - 2025-03,85605.54,0,85605.54,USD,1.0,85605.54,FUEL EXPRESS SUPPLIERS INC,,Bill,,QBO,False,0
7063,JE-7063,2025-03-31,2025-03,CFS,Cascade Freight Systems Inc,5030,COGS - Driver Wages,Cost of Goods Sold,Cost of Goods Sold,COGS - Driver Wages - 2025-03,94471.61,0,94471.61,USD,1.0,94471.61,,,Bill,,QBO,False,0
7063,JE-7063,2025-03-31,2025-03,CFS,Cascade Freight Systems Inc,5070,COGS - Maintenance & Repairs,Cost of Goods Sold,Cost of Goods Sold,COGS - Maintenance & Repairs - 2025-03,33367.42,0,33367.42,USD,1.0,33367.42,MidState Truck Repair,,Bill,,QBO,False,0
7063,JE-7063,2025-03-31,2025-03,CFS,Cascade Freight Systems Inc,2000,Accounts Payable,Accounts Payable,Liability,Accrue direct costs 2025-03,0,301647.83,-301647.83,USD,1.0,-301647.83,,,Bill,,QBO,False,0
7064,JE-7064,2025-03-31,2025-03,NWC,Northwind Cargo B.V.,5000,COGS - Purchased Transportation,Cost of Goods Sold,Cost of Goods Sold,COGS - Purchased Transportation - 2025-03,92088.22,0,92088.22,EUR,1.09,100376.16,Ridgeway Carrier Network,,Bill,,QBO,False,0
7064,JE-7064,2025-03-31,2025-03,NWC,Northwind Cargo B.V.,5110,COGS - Customs Duties & Brokerage,Cost of Goods Sold,Cost of Goods Sold,COGS - Customs Duties & Brokerage - 2025-03,51466.56,0,51466.56,EUR,1.09,56098.55,Meridian Customs Brokers,,Bill,,QBO,False,0
7064,JE-7064,2025-03-31,2025-03,NWC,Northwind Cargo B.V.,5010,COGS - Owner Operator Settlements,Cost of Goods Sold,Cost of Goods Sold,COGS - Owner Operator Settlements - 2025-03,26699.55,0,26699.55,EUR,1.09,29102.51,Keystone Owner Operators LLC,,Bill,,QBO,False,0
7064,JE-7064,2025-03-31,2025-03,NWC,Northwind Cargo B.V.,5050,COGS - Temp & Contract Labor,Cost of Goods Sold,Cost of Goods Sold,COGS - Temp & Contract Labor - 2025-03,19585.62,0,19585.62,EUR,1.09,21348.32,Apex Staffing Solution,,Bill,,QBO,False,0
7064,JE-7064,2025-03-31,2025-03,NWC,Northwind Cargo B.V.,2000,Accounts Payable,Accounts Payable,Liability,Accrue direct costs 2025-03,0,189839.95,-189839.95,EUR,1.09,-206925.55,,,Bill,,QBO,False,0
7065,JE-7065,2025-03-31,2025-03,APX,Apex Warehousing LLC,5040,COGS - Warehouse Labor,Cost of Goods Sold,Cost of Goods Sold,COGS - Warehouse Labor - 2025-03,77467.53,0,77467.53,USD,1.0,77467.53,Warehouse Temps Direct,,Bill,,QBO,False,0
7065,JE-7065,2025-03-31,2025-03,APX,Apex Warehousing LLC,5050,COGS - Temp & Contract Labor,Cost of Goods Sold,Cost of Goods Sold,COGS - Temp & Contract Labor - 2025-03,31093.17,0,31093.17,USD,1.0,31093.17,Apex Staffing Solution,,Bill,,QBO,False,0
7065,JE-7065,2025-03-31,2025-03,APX,Apex Warehousing LLC,5060,COGS - Equipment Lease & Rental,Cost of Goods Sold,Cost of Goods Sold,COGS - Equipment Lease & Rental - 2025-03,23205.22,0,23205.22,USD,1.0,23205.22,Penske Equipment Leasing,,Bill,,QBO,False,0
7065,JE-7065,2025-03-31,2025-03,APX,Apex Warehousing LLC,5090,COGS - Cargo Claims & Damages,Cost of Goods Sold,Cost of Goods Sold,COGS - Cargo Claims & Damages - 2025-03,9988.47,0,9988.47,USD,1.0,9988.47,Cargo Claims Adjusters Inc,,Bill,,QBO,False,0
7065,JE-7065,2025-03-31,2025-03,APX,Apex Warehousing LLC,2000,Accounts Payable,Accounts Payable,Liability,Accrue direct costs 2025-03,0,141754.39,-141754.39,USD,1.0,-141754.39,,,Bill,,QBO,False,0
7066,JE-7066,2025-03-31,2025-03,MHG,Meridian Holdings Group LLC,1400,Due From Affiliates,Other Current Asset,Asset,IC management fee receivable - MLG Q1-2025,61443.91,0,61443.91,USD,1.0,61443.91,,,Journal Entry,,QBO,False,0
7066,JE-7066,2025-03-31,2025-03,MHG,Meridian Holdings Group LLC,1400,Due From Affiliates,Other Current Asset,Asset,IC management fee receivable - CFS Q1-2025,35783.23,0,35783.23,USD,1.0,35783.23,,,Journal Entry,,QBO,False,0
7066,JE-7066,2025-03-31,2025-03,MHG,Meridian Holdings Group LLC,1400,Due From Affiliates,Other Current Asset,Asset,IC management fee receivable - NWC Q1-2025,33432.49,0,33432.49,USD,1.0,33432.49,,,Journal Entry,,QBO,False,0
7066,JE-7066,2025-03-31,2025-03,MHG,Meridian Holdings Group LLC,1400,Due From Affiliates,Other Current Asset,Asset,IC management fee receivable - APX Q1-2025,20260.57,0,20260.57,USD,1.0,20260.57,,,Journal Entry,,QBO,False,0
7066,JE-7066,2025-03-31,2025-03,MHG,Meridian Holdings Group LLC,4950,Intercompany Management Fee Income,Income,Revenue,IC management fee income Q1-2025,0,150920.2,-150920.2,USD,1.0,-150920.2,,,Journal Entry,,QBO,False,0
7067,JE-7067,2025-03-31,2025-03,MLG,Meridian Logistics LLC,6800,Intercompany Management Fee Expense,Expense,Expense,IC management fee - MHG Q1-2025,61443.91,0,61443.91,USD,1.0,61443.91,,,Journal Entry,,QBO,False,0
7067,JE-7067,2025-03-31,2025-03,MLG,Meridian Logistics LLC,2200,Due To Affiliates,Other Current Liability,Liability,IC payable - MHG Q1-2025,0,61443.91,-61443.91,USD,1.0,-61443.91,,,Journal Entry,,QBO,False,0
7068,JE-7068,2025-03-31,2025-03,CFS,Cascade Freight Systems Inc,6800,Intercompany Management Fee Expense,Expense,Expense,IC management fee - MHG Q1-2025,35783.23,0,35783.23,USD,1.0,35783.23,,,Journal Entry,,QBO,False,0
7068,JE-7068,2025-03-31,2025-03,CFS,Cascade Freight Systems Inc,2200,Due To Affiliates,Other Current Liability,Liability,IC payable - MHG Q1-2025,0,35783.23,-35783.23,USD,1.0,-35783.23,,,Journal Entry,,QBO,False,0
7069,JE-7069,2025-03-31,2025-03,NWC,Northwind Cargo B.V.,6800,Intercompany Management Fee Expense,Expense,Expense,IC management fee - MHG Q1-2025,30672.01,0,30672.01,EUR,1.09,33432.49,,,Journal Entry,,QBO,False,0
7069,JE-7069,2025-03-31,2025-03,NWC,Northwind Cargo B.V.,2200,Due To Affiliates,Other Current Liability,Liability,IC payable - MHG Q1-2025,0,30672.01,-30672.01,EUR,1.09,-33432.49,,,Journal Entry,,QBO,False,0
7070,JE-7070,2025-03-31,2025-03,APX,Apex Warehousing LLC,6800,Intercompany Management Fee Expense,Expense,Expense,IC management fee - MHG Q1-2025,20260.57,0,20260.57,USD,1.0,20260.57,,,Journal Entry,,QBO,False,0
7070,JE-7070,2025-03-31,2025-03,APX,Apex Warehousing LLC,2200,Due To Affiliates,Other Current Liability,Liability,IC payable - MHG Q1-2025,0,20260.57,-20260.57,USD,1.0,-20260.57,,,Journal Entry,,QBO,False,0
7071,JE-7071,2025-03-31,2025-03,MLG,Meridian Logistics LLC,4000,Revenue - Freight Brokerage,Income,Revenue,Reclass fuel surcharge out of line-haul Q1-2025,184716.24,0,184716.24,USD,1.0,184716.24,,,Journal Entry,,QBO,False,0
7071,JE-7071,2025-03-31,2025-03,MLG,Meridian Logistics LLC,4070,Revenue - Fuel Surcharge,Income,Revenue,Fuel surcharge revenue Q1-2025,0,184716.24,-184716.24,USD,1.0,-184716.24,,,Journal Entry,,QBO,False,0
7072,JE-7072,2025-03-31,2025-03,CFS,Cascade Freight Systems Inc,4000,Revenue - Freight Brokerage,Income,Revenue,Reclass fuel surcharge out of line-haul Q1-2025,152454.27,0,152454.27,USD,1.0,152454.27,,,Journal Entry,,QBO,False,0
7072,JE-7072,2025-03-31,2025-03,CFS,Cascade Freight Systems Inc,4070,Revenue - Fuel Surcharge,Income,Revenue,Fuel surcharge revenue Q1-2025,0,152454.27,-152454.27,USD,1.0,-152454.27,,,Journal Entry,,QBO,False,0
7073,JE-7073,2025-04-30,2025-04,MLG,Meridian Logistics LLC,5000,COGS - Purchased Transportation,Cost of Goods Sold,Cost of Goods Sold,COGS - Purchased Transportation - 2025-04,340578.89,0,340578.89,USD,1.0,340578.89,Ridgeway Carrier Network,,Bill,,QBO,False,0
7073,JE-7073,2025-04-30,2025-04,MLG,Meridian Logistics LLC,5010,COGS - Owner Operator Settlements,Cost of Goods Sold,Cost of Goods Sold,COGS - Owner Operator Settlements - 2025-04,89909.3,0,89909.3,USD,1.0,89909.3,Keystone Owner Operators LLC,,Bill,,QBO,False,0
7073,JE-7073,2025-04-30,2025-04,MLG,Meridian Logistics LLC,5020,COGS - Fuel,Cost of Goods Sold,Cost of Goods Sold,COGS - Fuel - 2025-04,51084.88,0,51084.88,USD,1.0,51084.88,Fuel Express Suppliers,,Bill,,QBO,False,0
7073,JE-7073,2025-04-30,2025-04,MLG,Meridian Logistics LLC,5070,COGS - Maintenance & Repairs,Cost of Goods Sold,Cost of Goods Sold,COGS - Maintenance & Repairs - 2025-04,38448.82,0,38448.82,USD,1.0,38448.82,MidState Truck Repair,,Bill,,QBO,False,0
7073,JE-7073,2025-04-30,2025-04,MLG,Meridian Logistics LLC,2000,Accounts Payable,Accounts Payable,Liability,Accrue direct costs 2025-04,0,520021.89,-520021.89,USD,1.0,-520021.89,,,Bill,,QBO,False,0
7074,JE-7074,2025-04-30,2025-04,CFS,Cascade Freight Systems Inc,5000,COGS - Purchased Transportation,Cost of Goods Sold,Cost of Goods Sold,COGS - Purchased Transportation - 2025-04,91984.01,0,91984.01,USD,1.0,91984.01,Sentinel Freight Partners,,Bill,,QBO,False,0
7074,JE-7074,2025-04-30,2025-04,CFS,Cascade Freight Systems Inc,5020,COGS - Fuel,Cost of Goods Sold,Cost of Goods Sold,COGS - Fuel - 2025-04,98072.16,0,98072.16,USD,1.0,98072.16,Fuel Express Suppliers,,Bill,,QBO,False,0
7074,JE-7074,2025-04-30,2025-04,CFS,Cascade Freight Systems Inc,5030,COGS - Driver Wages,Cost of Goods Sold,Cost of Goods Sold,COGS - Driver Wages - 2025-04,97191.46,0,97191.46,USD,1.0,97191.46,,,Bill,,QBO,False,0
7074,JE-7074,2025-04-30,2025-04,CFS,Cascade Freight Systems Inc,5070,COGS - Maintenance & Repairs,Cost of Goods Sold,Cost of Goods Sold,COGS - Maintenance & Repairs - 2025-04,39376.97,0,39376.97,USD,1.0,39376.97,MidState Truck Repair,,Bill,,QBO,False,0
7074,JE-7074,2025-04-30,2025-04,CFS,Cascade Freight Systems Inc,2000,Accounts Payable,Accounts Payable,Liability,Accrue direct costs 2025-04,0,326624.6,-326624.6,USD,1.0,-326624.6,,,Bill,,QBO,False,0
7075,JE-7075,2025-04-30,2025-04,NWC,Northwind Cargo B.V.,5000,COGS - Purchased Transportation,Cost of Goods Sold,Cost of Goods Sold,COGS - Purchased Transportation - 2025-04,98618.31,0,98618.31,EUR,1.09,107493.95,Ridgeway Carrier Network,,Bill,,QBO,False,0
7075,JE-7075,2025-04-30,2025-04,NWC,Northwind Cargo B.V.,5110,COGS - Customs Duties & Brokerage,Cost of Goods Sold,Cost of Goods Sold,COGS - Customs Duties & Brokerage - 2025-04,51924.83,0,51924.83,EUR,1.09,56598.06,Meridian Customs Brokers,,Bill,,QBO,False,0
7075,JE-7075,2025-04-30,2025-04,NWC,Northwind Cargo B.V.,5010,COGS - Owner Operator Settlements,Cost of Goods Sold,Cost of Goods Sold,COGS - Owner Operator Settlements - 2025-04,28329.5,0,28329.5,EUR,1.09,30879.15,Keystone Owner Operators LLC,,Bill,,QBO,False,0
7075,JE-7075,2025-04-30,2025-04,NWC,Northwind Cargo B.V.,5050,COGS - Temp & Contract Labor,Cost of Goods Sold,Cost of Goods Sold,COGS - Temp & Contract Labor - 2025-04,19507.75,0,19507.75,EUR,1.09,21263.44,Apex Staffing Solutions,,Bill,,QBO,False,0
7075,JE-7075,2025-04-30,2025-04,NWC,Northwind Cargo B.V.,2000,Accounts Payable,Accounts Payable,Liability,Accrue direct costs 2025-04,0,198380.38,-198380.38,EUR,1.09,-216234.62,,,Bill,,QBO,False,0
7076,JE-7076,2025-04-30,2025-04,APX,Apex Warehousing LLC,5040,COGS - Warehouse Labor,Cost of Goods Sold,Cost of Goods Sold,COGS - Warehouse Labor - 2025-04,75300.84,0,75300.84,USD,1.0,75300.84,Warehouse Temps Direct,,Bill,,QBO,False,0
7076,JE-7076,2025-04-30,2025-04,APX,Apex Warehousing LLC,5050,COGS - Temp & Contract Labor,Cost of Goods Sold,Cost of Goods Sold,COGS - Temp & Contract Labor - 2025-04,31079.82,0,31079.82,USD,1.0,31079.82,Apex Staffing Solution,,Bill,,QBO,False,0
7076,JE-7076,2025-04-30,2025-04,APX,Apex Warehousing LLC,5060,COGS - Equipment Lease & Rental,Cost of Goods Sold,Cost of Goods Sold,COGS - Equipment Lease & Rental - 2025-04,22025.82,0,22025.82,USD,1.0,22025.82,Penske Equipment Leasing,,Bill,,QBO,False,0
7076,JE-7076,2025-04-30,2025-04,APX,Apex Warehousing LLC,5090,COGS - Cargo Claims & Damages,Cost of Goods Sold,Cost of Goods Sold,COGS - Cargo Claims & Damages - 2025-04,10177.57,0,10177.57,USD,1.0,10177.57,Cargo Claims Adjusters Inc,,Bill,,QBO,False,0
7076,JE-7076,2025-04-30,2025-04,APX,Apex Warehousing LLC,2000,Accounts Payable,Accounts Payable,Liability,Accrue direct costs 2025-04,0,138584.04,-138584.04,USD,1.0,-138584.04,,,Bill,,QBO,False,0
7077,JE-7077,2025-04-30,2025-04,NWC,Northwind Cargo B.V.,7030,Unrealized FX Gain / (Loss),Other Income,Revenue,Unrealized FX revaluation EUR/USD 2025-04,3881.73,0,3881.73,EUR,1.09,4231.08,,,Journal Entry,,QBO,False,0
7077,JE-7077,2025-04-30,2025-04,NWC,Northwind Cargo B.V.,1100,Accounts Receivable,Accounts Receivable,Asset,AR revaluation 2025-04,0,3881.73,-3881.73,EUR,1.09,-4231.08,,,Journal Entry,,QBO,False,0
7078,JE-7078,2025-05-31,2025-05,MLG,Meridian Logistics LLC,5000,COGS - Purchased Transportation,Cost of Goods Sold,Cost of Goods Sold,COGS - Purchased Transportation - 2025-05,351122.14,0,351122.14,USD,1.0,351122.14,Ridgeway Carrier Network,,Bill,,QBO,False,0
7078,JE-7078,2025-05-31,2025-05,MLG,Meridian Logistics LLC,5010,COGS - Owner Operator Settlements,Cost of Goods Sold,Cost of Goods Sold,COGS - Owner Operator Settlements - 2025-05,84619.57,0,84619.57,USD,1.0,84619.57,Keystone Owner Operators LLC,,Bill,,QBO,False,0
7078,JE-7078,2025-05-31,2025-05,MLG,Meridian Logistics LLC,5020,COGS - Fuel,Cost of Goods Sold,Cost of Goods Sold,COGS - Fuel - 2025-05,51695.06,0,51695.06,USD,1.0,51695.06,Fuel Express Suppliers,,Bill,,QBO,False,0
7078,JE-7078,2025-05-31,2025-05,MLG,Meridian Logistics LLC,5070,COGS - Maintenance & Repairs,Cost of Goods Sold,Cost of Goods Sold,COGS - Maintenance & Repairs - 2025-05,37492.39,0,37492.39,USD,1.0,37492.39,MidState Truck Repair,,Bill,,QBO,False,0
7078,JE-7078,2025-05-31,2025-05,MLG,Meridian Logistics LLC,2000,Accounts Payable,Accounts Payable,Liability,Accrue direct costs 2025-05,0,524929.16,-524929.16,USD,1.0,-524929.16,,,Bill,,QBO,False,0
7079,JE-7079,2025-05-31,2025-05,CFS,Cascade Freight Systems Inc,5000,COGS - Purchased Transportation,Cost of Goods Sold,Cost of Goods Sold,COGS - Purchased Transportation - 2025-05,89331.57,0,89331.57,USD,1.0,89331.57,Trans-Atlantic Line Haul BV,,Bill,,QBO,False,0
7079,JE-7079,2025-05-31,2025-05,CFS,Cascade Freight Systems Inc,5020,COGS - Fuel,Cost of Goods Sold,Cost of Goods Sold,COGS - Fuel - 2025-05,92826.81,0,92826.81,USD,1.0,92826.81,FUEL EXPRESS SUPPLIERS INC,,Bill,,QBO,False,0
7079,JE-7079,2025-05-31,2025-05,CFS,Cascade Freight Systems Inc,5030,COGS - Driver Wages,Cost of Goods Sold,Cost of Goods Sold,COGS - Driver Wages - 2025-05,99386.7,0,99386.7,USD,1.0,99386.7,,,Bill,,QBO,False,0
7079,JE-7079,2025-05-31,2025-05,CFS,Cascade Freight Systems Inc,5070,COGS - Maintenance & Repairs,Cost of Goods Sold,Cost of Goods Sold,COGS - Maintenance & Repairs - 2025-05,35740.2,0,35740.2,USD,1.0,35740.2,MidState Truck Repair,,Bill,,QBO,False,0
7079,JE-7079,2025-05-31,2025-05,CFS,Cascade Freight Systems Inc,2000,Accounts Payable,Accounts Payable,Liability,Accrue direct costs 2025-05,0,317285.28,-317285.28,USD,1.0,-317285.28,,,Bill,,QBO,False,0
7080,JE-7080,2025-05-31,2025-05,NWC,Northwind Cargo B.V.,5000,COGS - Purchased Transportation,Cost of Goods Sold,Cost of Goods Sold,COGS - Purchased Transportation - 2025-05,96917.77,0,96917.77,EUR,1.09,105640.37,Ridgeway Carrier Network,,Bill,,QBO,False,0
7080,JE-7080,2025-05-31,2025-05,NWC,Northwind Cargo B.V.,5110,COGS - Customs Duties & Brokerage,Cost of Goods Sold,Cost of Goods Sold,COGS - Customs Duties & Brokerage - 2025-05,52444.65,0,52444.65,EUR,1.09,57164.67,Meridian Customs Brokers,,Bill,,QBO,False,0
7080,JE-7080,2025-05-31,2025-05,NWC,Northwind Cargo B.V.,5010,COGS - Owner Operator Settlements,Cost of Goods Sold,Cost of Goods Sold,COGS - Owner Operator Settlements - 2025-05,26485.5,0,26485.5,EUR,1.09,28869.2,Keystone Owner Operators LLC,,Bill,,QBO,False,0
7080,JE-7080,2025-05-31,2025-05,NWC,Northwind Cargo B.V.,5050,COGS - Temp & Contract Labor,Cost of Goods Sold,Cost of Goods Sold,COGS - Temp & Contract Labor - 2025-05,19829.72,0,19829.72,EUR,1.09,21614.4,Apex Staffing Solution,,Bill,,QBO,False,0
7080,JE-7080,2025-05-31,2025-05,NWC,Northwind Cargo B.V.,2000,Accounts Payable,Accounts Payable,Liability,Accrue direct costs 2025-05,0,195677.64,-195677.64,EUR,1.09,-213288.63,,,Bill,,QBO,False,0
7081,JE-7081,2025-05-31,2025-05,APX,Apex Warehousing LLC,5040,COGS - Warehouse Labor,Cost of Goods Sold,Cost of Goods Sold,COGS - Warehouse Labor - 2025-05,74233.57,0,74233.57,USD,1.0,74233.57,Warehouse Temps Direct,,Bill,,QBO,False,0
7081,JE-7081,2025-05-31,2025-05,APX,Apex Warehousing LLC,5050,COGS - Temp & Contract Labor,Cost of Goods Sold,Cost of Goods Sold,COGS - Temp & Contract Labor - 2025-05,32236.87,0,32236.87,USD,1.0,32236.87,Apex Staffing Solution,,Bill,,QBO,False,0
7081,JE-7081,2025-05-31,2025-05,APX,Apex Warehousing LLC,5060,COGS - Equipment Lease & Rental,Cost of Goods Sold,Cost of Goods Sold,COGS - Equipment Lease & Rental - 2025-05,22694.29,0,22694.29,USD,1.0,22694.29,Penske Equipment Leasing,,Bill,,QBO,False,0
7081,JE-7081,2025-05-31,2025-05,APX,Apex Warehousing LLC,5090,COGS - Cargo Claims & Damages,Cost of Goods Sold,Cost of Goods Sold,COGS - Cargo Claims & Damages - 2025-05,10071.28,0,10071.28,USD,1.0,10071.28,Cargo Claims Adjusters Inc,,Bill,,QBO,False,0
7081,JE-7081,2025-05-31,2025-05,APX,Apex Warehousing LLC,2000,Accounts Payable,Accounts Payable,Liability,Accrue direct costs 2025-05,0,139236.01,-139236.01,USD,1.0,-139236.01,,,Bill,,QBO,False,0
7082,JE-7082,2025-05-31,2025-05,NWC,Northwind Cargo B.V.,7030,Unrealized FX Gain / (Loss),Other Income,Revenue,Unrealized FX revaluation EUR/USD 2025-05,0,25123.4,-25123.4,EUR,1.09,-27384.51,,,Journal Entry,,QBO,False,0
7082,JE-7082,2025-05-31,2025-05,NWC,Northwind Cargo B.V.,1100,Accounts Receivable,Accounts Receivable,Asset,AR revaluation 2025-05,25123.4,0,25123.4,EUR,1.09,27384.51,,,Journal Entry,,QBO,False,0
7083,JE-7083,2025-06-30,2025-06,MLG,Meridian Logistics LLC,5000,COGS - Purchased Transportation,Cost of Goods Sold,Cost of Goods Sold,COGS - Purchased Transportation - 2025-06,296182.84,0,296182.84,USD,1.0,296182.84,Sentinel Freight Partners,,Bill,,QBO,False,0
7083,JE-7083,2025-06-30,2025-06,MLG,Meridian Logistics LLC,5010,COGS - Owner Operator Settlements,Cost of Goods Sold,Cost of Goods Sold,COGS - Owner Operator Settlements - 2025-06,76542.01,0,76542.01,USD,1.0,76542.01,Keystone Owner Operators LLC,,Bill,,QBO,False,0
7083,JE-7083,2025-06-30,2025-06,MLG,Meridian Logistics LLC,5020,COGS - Fuel,Cost of Goods Sold,Cost of Goods Sold,COGS - Fuel - 2025-06,44912.05,0,44912.05,USD,1.0,44912.05,FUEL EXPRESS SUPPLIERS INC,,Bill,,QBO,False,0
7083,JE-7083,2025-06-30,2025-06,MLG,Meridian Logistics LLC,5070,COGS - Maintenance & Repairs,Cost of Goods Sold,Cost of Goods Sold,COGS - Maintenance & Repairs - 2025-06,32802.2,0,32802.2,USD,1.0,32802.2,MidState Truck Repair,,Bill,,QBO,False,0
7083,JE-7083,2025-06-30,2025-06,MLG,Meridian Logistics LLC,2000,Accounts Payable,Accounts Payable,Liability,Accrue direct costs 2025-06,0,450439.11,-450439.11,USD,1.0,-450439.11,,,Bill,,QBO,False,0
7084,JE-7084,2025-06-30,2025-06,CFS,Cascade Freight Systems Inc,5000,COGS - Purchased Transportation,Cost of Goods Sold,Cost of Goods Sold,COGS - Purchased Transportation - 2025-06,79372.39,0,79372.39,USD,1.0,79372.39,Ridgeway Carrier Network,,Bill,,QBO,False,0
7084,JE-7084,2025-06-30,2025-06,CFS,Cascade Freight Systems Inc,5020,COGS - Fuel,Cost of Goods Sold,Cost of Goods Sold,COGS - Fuel - 2025-06,83860.3,0,83860.3,USD,1.0,83860.3,Fuel Express Supplier's,,Bill,,QBO,False,0
7084,JE-7084,2025-06-30,2025-06,CFS,Cascade Freight Systems Inc,5030,COGS - Driver Wages,Cost of Goods Sold,Cost of Goods Sold,COGS - Driver Wages - 2025-06,79886.35,0,79886.35,USD,1.0,79886.35,,,Bill,,QBO,False,0
7084,JE-7084,2025-06-30,2025-06,CFS,Cascade Freight Systems Inc,5070,COGS - Maintenance & Repairs,Cost of Goods Sold,Cost of Goods Sold,COGS - Maintenance & Repairs - 2025-06,31690.56,0,31690.56,USD,1.0,31690.56,MidState Truck Repair,,Bill,,QBO,False,0
7084,JE-7084,2025-06-30,2025-06,CFS,Cascade Freight Systems Inc,2000,Accounts Payable,Accounts Payable,Liability,Accrue direct costs 2025-06,0,274809.59,-274809.59,USD,1.0,-274809.59,,,Bill,,QBO,False,0
7085,JE-7085,2025-06-30,2025-06,NWC,Northwind Cargo B.V.,5000,COGS - Purchased Transportation,Cost of Goods Sold,Cost of Goods Sold,COGS - Purchased Transportation - 2025-06,86161.52,0,86161.52,EUR,1.09,93916.06,Sentinel Freight Partners,,Bill,,QBO,False,0
7085,JE-7085,2025-06-30,2025-06,NWC,Northwind Cargo B.V.,5110,COGS - Customs Duties & Brokerage,Cost of Goods Sold,Cost of Goods Sold,COGS - Customs Duties & Brokerage - 2025-06,43129.4,0,43129.4,EUR,1.09,47011.05,Meridian Customs Brokers,,Bill,,QBO,False,0
7085,JE-7085,2025-06-30,2025-06,NWC,Northwind Cargo B.V.,5010,COGS - Owner Operator Settlements,Cost of Goods Sold,Cost of Goods Sold,COGS - Owner Operator Settlements - 2025-06,25083.79,0,25083.79,EUR,1.09,27341.33,Keystone Owner Operators LLC,,Bill,,QBO,False,0
7085,JE-7085,2025-06-30,2025-06,NWC,Northwind Cargo B.V.,5050,COGS - Temp & Contract Labor,Cost of Goods Sold,Cost of Goods Sold,COGS - Temp & Contract Labor - 2025-06,17659.0,0,17659.0,EUR,1.09,19248.31,Apex Staffing Solution,,Bill,,QBO,False,0
7085,JE-7085,2025-06-30,2025-06,NWC,Northwind Cargo B.V.,2000,Accounts Payable,Accounts Payable,Liability,Accrue direct costs 2025-06,0,172033.72,-172033.72,EUR,1.09,-187516.75,,,Bill,,QBO,False,0
7086,JE-7086,2025-06-30,2025-06,APX,Apex Warehousing LLC,5040,COGS - Warehouse Labor,Cost of Goods Sold,Cost of Goods Sold,COGS - Warehouse Labor - 2025-06,70232.84,0,70232.84,USD,1.0,70232.84,Warehouse Temps Direct,,Bill,,QBO,False,0
7086,JE-7086,2025-06-30,2025-06,APX,Apex Warehousing LLC,5050,COGS - Temp & Contract Labor,Cost of Goods Sold,Cost of Goods Sold,COGS - Temp & Contract Labor - 2025-06,27065.67,0,27065.67,USD,1.0,27065.67,Apex Staffing Solutions,,Bill,,QBO,False,0
7086,JE-7086,2025-06-30,2025-06,APX,Apex Warehousing LLC,5060,COGS - Equipment Lease & Rental,Cost of Goods Sold,Cost of Goods Sold,COGS - Equipment Lease & Rental - 2025-06,19883.06,0,19883.06,USD,1.0,19883.06,Penske Equipment Leasing,,Bill,,QBO,False,0
7086,JE-7086,2025-06-30,2025-06,APX,Apex Warehousing LLC,5090,COGS - Cargo Claims & Damages,Cost of Goods Sold,Cost of Goods Sold,COGS - Cargo Claims & Damages - 2025-06,8962.72,0,8962.72,USD,1.0,8962.72,Cargo Claims Adjusters Inc,,Bill,,QBO,False,0
7086,JE-7086,2025-06-30,2025-06,APX,Apex Warehousing LLC,2000,Accounts Payable,Accounts Payable,Liability,Accrue direct costs 2025-06,0,126144.3,-126144.3,USD,1.0,-126144.3,,,Bill,,QBO,False,0
7087,JE-7087,2025-06-30,2025-06,NWC,Northwind Cargo B.V.,7030,Unrealized FX Gain / (Loss),Other Income,Revenue,Unrealized FX revaluation EUR/USD 2025-06,0,28508.87,-28508.87,EUR,1.09,-31074.67,,,Journal Entry,,QBO,False,0
7087,JE-7087,2025-06-30,2025-06,NWC,Northwind Cargo B.V.,1100,Accounts Receivable,Accounts Receivable,Asset,AR revaluation 2025-06,28508.87,0,28508.87,EUR,1.09,31074.67,,,Journal Entry,,QBO,False,0
7088,JE-7088,2025-06-30,2025-06,MHG,Meridian Holdings Group LLC,1400,Due From Affiliates,Other Current Asset,Asset,IC management fee receivable - MLG Q2-2025,64031.0,0,64031.0,USD,1.0,64031.0,,,Journal Entry,,QBO,False,0
7088,JE-7088,2025-06-30,2025-06,MHG,Meridian Holdings Group LLC,1400,Due From Affiliates,Other Current Asset,Asset,IC management fee receivable - CFS Q2-2025,37734.04,0,37734.04,USD,1.0,37734.04,,,Journal Entry,,QBO,False,0
7088,JE-7088,2025-06-30,2025-06,MHG,Meridian Holdings Group LLC,1400,Due From Affiliates,Other Current Asset,Asset,IC management fee receivable - NWC Q2-2025,34915.02,0,34915.02,USD,1.0,34915.02,,,Journal Entry,,QBO,False,0
7088,JE-7088,2025-06-30,2025-06,MHG,Meridian Holdings Group LLC,1400,Due From Affiliates,Other Current Asset,Asset,IC management fee receivable - APX Q2-2025,21382.48,0,21382.48,USD,1.0,21382.48,,,Journal Entry,,QBO,False,0
7088,JE-7088,2025-06-30,2025-06,MHG,Meridian Holdings Group LLC,4950,Intercompany Management Fee Income,Income,Revenue,IC management fee income Q2-2025,0,158062.53,-158062.53,USD,1.0,-158062.53,,,Journal Entry,,QBO,False,0
7089,JE-7089,2025-06-30,2025-06,MLG,Meridian Logistics LLC,6800,Intercompany Management Fee Expense,Expense,Expense,IC management fee - MHG Q2-2025,64031.0,0,64031.0,USD,1.0,64031.0,,,Journal Entry,,QBO,False,0
7089,JE-7089,2025-06-30,2025-06,MLG,Meridian Logistics LLC,2200,Due To Affiliates,Other Current Liability,Liability,IC payable - MHG Q2-2025,0,64031.0,-64031.0,USD,1.0,-64031.0,,,Journal Entry,,QBO,False,0
7090,JE-7090,2025-06-30,2025-06,CFS,Cascade Freight Systems Inc,6800,Intercompany Management Fee Expense,Expense,Expense,IC management fee - MHG Q2-2025,37734.04,0,37734.04,USD,1.0,37734.04,,,Journal Entry,,QBO,False,0
7090,JE-7090,2025-06-30,2025-06,CFS,Cascade Freight Systems Inc,2200,Due To Affiliates,Other Current Liability,Liability,IC payable - MHG Q2-2025,0,37734.04,-37734.04,USD,1.0,-37734.04,,,Journal Entry,,QBO,False,0
7091,JE-7091,2025-06-30,2025-06,NWC,Northwind Cargo B.V.,6800,Intercompany Management Fee Expense,Expense,Expense,IC management fee - MHG Q2-2025,32032.13,0,32032.13,EUR,1.09,34915.02,,,Journal Entry,,QBO,False,0
7091,JE-7091,2025-06-30,2025-06,NWC,Northwind Cargo B.V.,2200,Due To Affiliates,Other Current Liability,Liability,IC payable - MHG Q2-2025,0,32032.13,-32032.13,EUR,1.09,-34915.02,,,Journal Entry,,QBO,False,0
7092,JE-7092,2025-06-30,2025-06,APX,Apex Warehousing LLC,6800,Intercompany Management Fee Expense,Expense,Expense,IC management fee - MHG Q2-2025,21382.48,0,21382.48,USD,1.0,21382.48,,,Journal Entry,,QBO,False,0
7092,JE-7092,2025-06-30,2025-06,APX,Apex Warehousing LLC,2200,Due To Affiliates,Other Current Liability,Liability,IC payable - MHG Q2-2025,0,21382.48,-21382.48,USD,1.0,-21382.48,,,Journal Entry,,QBO,False,0
7093,JE-7093,2025-06-30,2025-06,MLG,Meridian Logistics LLC,4000,Revenue - Freight Brokerage,Income,Revenue,Reclass fuel surcharge out of line-haul Q2-2025,239019.87,0,239019.87,USD,1.0,239019.87,,,Journal Entry,,QBO,False,0
7093,JE-7093,2025-06-30,2025-06,MLG,Meridian Logistics LLC,4070,Revenue - Fuel Surcharge,Income,Revenue,Fuel surcharge revenue Q2-2025,0,239019.87,-239019.87,USD,1.0,-239019.87,,,Journal Entry,,QBO,False,0
7094,JE-7094,2025-06-30,2025-06,CFS,Cascade Freight Systems Inc,4000,Revenue - Freight Brokerage,Income,Revenue,Reclass fuel surcharge out of line-haul Q2-2025,169503.91,0,169503.91,USD,1.0,169503.91,,,Journal Entry,,QBO,False,0
7094,JE-7094,2025-06-30,2025-06,CFS,Cascade Freight Systems Inc,4070,Revenue - Fuel Surcharge,Income,Revenue,Fuel surcharge revenue Q2-2025,0,169503.91,-169503.91,USD,1.0,-169503.91,,,Journal Entry,,QBO,False,0
7095,JE-7095,2025-06-30,2025-06,MLG,Meridian Logistics LLC,6700,Depreciation Expense,Expense,Expense,Depreciation & amortization - 6 months to 2025-06,132858.66,0,132858.66,USD,1.0,132858.66,,,Journal Entry,,QBO,False,0
7095,JE-7095,2025-06-30,2025-06,MLG,Meridian Logistics LLC,1590,Accumulated Depreciation,Fixed Asset,Asset,Accumulated depreciation,0,132858.66,-132858.66,USD,1.0,-132858.66,,,Journal Entry,,QBO,False,0
7096,JE-7096,2025-06-30,2025-06,CFS,Cascade Freight Systems Inc,6700,Depreciation Expense,Expense,Expense,Depreciation & amortization - 6 months to 2025-06,434192.63,0,434192.63,USD,1.0,434192.63,,,Journal Entry,,QBO,False,0
7096,JE-7096,2025-06-30,2025-06,CFS,Cascade Freight Systems Inc,1590,Accumulated Depreciation,Fixed Asset,Asset,Accumulated depreciation,0,434192.63,-434192.63,USD,1.0,-434192.63,,,Journal Entry,,QBO,False,0
7097,JE-7097,2025-06-30,2025-06,NWC,Northwind Cargo B.V.,6700,Depreciation Expense,Expense,Expense,Depreciation & amortization - 6 months to 2025-06,94067.67,0,94067.67,EUR,1.09,102533.76,,,Journal Entry,,QBO,False,0
7097,JE-7097,2025-06-30,2025-06,NWC,Northwind Cargo B.V.,1590,Accumulated Depreciation,Fixed Asset,Asset,Accumulated depreciation,0,94067.67,-94067.67,EUR,1.09,-102533.76,,,Journal Entry,,QBO,False,0
7098,JE-7098,2025-06-30,2025-06,APX,Apex Warehousing LLC,6700,Depreciation Expense,Expense,Expense,Depreciation & amortization - 6 months to 2025-06,258546.64,0,258546.64,USD,1.0,258546.64,,,Journal Entry,,QBO,False,0
7098,JE-7098,2025-06-30,2025-06,APX,Apex Warehousing LLC,1590,Accumulated Depreciation,Fixed Asset,Asset,Accumulated depreciation,0,258546.64,-258546.64,USD,1.0,-258546.64,,,Journal Entry,,QBO,False,0
7099,JE-7099,2025-07-31,2025-07,MLG,Meridian Logistics LLC,5000,COGS - Purchased Transportation,Cost of Goods Sold,Cost of Goods Sold,COGS - Purchased Transportation - 2025-07,301807.95,0,301807.95,USD,1.0,301807.95,Trans-Atlantic Line Haul BV,,Bill,,QBO,False,0
7099,JE-7099,2025-07-31,2025-07,MLG,Meridian Logistics LLC,5010,COGS - Owner Operator Settlements,Cost of Goods Sold,Cost of Goods Sold,COGS - Owner Operator Settlements - 2025-07,78456.29,0,78456.29,USD,1.0,78456.29,Keystone Owner Operators LLC,,Bill,,QBO,False,0
7099,JE-7099,2025-07-31,2025-07,MLG,Meridian Logistics LLC,5020,COGS - Fuel,Cost of Goods Sold,Cost of Goods Sold,COGS - Fuel - 2025-07,43875.23,0,43875.23,USD,1.0,43875.23,Fuel Express Suppliers,,Bill,,QBO,False,0
7099,JE-7099,2025-07-31,2025-07,MLG,Meridian Logistics LLC,5070,COGS - Maintenance & Repairs,Cost of Goods Sold,Cost of Goods Sold,COGS - Maintenance & Repairs - 2025-07,33171.24,0,33171.24,USD,1.0,33171.24,MidState Truck Repair,,Bill,,QBO,False,0
7099,JE-7099,2025-07-31,2025-07,MLG,Meridian Logistics LLC,2000,Accounts Payable,Accounts Payable,Liability,Accrue direct costs 2025-07,0,457310.71,-457310.71,USD,1.0,-457310.71,,,Bill,,QBO,False,0
7100,JE-7100,2025-07-31,2025-07,CFS,Cascade Freight Systems Inc,5000,COGS - Purchased Transportation,Cost of Goods Sold,Cost of Goods Sold,COGS - Purchased Transportation - 2025-07,72007.72,0,72007.72,USD,1.0,72007.72,Ridgeway Carrier Network,,Bill,,QBO,False,0
7100,JE-7100,2025-07-31,2025-07,CFS,Cascade Freight Systems Inc,5020,COGS - Fuel,Cost of Goods Sold,Cost of Goods Sold,COGS - Fuel - 2025-07,79742.51,0,79742.51,USD,1.0,79742.51,FUEL EXPRESS SUPPLIERS INC,,Bill,,QBO,False,0
7100,JE-7100,2025-07-31,2025-07,CFS,Cascade Freight Systems Inc,5030,COGS - Driver Wages,Cost of Goods Sold,Cost of Goods Sold,COGS - Driver Wages - 2025-07,79625.0,0,79625.0,USD,1.0,79625.0,,,Bill,,QBO,False,0
7100,JE-7100,2025-07-31,2025-07,CFS,Cascade Freight Systems Inc,5070,COGS - Maintenance & Repairs,Cost of Goods Sold,Cost of Goods Sold,COGS - Maintenance & Repairs - 2025-07,30995.14,0,30995.14,USD,1.0,30995.14,MidState Truck Repair,,Bill,,QBO,False,0
7100,JE-7100,2025-07-31,2025-07,CFS,Cascade Freight Systems Inc,2000,Accounts Payable,Accounts Payable,Liability,Accrue direct costs 2025-07,0,262370.37,-262370.37,USD,1.0,-262370.37,,,Bill,,QBO,False,0
7101,JE-7101,2025-07-31,2025-07,NWC,Northwind Cargo B.V.,5000,COGS - Purchased Transportation,Cost of Goods Sold,Cost of Goods Sold,COGS - Purchased Transportation - 2025-07,83815.8,0,83815.8,EUR,1.09,91359.23,Sentinel Freight Partners,,Bill,,QBO,False,0
7101,JE-7101,2025-07-31,2025-07,NWC,Northwind Cargo B.V.,5110,COGS - Customs Duties & Brokerage,Cost of Goods Sold,Cost of Goods Sold,COGS - Customs Duties & Brokerage - 2025-07,47363.24,0,47363.24,EUR,1.09,51625.93,Meridian Customs Brokers,,Bill,,QBO,False,0
7101,JE-7101,2025-07-31,2025-07,NWC,Northwind Cargo B.V.,5010,COGS - Owner Operator Settlements,Cost of Goods Sold,Cost of Goods Sold,COGS - Owner Operator Settlements - 2025-07,25185.22,0,25185.22,EUR,1.09,27451.89,Keystone Owner Operators LLC,,Bill,,QBO,False,0
7101,JE-7101,2025-07-31,2025-07,NWC,Northwind Cargo B.V.,5050,COGS - Temp & Contract Labor,Cost of Goods Sold,Cost of Goods Sold,COGS - Temp & Contract Labor - 2025-07,16777.14,0,16777.14,EUR,1.09,18287.09,Apex Staffing Solution,,Bill,,QBO,False,0
7101,JE-7101,2025-07-31,2025-07,NWC,Northwind Cargo B.V.,2000,Accounts Payable,Accounts Payable,Liability,Accrue direct costs 2025-07,0,173141.4,-173141.4,EUR,1.09,-188724.13,,,Bill,,QBO,False,0
7102,JE-7102,2025-07-31,2025-07,APX,Apex Warehousing LLC,5040,COGS - Warehouse Labor,Cost of Goods Sold,Cost of Goods Sold,COGS - Warehouse Labor - 2025-07,63495.52,0,63495.52,USD,1.0,63495.52,Warehouse Temps Direct,,Bill,,QBO,False,0
7102,JE-7102,2025-07-31,2025-07,APX,Apex Warehousing LLC,5050,COGS - Temp & Contract Labor,Cost of Goods Sold,Cost of Goods Sold,COGS - Temp & Contract Labor - 2025-07,27439.33,0,27439.33,USD,1.0,27439.33,Apex Staffing Solutions,,Bill,,QBO,False,0
7102,JE-7102,2025-07-31,2025-07,APX,Apex Warehousing LLC,5060,COGS - Equipment Lease & Rental,Cost of Goods Sold,Cost of Goods Sold,COGS - Equipment Lease & Rental - 2025-07,19237.41,0,19237.41,USD,1.0,19237.41,Penske Equipment Leasing,,Bill,,QBO,False,0
7102,JE-7102,2025-07-31,2025-07,APX,Apex Warehousing LLC,5090,COGS - Cargo Claims & Damages,Cost of Goods Sold,Cost of Goods Sold,COGS - Cargo Claims & Damages - 2025-07,8371.06,0,8371.06,USD,1.0,8371.06,Cargo Claims Adjusters Inc,,Bill,,QBO,False,0
7102,JE-7102,2025-07-31,2025-07,APX,Apex Warehousing LLC,2000,Accounts Payable,Accounts Payable,Liability,Accrue direct costs 2025-07,0,118543.32,-118543.32,USD,1.0,-118543.32,,,Bill,,QBO,False,0
7103,JE-7103,2025-07-31,2025-07,NWC,Northwind Cargo B.V.,7030,Unrealized FX Gain / (Loss),Other Income,Revenue,Unrealized FX revaluation EUR/USD 2025-07,0,12944.9,-12944.9,EUR,1.09,-14109.94,,,Journal Entry,,QBO,False,0
7103,JE-7103,2025-07-31,2025-07,NWC,Northwind Cargo B.V.,1100,Accounts Receivable,Accounts Receivable,Asset,AR revaluation 2025-07,12944.9,0,12944.9,EUR,1.09,14109.94,,,Journal Entry,,QBO,False,0
7104,JE-7104,2025-08-31,2025-08,MLG,Meridian Logistics LLC,5000,COGS - Purchased Transportation,Cost of Goods Sold,Cost of Goods Sold,COGS - Purchased Transportation - 2025-08,297420.73,0,297420.73,USD,1.0,297420.73,Trans-Atlantic Line Haul BV,,Bill,,QBO,False,0
7104,JE-7104,2025-08-31,2025-08,MLG,Meridian Logistics LLC,5010,COGS - Owner Operator Settlements,Cost of Goods Sold,Cost of Goods Sold,COGS - Owner Operator Settlements - 2025-08,78290.22,0,78290.22,USD,1.0,78290.22,Keystone Owner Operators LLC,,Bill,,QBO,False,0
7104,JE-7104,2025-08-31,2025-08,MLG,Meridian Logistics LLC,5020,COGS - Fuel,Cost of Goods Sold,Cost of Goods Sold,COGS - Fuel - 2025-08,48935.87,0,48935.87,USD,1.0,48935.87,Fuel Express Suppliers,,Bill,,QBO,False,0
7104,JE-7104,2025-08-31,2025-08,MLG,Meridian Logistics LLC,5070,COGS - Maintenance & Repairs,Cost of Goods Sold,Cost of Goods Sold,COGS - Maintenance & Repairs - 2025-08,32111.46,0,32111.46,USD,1.0,32111.46,MidState Truck Repair,,Bill,,QBO,False,0
7104,JE-7104,2025-08-31,2025-08,MLG,Meridian Logistics LLC,2000,Accounts Payable,Accounts Payable,Liability,Accrue direct costs 2025-08,0,456758.28,-456758.28,USD,1.0,-456758.28,,,Bill,,QBO,False,0
7105,JE-7105,2025-08-31,2025-08,CFS,Cascade Freight Systems Inc,5000,COGS - Purchased Transportation,Cost of Goods Sold,Cost of Goods Sold,COGS - Purchased Transportation - 2025-08,80895.89,0,80895.89,USD,1.0,80895.89,Sentinel Freight Partners,,Bill,,QBO,False,0
7105,JE-7105,2025-08-31,2025-08,CFS,Cascade Freight Systems Inc,5020,COGS - Fuel,Cost of Goods Sold,Cost of Goods Sold,COGS - Fuel - 2025-08,88474.55,0,88474.55,USD,1.0,88474.55,FUEL EXPRESS SUPPLIERS INC,,Bill,,QBO,False,0
7105,JE-7105,2025-08-31,2025-08,CFS,Cascade Freight Systems Inc,5030,COGS - Driver Wages,Cost of Goods Sold,Cost of Goods Sold,COGS - Driver Wages - 2025-08,87374.55,0,87374.55,USD,1.0,87374.55,,,Bill,,QBO,False,0
7105,JE-7105,2025-08-31,2025-08,CFS,Cascade Freight Systems Inc,5070,COGS - Maintenance & Repairs,Cost of Goods Sold,Cost of Goods Sold,COGS - Maintenance & Repairs - 2025-08,31336.85,0,31336.85,USD,1.0,31336.85,MidState Truck Repair,,Bill,,QBO,False,0
7105,JE-7105,2025-08-31,2025-08,CFS,Cascade Freight Systems Inc,2000,Accounts Payable,Accounts Payable,Liability,Accrue direct costs 2025-08,0,288081.84,-288081.84,USD,1.0,-288081.84,,,Bill,,QBO,False,0
7106,JE-7106,2025-08-31,2025-08,NWC,Northwind Cargo B.V.,5000,COGS - Purchased Transportation,Cost of Goods Sold,Cost of Goods Sold,COGS - Purchased Transportation - 2025-08,99559.49,0,99559.49,EUR,1.09,108519.85,Trans-Atlantic Line Haul BV,,Bill,,QBO,False,0
7106,JE-7106,2025-08-31,2025-08,NWC,Northwind Cargo B.V.,5110,COGS - Customs Duties & Brokerage,Cost of Goods Sold,Cost of Goods Sold,COGS - Customs Duties & Brokerage - 2025-08,50490.65,0,50490.65,EUR,1.09,55034.81,Meridian Customs Brokers,,Bill,,QBO,False,0
7106,JE-7106,2025-08-31,2025-08,NWC,Northwind Cargo B.V.,5010,COGS - Owner Operator Settlements,Cost of Goods Sold,Cost of Goods Sold,COGS - Owner Operator Settlements - 2025-08,26675.63,0,26675.63,EUR,1.09,29076.43,Keystone Owner Operators LLC,,Bill,,QBO,False,0
7106,JE-7106,2025-08-31,2025-08,NWC,Northwind Cargo B.V.,5050,COGS - Temp & Contract Labor,Cost of Goods Sold,Cost of Goods Sold,COGS - Temp & Contract Labor - 2025-08,19669.8,0,19669.8,EUR,1.09,21440.08,Apex Staffing Solution,,Bill,,QBO,False,0
7106,JE-7106,2025-08-31,2025-08,NWC,Northwind Cargo B.V.,2000,Accounts Payable,Accounts Payable,Liability,Accrue direct costs 2025-08,0,196395.57,-196395.57,EUR,1.09,-214071.17,,,Bill,,QBO,False,0
7107,JE-7107,2025-08-31,2025-08,APX,Apex Warehousing LLC,5040,COGS - Warehouse Labor,Cost of Goods Sold,Cost of Goods Sold,COGS - Warehouse Labor - 2025-08,76021.05,0,76021.05,USD,1.0,76021.05,Warehouse Temps Direct,,Bill,,QBO,False,0
7107,JE-7107,2025-08-31,2025-08,APX,Apex Warehousing LLC,5050,COGS - Temp & Contract Labor,Cost of Goods Sold,Cost of Goods Sold,COGS - Temp & Contract Labor - 2025-08,30230.38,0,30230.38,USD,1.0,30230.38,Apex Staffing Solutions,,Bill,,QBO,False,0
7107,JE-7107,2025-08-31,2025-08,APX,Apex Warehousing LLC,5060,COGS - Equipment Lease & Rental,Cost of Goods Sold,Cost of Goods Sold,COGS - Equipment Lease & Rental - 2025-08,21741.85,0,21741.85,USD,1.0,21741.85,Penske Equipment Leasing,,Bill,,QBO,False,0
7107,JE-7107,2025-08-31,2025-08,APX,Apex Warehousing LLC,5090,COGS - Cargo Claims & Damages,Cost of Goods Sold,Cost of Goods Sold,COGS - Cargo Claims & Damages - 2025-08,9626.94,0,9626.94,USD,1.0,9626.94,Cargo Claims Adjusters Inc,,Bill,,QBO,False,0
7107,JE-7107,2025-08-31,2025-08,APX,Apex Warehousing LLC,2000,Accounts Payable,Accounts Payable,Liability,Accrue direct costs 2025-08,0,137620.22,-137620.22,USD,1.0,-137620.22,,,Bill,,QBO,False,0
7108,JE-7108,2025-08-31,2025-08,NWC,Northwind Cargo B.V.,7030,Unrealized FX Gain / (Loss),Other Income,Revenue,Unrealized FX revaluation EUR/USD 2025-08,10191.33,0,10191.33,EUR,1.09,11108.55,,,Journal Entry,,QBO,False,0
7108,JE-7108,2025-08-31,2025-08,NWC,Northwind Cargo B.V.,1100,Accounts Receivable,Accounts Receivable,Asset,AR revaluation 2025-08,0,10191.33,-10191.33,EUR,1.09,-11108.55,,,Journal Entry,,QBO,False,0
7109,JE-7109,2025-09-30,2025-09,MLG,Meridian Logistics LLC,5000,COGS - Purchased Transportation,Cost of Goods Sold,Cost of Goods Sold,COGS - Purchased Transportation - 2025-09,343757.11,0,343757.11,USD,1.0,343757.11,Ridgeway Carrier Network,,Bill,,QBO,False,0
7109,JE-7109,2025-09-30,2025-09,MLG,Meridian Logistics LLC,5010,COGS - Owner Operator Settlements,Cost of Goods Sold,Cost of Goods Sold,COGS - Owner Operator Settlements - 2025-09,86463.25,0,86463.25,USD,1.0,86463.25,Keystone Owner Operators LLC,,Bill,,QBO,False,0
7109,JE-7109,2025-09-30,2025-09,MLG,Meridian Logistics LLC,5020,COGS - Fuel,Cost of Goods Sold,Cost of Goods Sold,COGS - Fuel - 2025-09,52760.65,0,52760.65,USD,1.0,52760.65,FUEL EXPRESS SUPPLIERS INC,,Bill,,QBO,False,0
7109,JE-7109,2025-09-30,2025-09,MLG,Meridian Logistics LLC,5070,COGS - Maintenance & Repairs,Cost of Goods Sold,Cost of Goods Sold,COGS - Maintenance & Repairs - 2025-09,35155.64,0,35155.64,USD,1.0,35155.64,MidState Truck Repair,,Bill,,QBO,False,0
7109,JE-7109,2025-09-30,2025-09,MLG,Meridian Logistics LLC,2000,Accounts Payable,Accounts Payable,Liability,Accrue direct costs 2025-09,0,518136.65,-518136.65,USD,1.0,-518136.65,,,Bill,,QBO,False,0
7110,JE-7110,2025-09-30,2025-09,CFS,Cascade Freight Systems Inc,5000,COGS - Purchased Transportation,Cost of Goods Sold,Cost of Goods Sold,COGS - Purchased Transportation - 2025-09,91231.42,0,91231.42,USD,1.0,91231.42,Trans-Atlantic Line Haul BV,,Bill,,QBO,False,0
7110,JE-7110,2025-09-30,2025-09,CFS,Cascade Freight Systems Inc,5020,COGS - Fuel,Cost of Goods Sold,Cost of Goods Sold,COGS - Fuel - 2025-09,101146.63,0,101146.63,USD,1.0,101146.63,Fuel Express Supplier's,,Bill,,QBO,False,0
7110,JE-7110,2025-09-30,2025-09,CFS,Cascade Freight Systems Inc,5030,COGS - Driver Wages,Cost of Goods Sold,Cost of Goods Sold,COGS - Driver Wages - 2025-09,95650.35,0,95650.35,USD,1.0,95650.35,,,Bill,,QBO,False,0
7110,JE-7110,2025-09-30,2025-09,CFS,Cascade Freight Systems Inc,5070,COGS - Maintenance & Repairs,Cost of Goods Sold,Cost of Goods Sold,COGS - Maintenance & Repairs - 2025-09,36492.04,0,36492.04,USD,1.0,36492.04,MidState Truck Repair,,Bill,,QBO,False,0
7110,JE-7110,2025-09-30,2025-09,CFS,Cascade Freight Systems Inc,2000,Accounts Payable,Accounts Payable,Liability,Accrue direct costs 2025-09,0,324520.44,-324520.44,USD,1.0,-324520.44,,,Bill,,QBO,False,0
7111,JE-7111,2025-09-30,2025-09,NWC,Northwind Cargo B.V.,5000,COGS - Purchased Transportation,Cost of Goods Sold,Cost of Goods Sold,COGS - Purchased Transportation - 2025-09,96352.84,0,96352.84,EUR,1.09,105024.59,Ridgeway Carrier Network,,Bill,,QBO,False,0
7111,JE-7111,2025-09-30,2025-09,NWC,Northwind Cargo B.V.,5110,COGS - Customs Duties & Brokerage,Cost of Goods Sold,Cost of Goods Sold,COGS - Customs Duties & Brokerage - 2025-09,53811.26,0,53811.26,EUR,1.09,58654.27,Meridian Customs Brokers,,Bill,,QBO,False,0
7111,JE-7111,2025-09-30,2025-09,NWC,Northwind Cargo B.V.,5010,COGS - Owner Operator Settlements,Cost of Goods Sold,Cost of Goods Sold,COGS - Owner Operator Settlements - 2025-09,28892.12,0,28892.12,EUR,1.09,31492.41,Keystone Owner Operators LLC,,Bill,,QBO,False,0
7111,JE-7111,2025-09-30,2025-09,NWC,Northwind Cargo B.V.,5050,COGS - Temp & Contract Labor,Cost of Goods Sold,Cost of Goods Sold,COGS - Temp & Contract Labor - 2025-09,20057.04,0,20057.04,EUR,1.09,21862.17,Apex Staffing Solution,,Bill,,QBO,False,0
7111,JE-7111,2025-09-30,2025-09,NWC,Northwind Cargo B.V.,2000,Accounts Payable,Accounts Payable,Liability,Accrue direct costs 2025-09,0,199113.25,-199113.25,EUR,1.09,-217033.45,,,Bill,,QBO,False,0
7112,JE-7112,2025-09-30,2025-09,APX,Apex Warehousing LLC,5040,COGS - Warehouse Labor,Cost of Goods Sold,Cost of Goods Sold,COGS - Warehouse Labor - 2025-09,76665.25,0,76665.25,USD,1.0,76665.25,Warehouse Temps Direct,,Bill,,QBO,False,0
7112,JE-7112,2025-09-30,2025-09,APX,Apex Warehousing LLC,5050,COGS - Temp & Contract Labor,Cost of Goods Sold,Cost of Goods Sold,COGS - Temp & Contract Labor - 2025-09,30977.12,0,30977.12,USD,1.0,30977.12,Apex Staffing Solution,,Bill,,QBO,False,0
7112,JE-7112,2025-09-30,2025-09,APX,Apex Warehousing LLC,5060,COGS - Equipment Lease & Rental,Cost of Goods Sold,Cost of Goods Sold,COGS - Equipment Lease & Rental - 2025-09,23077.08,0,23077.08,USD,1.0,23077.08,Penske Equipment Leasing,,Bill,,QBO,False,0
7112,JE-7112,2025-09-30,2025-09,APX,Apex Warehousing LLC,5090,COGS - Cargo Claims & Damages,Cost of Goods Sold,Cost of Goods Sold,COGS - Cargo Claims & Damages - 2025-09,10039.28,0,10039.28,USD,1.0,10039.28,Cargo Claims Adjusters Inc,,Bill,,QBO,False,0
7112,JE-7112,2025-09-30,2025-09,APX,Apex Warehousing LLC,2000,Accounts Payable,Accounts Payable,Liability,Accrue direct costs 2025-09,0,140758.72,-140758.72,USD,1.0,-140758.72,,,Bill,,QBO,False,0
7113,JE-7113,2025-09-30,2025-09,NWC,Northwind Cargo B.V.,7030,Unrealized FX Gain / (Loss),Other Income,Revenue,Unrealized FX revaluation EUR/USD 2025-09,33582.16,0,33582.16,EUR,1.09,36604.56,,,Journal Entry,,QBO,False,0
7113,JE-7113,2025-09-30,2025-09,NWC,Northwind Cargo B.V.,1100,Accounts Receivable,Accounts Receivable,Asset,AR revaluation 2025-09,0,33582.16,-33582.16,EUR,1.09,-36604.56,,,Journal Entry,,QBO,False,0
7114,JE-7114,2025-09-30,2025-09,MHG,Meridian Holdings Group LLC,1400,Due From Affiliates,Other Current Asset,Asset,IC management fee receivable - MLG Q3-2025,60763.68,0,60763.68,USD,1.0,60763.68,,,Journal Entry,,QBO,False,0
7114,JE-7114,2025-09-30,2025-09,MHG,Meridian Holdings Group LLC,1400,Due From Affiliates,Other Current Asset,Asset,IC management fee receivable - CFS Q3-2025,34248.35,0,34248.35,USD,1.0,34248.35,,,Journal Entry,,QBO,False,0
7114,JE-7114,2025-09-30,2025-09,MHG,Meridian Holdings Group LLC,1400,Due From Affiliates,Other Current Asset,Asset,IC management fee receivable - NWC Q3-2025,34310.41,0,34310.41,USD,1.0,34310.41,,,Journal Entry,,QBO,False,0
7114,JE-7114,2025-09-30,2025-09,MHG,Meridian Holdings Group LLC,1400,Due From Affiliates,Other Current Asset,Asset,IC management fee receivable - APX Q3-2025,21242.98,0,21242.98,USD,1.0,21242.98,,,Journal Entry,,QBO,False,0
7114,JE-7114,2025-09-30,2025-09,MHG,Meridian Holdings Group LLC,4950,Intercompany Management Fee Income,Income,Revenue,IC management fee income Q3-2025,0,150565.42,-150565.42,USD,1.0,-150565.42,,,Journal Entry,,QBO,False,0
7115,JE-7115,2025-09-30,2025-09,MLG,Meridian Logistics LLC,6800,Intercompany Management Fee Expense,Expense,Expense,IC management fee - MHG Q3-2025,60763.68,0,60763.68,USD,1.0,60763.68,,,Journal Entry,,QBO,False,0
7115,JE-7115,2025-09-30,2025-09,MLG,Meridian Logistics LLC,2200,Due To Affiliates,Other Current Liability,Liability,IC payable - MHG Q3-2025,0,60763.68,-60763.68,USD,1.0,-60763.68,,,Journal Entry,,QBO,False,0
7116,JE-7116,2025-09-30,2025-09,CFS,Cascade Freight Systems Inc,6800,Intercompany Management Fee Expense,Expense,Expense,IC management fee - MHG Q3-2025,34248.35,0,34248.35,USD,1.0,34248.35,,,Journal Entry,,QBO,False,0
7116,JE-7116,2025-09-30,2025-09,CFS,Cascade Freight Systems Inc,2200,Due To Affiliates,Other Current Liability,Liability,IC payable - MHG Q3-2025,0,34248.35,-34248.35,USD,1.0,-34248.35,,,Journal Entry,,QBO,False,0
7117,JE-7117,2025-09-30,2025-09,NWC,Northwind Cargo B.V.,6800,Intercompany Management Fee Expense,Expense,Expense,IC management fee - MHG Q3-2025,31477.44,0,31477.44,EUR,1.09,34310.41,,,Journal Entry,,QBO,False,0
7117,JE-7117,2025-09-30,2025-09,NWC,Northwind Cargo B.V.,2200,Due To Affiliates,Other Current Liability,Liability,IC payable - MHG Q3-2025,0,31477.44,-31477.44,EUR,1.09,-34310.41,,,Journal Entry,,QBO,False,0
7118,JE-7118,2025-09-30,2025-09,MLG,Meridian Logistics LLC,4000,Revenue - Freight Brokerage,Income,Revenue,Reclass fuel surcharge out of line-haul Q3-2025,233204.19,0,233204.19,USD,1.0,233204.19,,,Journal Entry,,QBO,False,0
7118,JE-7118,2025-09-30,2025-09,MLG,Meridian Logistics LLC,4070,Revenue - Fuel Surcharge,Income,Revenue,Fuel surcharge revenue Q3-2025,0,233204.19,-233204.19,USD,1.0,-233204.19,,,Journal Entry,,QBO,False,0
7119,JE-7119,2025-09-30,2025-09,CFS,Cascade Freight Systems Inc,4000,Revenue - Freight Brokerage,Income,Revenue,Reclass fuel surcharge out of line-haul Q3-2025,153109.35,0,153109.35,USD,1.0,153109.35,,,Journal Entry,,QBO,False,0
7119,JE-7119,2025-09-30,2025-09,CFS,Cascade Freight Systems Inc,4070,Revenue - Fuel Surcharge,Income,Revenue,Fuel surcharge revenue Q3-2025,0,153109.35,-153109.35,USD,1.0,-153109.35,,,Journal Entry,,QBO,False,0
7120,JE-7120,2025-10-31,2025-10,MLG,Meridian Logistics LLC,5000,COGS - Purchased Transportation,Cost of Goods Sold,Cost of Goods Sold,COGS - Purchased Transportation - 2025-10,363411.77,0,363411.77,USD,1.0,363411.77,Trans-Atlantic Line Haul BV,,Bill,,QBO,False,0
7120,JE-7120,2025-10-31,2025-10,MLG,Meridian Logistics LLC,5010,COGS - Owner Operator Settlements,Cost of Goods Sold,Cost of Goods Sold,COGS - Owner Operator Settlements - 2025-10,93516.51,0,93516.51,USD,1.0,93516.51,Keystone Owner Operators LLC,,Bill,,QBO,False,0
7120,JE-7120,2025-10-31,2025-10,MLG,Meridian Logistics LLC,5020,COGS - Fuel,Cost of Goods Sold,Cost of Goods Sold,COGS - Fuel - 2025-10,53355.13,0,53355.13,USD,1.0,53355.13,FUEL EXPRESS SUPPLIERS INC,,Bill,,QBO,False,0
7120,JE-7120,2025-10-31,2025-10,MLG,Meridian Logistics LLC,5070,COGS - Maintenance & Repairs,Cost of Goods Sold,Cost of Goods Sold,COGS - Maintenance & Repairs - 2025-10,37300.89,0,37300.89,USD,1.0,37300.89,MidState Truck Repair,,Bill,,QBO,False,0
7120,JE-7120,2025-10-31,2025-10,MLG,Meridian Logistics LLC,2000,Accounts Payable,Accounts Payable,Liability,Accrue direct costs 2025-10,0,547584.3,-547584.3,USD,1.0,-547584.3,,,Bill,,QBO,False,0
7121,JE-7121,2025-10-31,2025-10,CFS,Cascade Freight Systems Inc,5000,COGS - Purchased Transportation,Cost of Goods Sold,Cost of Goods Sold,COGS - Purchased Transportation - 2025-10,97573.01,0,97573.01,USD,1.0,97573.01,Trans-Atlantic Line Haul BV,,Bill,,QBO,False,0
7121,JE-7121,2025-10-31,2025-10,CFS,Cascade Freight Systems Inc,5020,COGS - Fuel,Cost of Goods Sold,Cost of Goods Sold,COGS - Fuel - 2025-10,111598.28,0,111598.28,USD,1.0,111598.28,Fuel Express Suppliers,,Bill,,QBO,False,0
7121,JE-7121,2025-10-31,2025-10,CFS,Cascade Freight Systems Inc,5030,COGS - Driver Wages,Cost of Goods Sold,Cost of Goods Sold,COGS - Driver Wages - 2025-10,99756.84,0,99756.84,USD,1.0,99756.84,,,Bill,,QBO,False,0
7121,JE-7121,2025-10-31,2025-10,CFS,Cascade Freight Systems Inc,5070,COGS - Maintenance & Repairs,Cost of Goods Sold,Cost of Goods Sold,COGS - Maintenance & Repairs - 2025-10,39187.78,0,39187.78,USD,1.0,39187.78,MidState Truck Repair,,Bill,,QBO,False,0
7121,JE-7121,2025-10-31,2025-10,CFS,Cascade Freight Systems Inc,2000,Accounts Payable,Accounts Payable,Liability,Accrue direct costs 2025-10,0,348115.92,-348115.92,USD,1.0,-348115.92,,,Bill,,QBO,False,0
7122,JE-7122,2025-10-31,2025-10,NWC,Northwind Cargo B.V.,5000,COGS - Purchased Transportation,Cost of Goods Sold,Cost of Goods Sold,COGS - Purchased Transportation - 2025-10,102591.98,0,102591.98,EUR,1.09,111825.26,Ridgeway Carrier Network,,Bill,,QBO,False,0
7122,JE-7122,2025-10-31,2025-10,NWC,Northwind Cargo B.V.,5110,COGS - Customs Duties & Brokerage,Cost of Goods Sold,Cost of Goods Sold,COGS - Customs Duties & Brokerage - 2025-10,57894.38,0,57894.38,EUR,1.09,63104.88,Meridian Customs Brokers,,Bill,,QBO,False,0
7122,JE-7122,2025-10-31,2025-10,NWC,Northwind Cargo B.V.,5010,COGS - Owner Operator Settlements,Cost of Goods Sold,Cost of Goods Sold,COGS - Owner Operator Settlements - 2025-10,30627.39,0,30627.39,EUR,1.09,33383.85,Keystone Owner Operators LLC,,Bill,,QBO,False,0
7122,JE-7122,2025-10-31,2025-10,NWC,Northwind Cargo B.V.,5050,COGS - Temp & Contract Labor,Cost of Goods Sold,Cost of Goods Sold,COGS - Temp & Contract Labor - 2025-10,21126.26,0,21126.26,EUR,1.09,23027.63,Apex Staffing Solutions,,Bill,,QBO,False,0
7122,JE-7122,2025-10-31,2025-10,NWC,Northwind Cargo B.V.,2000,Accounts Payable,Accounts Payable,Liability,Accrue direct costs 2025-10,0,212240.02,-212240.02,EUR,1.09,-231341.62,,,Bill,,QBO,False,0
7123,JE-7123,2025-10-31,2025-10,APX,Apex Warehousing LLC,5040,COGS - Warehouse Labor,Cost of Goods Sold,Cost of Goods Sold,COGS - Warehouse Labor - 2025-10,76926.35,0,76926.35,USD,1.0,76926.35,Warehouse Temps Direct,,Bill,,QBO,False,0
7123,JE-7123,2025-10-31,2025-10,APX,Apex Warehousing LLC,5050,COGS - Temp & Contract Labor,Cost of Goods Sold,Cost of Goods Sold,COGS - Temp & Contract Labor - 2025-10,30626.35,0,30626.35,USD,1.0,30626.35,Apex Staffing Solution,,Bill,,QBO,False,0
7123,JE-7123,2025-10-31,2025-10,APX,Apex Warehousing LLC,5060,COGS - Equipment Lease & Rental,Cost of Goods Sold,Cost of Goods Sold,COGS - Equipment Lease & Rental - 2025-10,23410.18,0,23410.18,USD,1.0,23410.18,Penske Equipment Leasing,,Bill,,QBO,False,0
7123,JE-7123,2025-10-31,2025-10,APX,Apex Warehousing LLC,5090,COGS - Cargo Claims & Damages,Cost of Goods Sold,Cost of Goods Sold,COGS - Cargo Claims & Damages - 2025-10,10378.97,0,10378.97,USD,1.0,10378.97,Cargo Claims Adjusters Inc,,Bill,,QBO,False,0
7123,JE-7123,2025-10-31,2025-10,APX,Apex Warehousing LLC,2000,Accounts Payable,Accounts Payable,Liability,Accrue direct costs 2025-10,0,141341.86,-141341.86,USD,1.0,-141341.86,,,Bill,,QBO,False,0
7124,JE-7124,2025-11-30,2025-11,MLG,Meridian Logistics LLC,5000,COGS - Purchased Transportation,Cost of Goods Sold,Cost of Goods Sold,COGS - Purchased Transportation - 2025-11,386533.97,0,386533.97,USD,1.0,386533.97,Ridgeway Carrier Network,,Bill,,QBO,False,0
7124,JE-7124,2025-11-30,2025-11,MLG,Meridian Logistics LLC,5010,COGS - Owner Operator Settlements,Cost of Goods Sold,Cost of Goods Sold,COGS - Owner Operator Settlements - 2025-11,99744.31,0,99744.31,USD,1.0,99744.31,Keystone Owner Operators LLC,,Bill,,QBO,False,0
7124,JE-7124,2025-11-30,2025-11,MLG,Meridian Logistics LLC,5020,COGS - Fuel,Cost of Goods Sold,Cost of Goods Sold,COGS - Fuel - 2025-11,59855.45,0,59855.45,USD,1.0,59855.45,FUEL EXPRESS SUPPLIERS INC,,Bill,,QBO,False,0
7124,JE-7124,2025-11-30,2025-11,MLG,Meridian Logistics LLC,5070,COGS - Maintenance & Repairs,Cost of Goods Sold,Cost of Goods Sold,COGS - Maintenance & Repairs - 2025-11,40456.68,0,40456.68,USD,1.0,40456.68,MidState Truck Repair,,Bill,,QBO,False,0
7124,JE-7124,2025-11-30,2025-11,MLG,Meridian Logistics LLC,2000,Accounts Payable,Accounts Payable,Liability,Accrue direct costs 2025-11,0,586590.41,-586590.41,USD,1.0,-586590.41,,,Bill,,QBO,False,0
7125,JE-7125,2025-11-30,2025-11,CFS,Cascade Freight Systems Inc,5000,COGS - Purchased Transportation,Cost of Goods Sold,Cost of Goods Sold,COGS - Purchased Transportation - 2025-11,101342.81,0,101342.81,USD,1.0,101342.81,Trans-Atlantic Line Haul BV,,Bill,,QBO,False,0
7125,JE-7125,2025-11-30,2025-11,CFS,Cascade Freight Systems Inc,5020,COGS - Fuel,Cost of Goods Sold,Cost of Goods Sold,COGS - Fuel - 2025-11,114615.84,0,114615.84,USD,1.0,114615.84,Fuel Express Suppliers,,Bill,,QBO,False,0
7125,JE-7125,2025-11-30,2025-11,CFS,Cascade Freight Systems Inc,5030,COGS - Driver Wages,Cost of Goods Sold,Cost of Goods Sold,COGS - Driver Wages - 2025-11,101810.55,0,101810.55,USD,1.0,101810.55,,,Bill,,QBO,False,0
7125,JE-7125,2025-11-30,2025-11,CFS,Cascade Freight Systems Inc,5070,COGS - Maintenance & Repairs,Cost of Goods Sold,Cost of Goods Sold,COGS - Maintenance & Repairs - 2025-11,38576.64,0,38576.64,USD,1.0,38576.64,MidState Truck Repair,,Bill,,QBO,False,0
7125,JE-7125,2025-11-30,2025-11,CFS,Cascade Freight Systems Inc,2000,Accounts Payable,Accounts Payable,Liability,Accrue direct costs 2025-11,0,356345.84,-356345.84,USD,1.0,-356345.84,,,Bill,,QBO,False,0
7126,JE-7126,2025-11-30,2025-11,NWC,Northwind Cargo B.V.,5000,COGS - Purchased Transportation,Cost of Goods Sold,Cost of Goods Sold,COGS - Purchased Transportation - 2025-11,107827.74,0,107827.74,EUR,1.09,117532.24,Ridgeway Carrier Network,,Bill,,QBO,False,0
7126,JE-7126,2025-11-30,2025-11,NWC,Northwind Cargo B.V.,5110,COGS - Customs Duties & Brokerage,Cost of Goods Sold,Cost of Goods Sold,COGS - Customs Duties & Brokerage - 2025-11,57227.14,0,57227.14,EUR,1.09,62377.58,Meridian Customs Brokers,,Bill,,QBO,False,0
7126,JE-7126,2025-11-30,2025-11,NWC,Northwind Cargo B.V.,5010,COGS - Owner Operator Settlements,Cost of Goods Sold,Cost of Goods Sold,COGS - Owner Operator Settlements - 2025-11,29577.07,0,29577.07,EUR,1.09,32239.0,Keystone Owner Operators LLC,,Bill,,QBO,False,0
7126,JE-7126,2025-11-30,2025-11,NWC,Northwind Cargo B.V.,5050,COGS - Temp & Contract Labor,Cost of Goods Sold,Cost of Goods Sold,COGS - Temp & Contract Labor - 2025-11,21519.64,0,21519.64,EUR,1.09,23456.4,Apex Staffing Solution,,Bill,,QBO,False,0
7126,JE-7126,2025-11-30,2025-11,NWC,Northwind Cargo B.V.,2000,Accounts Payable,Accounts Payable,Liability,Accrue direct costs 2025-11,0,216151.58,-216151.58,EUR,1.09,-235605.23,,,Bill,,QBO,False,0
7127,JE-7127,2025-11-30,2025-11,APX,Apex Warehousing LLC,5040,COGS - Warehouse Labor,Cost of Goods Sold,Cost of Goods Sold,COGS - Warehouse Labor - 2025-11,84593.39,0,84593.39,USD,1.0,84593.39,Warehouse Temps Direct,,Bill,,QBO,False,0
7127,JE-7127,2025-11-30,2025-11,APX,Apex Warehousing LLC,5050,COGS - Temp & Contract Labor,Cost of Goods Sold,Cost of Goods Sold,COGS - Temp & Contract Labor - 2025-11,35989.78,0,35989.78,USD,1.0,35989.78,Apex Staffing Solutions,,Bill,,QBO,False,0
7127,JE-7127,2025-11-30,2025-11,APX,Apex Warehousing LLC,5060,COGS - Equipment Lease & Rental,Cost of Goods Sold,Cost of Goods Sold,COGS - Equipment Lease & Rental - 2025-11,25627.88,0,25627.88,USD,1.0,25627.88,Penske Equipment Leasing,,Bill,,QBO,False,0
7127,JE-7127,2025-11-30,2025-11,APX,Apex Warehousing LLC,5090,COGS - Cargo Claims & Damages,Cost of Goods Sold,Cost of Goods Sold,COGS - Cargo Claims & Damages - 2025-11,10999.95,0,10999.95,USD,1.0,10999.95,Cargo Claims Adjusters Inc,,Bill,,QBO,False,0
7127,JE-7127,2025-11-30,2025-11,APX,Apex Warehousing LLC,2000,Accounts Payable,Accounts Payable,Liability,Accrue direct costs 2025-11,0,157211.0,-157211.0,USD,1.0,-157211.0,,,Bill,,QBO,False,0
7128,JE-7128,2025-11-30,2025-11,NWC,Northwind Cargo B.V.,7030,Unrealized FX Gain / (Loss),Other Income,Revenue,Unrealized FX revaluation EUR/USD 2025-11,39289.08,0,39289.08,EUR,1.09,42825.1,,,Journal Entry,,QBO,False,0
7128,JE-7128,2025-11-30,2025-11,NWC,Northwind Cargo B.V.,1100,Accounts Receivable,Accounts Receivable,Asset,AR revaluation 2025-11,0,39289.08,-39289.08,EUR,1.09,-42825.1,,,Journal Entry,,QBO,False,0
7129,JE-7129,2025-12-31,2025-12,MLG,Meridian Logistics LLC,5000,COGS - Purchased Transportation,Cost of Goods Sold,Cost of Goods Sold,COGS - Purchased Transportation - 2025-12,373257.34,0,373257.34,USD,1.0,373257.34,Ridgeway Carrier Network,,Bill,,QBO,False,0
7129,JE-7129,2025-12-31,2025-12,MLG,Meridian Logistics LLC,5010,COGS - Owner Operator Settlements,Cost of Goods Sold,Cost of Goods Sold,COGS - Owner Operator Settlements - 2025-12,100432.89,0,100432.89,USD,1.0,100432.89,Keystone Owner Operators LLC,,Bill,,QBO,False,0
7129,JE-7129,2025-12-31,2025-12,MLG,Meridian Logistics LLC,5020,COGS - Fuel,Cost of Goods Sold,Cost of Goods Sold,COGS - Fuel - 2025-12,56481.08,0,56481.08,USD,1.0,56481.08,Fuel Express Supplier's,,Bill,,QBO,False,0
7129,JE-7129,2025-12-31,2025-12,MLG,Meridian Logistics LLC,5070,COGS - Maintenance & Repairs,Cost of Goods Sold,Cost of Goods Sold,COGS - Maintenance & Repairs - 2025-12,41601.24,0,41601.24,USD,1.0,41601.24,MidState Truck Repair,,Bill,,QBO,False,0
7129,JE-7129,2025-12-31,2025-12,MLG,Meridian Logistics LLC,2000,Accounts Payable,Accounts Payable,Liability,Accrue direct costs 2025-12,0,571772.55,-571772.55,USD,1.0,-571772.55,,,Bill,,QBO,False,0
7130,JE-7130,2025-12-31,2025-12,CFS,Cascade Freight Systems Inc,5000,COGS - Purchased Transportation,Cost of Goods Sold,Cost of Goods Sold,COGS - Purchased Transportation - 2025-12,102148.58,0,102148.58,USD,1.0,102148.58,Ridgeway Carrier Network,,Bill,,QBO,False,0
7130,JE-7130,2025-12-31,2025-12,CFS,Cascade Freight Systems Inc,5020,COGS - Fuel,Cost of Goods Sold,Cost of Goods Sold,COGS - Fuel - 2025-12,111255.12,0,111255.12,USD,1.0,111255.12,FUEL EXPRESS SUPPLIERS INC,,Bill,,QBO,False,0
7130,JE-7130,2025-12-31,2025-12,CFS,Cascade Freight Systems Inc,5030,COGS - Driver Wages,Cost of Goods Sold,Cost of Goods Sold,COGS - Driver Wages - 2025-12,101520.36,0,101520.36,USD,1.0,101520.36,,,Bill,,QBO,False,0
7130,JE-7130,2025-12-31,2025-12,CFS,Cascade Freight Systems Inc,5070,COGS - Maintenance & Repairs,Cost of Goods Sold,Cost of Goods Sold,COGS - Maintenance & Repairs - 2025-12,38003.34,0,38003.34,USD,1.0,38003.34,MidState Truck Repair,,Bill,,QBO,False,0
7130,JE-7130,2025-12-31,2025-12,CFS,Cascade Freight Systems Inc,2000,Accounts Payable,Accounts Payable,Liability,Accrue direct costs 2025-12,0,352927.41,-352927.41,USD,1.0,-352927.41,,,Bill,,QBO,False,0
7131,JE-7131,2025-12-31,2025-12,NWC,Northwind Cargo B.V.,5000,COGS - Purchased Transportation,Cost of Goods Sold,Cost of Goods Sold,COGS - Purchased Transportation - 2025-12,107340.19,0,107340.19,EUR,1.09,117000.81,Trans-Atlantic Line Haul BV,,Bill,,QBO,False,0
7131,JE-7131,2025-12-31,2025-12,NWC,Northwind Cargo B.V.,5110,COGS - Customs Duties & Brokerage,Cost of Goods Sold,Cost of Goods Sold,COGS - Customs Duties & Brokerage - 2025-12,54209.26,0,54209.26,EUR,1.09,59088.1,Meridian Customs Brokers,,Bill,,QBO,False,0
7131,JE-7131,2025-12-31,2025-12,NWC,Northwind Cargo B.V.,5010,COGS - Owner Operator Settlements,Cost of Goods Sold,Cost of Goods Sold,COGS - Owner Operator Settlements - 2025-12,30218.55,0,30218.55,EUR,1.09,32938.21,Keystone Owner Operators LLC,,Bill,,QBO,False,0
7131,JE-7131,2025-12-31,2025-12,NWC,Northwind Cargo B.V.,5050,COGS - Temp & Contract Labor,Cost of Goods Sold,Cost of Goods Sold,COGS - Temp & Contract Labor - 2025-12,22306.56,0,22306.56,EUR,1.09,24314.15,Apex Staffing Solution,,Bill,,QBO,False,0
7131,JE-7131,2025-12-31,2025-12,NWC,Northwind Cargo B.V.,2000,Accounts Payable,Accounts Payable,Liability,Accrue direct costs 2025-12,0,214074.56,-214074.56,EUR,1.09,-233341.27,,,Bill,,QBO,False,0
7132,JE-7132,2025-12-31,2025-12,APX,Apex Warehousing LLC,5040,COGS - Warehouse Labor,Cost of Goods Sold,Cost of Goods Sold,COGS - Warehouse Labor - 2025-12,87547.74,0,87547.74,USD,1.0,87547.74,Warehouse Temps Direct,,Bill,,QBO,False,0
7132,JE-7132,2025-12-31,2025-12,APX,Apex Warehousing LLC,5050,COGS - Temp & Contract Labor,Cost of Goods Sold,Cost of Goods Sold,COGS - Temp & Contract Labor - 2025-12,35308.27,0,35308.27,USD,1.0,35308.27,Apex Staffing Solution,,Bill,,QBO,False,0
7132,JE-7132,2025-12-31,2025-12,APX,Apex Warehousing LLC,5060,COGS - Equipment Lease & Rental,Cost of Goods Sold,Cost of Goods Sold,COGS - Equipment Lease & Rental - 2025-12,25955.5,0,25955.5,USD,1.0,25955.5,Penske Equipment Leasing,,Bill,,QBO,False,0
7132,JE-7132,2025-12-31,2025-12,APX,Apex Warehousing LLC,5090,COGS - Cargo Claims & Damages,Cost of Goods Sold,Cost of Goods Sold,COGS - Cargo Claims & Damages - 2025-12,11514.34,0,11514.34,USD,1.0,11514.34,Cargo Claims Adjusters Inc,,Bill,,QBO,False,0
7132,JE-7132,2025-12-31,2025-12,APX,Apex Warehousing LLC,2000,Accounts Payable,Accounts Payable,Liability,Accrue direct costs 2025-12,0,160325.85,-160325.85,USD,1.0,-160325.85,,,Bill,,QBO,False,0
7133,JE-7133,2025-12-31,2025-12,NWC,Northwind Cargo B.V.,7030,Unrealized FX Gain / (Loss),Other Income,Revenue,Unrealized FX revaluation EUR/USD 2025-12,16826.52,0,16826.52,EUR,1.09,18340.91,,,Journal Entry,,QBO,False,0
7133,JE-7133,2025-12-31,2025-12,NWC,Northwind Cargo B.V.,1100,Accounts Receivable,Accounts Receivable,Asset,AR revaluation 2025-12,0,16826.52,-16826.52,EUR,1.09,-18340.91,,,Journal Entry,,QBO,False,0
7134,JE-7134,2025-12-31,2025-12,MHG,Meridian Holdings Group LLC,1400,Due From Affiliates,Other Current Asset,Asset,IC management fee receivable - MLG Q4-2025,71551.61,0,71551.61,USD,1.0,71551.61,,,Journal Entry,,QBO,False,0
7134,JE-7134,2025-12-31,2025-12,MHG,Meridian Holdings Group LLC,1400,Due From Affiliates,Other Current Asset,Asset,IC management fee receivable - CFS Q4-2025,40901.74,0,40901.74,USD,1.0,40901.74,,,Journal Entry,,QBO,False,0
7134,JE-7134,2025-12-31,2025-12,MHG,Meridian Holdings Group LLC,1400,Due From Affiliates,Other Current Asset,Asset,IC management fee receivable - NWC Q4-2025,39309.64,0,39309.64,USD,1.0,39309.64,,,Journal Entry,,QBO,False,0
7134,JE-7134,2025-12-31,2025-12,MHG,Meridian Holdings Group LLC,1400,Due From Affiliates,Other Current Asset,Asset,IC management fee receivable - APX Q4-2025,25225.0,0,25225.0,USD,1.0,25225.0,,,Journal Entry,,QBO,False,0
7134,JE-7134,2025-12-31,2025-12,MHG,Meridian Holdings Group LLC,4950,Intercompany Management Fee Income,Income,Revenue,IC management fee income Q4-2025,0,176987.99,-176987.99,USD,1.0,-176987.99,,,Journal Entry,,QBO,False,0
7135,JE-7135,2025-12-31,2025-12,MLG,Meridian Logistics LLC,6800,Intercompany Management Fee Expense,Expense,Expense,IC management fee - MHG Q4-2025,71551.61,0,71551.61,USD,1.0,71551.61,,,Journal Entry,,QBO,False,0
7135,JE-7135,2025-12-31,2025-12,MLG,Meridian Logistics LLC,2200,Due To Affiliates,Other Current Liability,Liability,IC payable - MHG Q4-2025,0,71551.61,-71551.61,USD,1.0,-71551.61,,,Journal Entry,,QBO,False,0
7136,JE-7136,2025-12-31,2025-12,CFS,Cascade Freight Systems Inc,6800,Intercompany Management Fee Expense,Expense,Expense,IC management fee - MHG Q4-2025,40901.74,0,40901.74,USD,1.0,40901.74,,,Journal Entry,,QBO,False,0
7136,JE-7136,2025-12-31,2025-12,CFS,Cascade Freight Systems Inc,2200,Due To Affiliates,Other Current Liability,Liability,IC payable - MHG Q4-2025,0,40901.74,-40901.74,USD,1.0,-40901.74,,,Journal Entry,,QBO,False,0
7137,JE-7137,2025-12-31,2025-12,NWC,Northwind Cargo B.V.,6800,Intercompany Management Fee Expense,Expense,Expense,IC management fee - MHG Q4-2025,36063.89,0,36063.89,EUR,1.09,39309.64,,,Journal Entry,,QBO,False,0
7137,JE-7137,2025-12-31,2025-12,NWC,Northwind Cargo B.V.,2200,Due To Affiliates,Other Current Liability,Liability,IC payable - MHG Q4-2025,0,36063.89,-36063.89,EUR,1.09,-39309.64,,,Journal Entry,,QBO,False,0
7138,JE-7138,2025-12-31,2025-12,MLG,Meridian Logistics LLC,4000,Revenue - Freight Brokerage,Income,Revenue,Reclass fuel surcharge out of line-haul Q4-2025,317411.27,0,317411.27,USD,1.0,317411.27,,,Journal Entry,,QBO,False,0
7138,JE-7138,2025-12-31,2025-12,MLG,Meridian Logistics LLC,4070,Revenue - Fuel Surcharge,Income,Revenue,Fuel surcharge revenue Q4-2025,0,317411.27,-317411.27,USD,1.0,-317411.27,,,Journal Entry,,QBO,False,0
7139,JE-7139,2025-12-31,2025-12,CFS,Cascade Freight Systems Inc,4000,Revenue - Freight Brokerage,Income,Revenue,Reclass fuel surcharge out of line-haul Q4-2025,164038.86,0,164038.86,USD,1.0,164038.86,,,Journal Entry,,QBO,False,0
7139,JE-7139,2025-12-31,2025-12,CFS,Cascade Freight Systems Inc,4070,Revenue - Fuel Surcharge,Income,Revenue,Fuel surcharge revenue Q4-2025,0,164038.86,-164038.86,USD,1.0,-164038.86,,,Journal Entry,,QBO,False,0
7140,JE-7140,2025-12-31,2025-12,MLG,Meridian Logistics LLC,6700,Depreciation Expense,Expense,Expense,Depreciation & amortization - 6 months to 2025-12,135948.58,0,135948.58,USD,1.0,135948.58,,,Journal Entry,,QBO,False,0
7140,JE-7140,2025-12-31,2025-12,MLG,Meridian Logistics LLC,1590,Accumulated Depreciation,Fixed Asset,Asset,Accumulated depreciation,0,135948.58,-135948.58,USD,1.0,-135948.58,,,Journal Entry,,QBO,False,0
7141,JE-7141,2025-12-31,2025-12,CFS,Cascade Freight Systems Inc,6700,Depreciation Expense,Expense,Expense,Depreciation & amortization - 6 months to 2025-12,433217.11,0,433217.11,USD,1.0,433217.11,,,Journal Entry,,QBO,False,0
7141,JE-7141,2025-12-31,2025-12,CFS,Cascade Freight Systems Inc,1590,Accumulated Depreciation,Fixed Asset,Asset,Accumulated depreciation,0,433217.11,-433217.11,USD,1.0,-433217.11,,,Journal Entry,,QBO,False,0
7142,JE-7142,2025-12-31,2025-12,NWC,Northwind Cargo B.V.,6700,Depreciation Expense,Expense,Expense,Depreciation & amortization - 6 months to 2025-12,99096.91,0,99096.91,EUR,1.09,108015.64,,,Journal Entry,,QBO,False,0
7142,JE-7142,2025-12-31,2025-12,NWC,Northwind Cargo B.V.,1590,Accumulated Depreciation,Fixed Asset,Asset,Accumulated depreciation,0,99096.91,-99096.91,EUR,1.09,-108015.64,,,Journal Entry,,QBO,False,0
7143,JE-7143,2025-12-31,2025-12,APX,Apex Warehousing LLC,6700,Depreciation Expense,Expense,Expense,Depreciation & amortization - 6 months to 2025-12,260755.61,0,260755.61,USD,1.0,260755.61,,,Journal Entry,,QBO,False,0
7143,JE-7143,2025-12-31,2025-12,APX,Apex Warehousing LLC,1590,Accumulated Depreciation,Fixed Asset,Asset,Accumulated depreciation,0,260755.61,-260755.61,USD,1.0,-260755.61,,,Journal Entry,,QBO,False,0
7144,JE-7144,2025-12-31,2025-12,MLG,Meridian Logistics LLC,6610,Bad Debt Expense,Expense,Expense,Bad debt provision - FY2025,27497.62,0,27497.62,USD,1.0,27497.62,,,Journal Entry,,QBO,False,0
7144,JE-7144,2025-12-31,2025-12,MLG,Meridian Logistics LLC,1150,Allowance for Doubtful Accounts,Other Current Asset,Asset,Allowance for doubtful accounts,0,27497.62,-27497.62,USD,1.0,-27497.62,,,Journal Entry,,QBO,False,0
7145,JE-7145,2025-12-31,2025-12,CFS,Cascade Freight Systems Inc,6610,Bad Debt Expense,Expense,Expense,Bad debt provision - FY2025,4460.02,0,4460.02,USD,1.0,4460.02,,,Journal Entry,,QBO,False,0
7145,JE-7145,2025-12-31,2025-12,CFS,Cascade Freight Systems Inc,1150,Allowance for Doubtful Accounts,Other Current Asset,Asset,Allowance for doubtful accounts,0,4460.02,-4460.02,USD,1.0,-4460.02,,,Journal Entry,,QBO,False,0
7146,JE-7146,2025-12-31,2025-12,NWC,Northwind Cargo B.V.,6610,Bad Debt Expense,Expense,Expense,Bad debt provision - FY2025,13892.85,0,13892.85,EUR,1.09,15143.21,,,Journal Entry,,QBO,False,0
7146,JE-7146,2025-12-31,2025-12,NWC,Northwind Cargo B.V.,1150,Allowance for Doubtful Accounts,Other Current Asset,Asset,Allowance for doubtful accounts,0,13892.85,-13892.85,EUR,1.09,-15143.21,,,Journal Entry,,QBO,False,0
7147,JE-7147,2025-12-31,2025-12,APX,Apex Warehousing LLC,6610,Bad Debt Expense,Expense,Expense,Bad debt provision - FY2025,9398.51,0,9398.51,USD,1.0,9398.51,,,Journal Entry,,QBO,False,0
7147,JE-7147,2025-12-31,2025-12,APX,Apex Warehousing LLC,1150,Allowance for Doubtful Accounts,Other Current Asset,Asset,Allowance for doubtful accounts,0,9398.51,-9398.51,USD,1.0,-9398.51,,,Journal Entry,,QBO,False,0
7148,JE-7148,2026-01-31,2026-01,MLG,Meridian Logistics LLC,5000,COGS - Purchased Transportation,Cost of Goods Sold,Cost of Goods Sold,COGS - Purchased Transportation - 2026-01,390039.75,0,390039.75,USD,1.0,390039.75,Sentinel Freight Partners,,Bill,,QBO,False,0
7148,JE-7148,2026-01-31,2026-01,MLG,Meridian Logistics LLC,5010,COGS - Owner Operator Settlements,Cost of Goods Sold,Cost of Goods Sold,COGS - Owner Operator Settlements - 2026-01,101170.77,0,101170.77,USD,1.0,101170.77,Keystone Owner Operators LLC,,Bill,,QBO,False,0
7148,JE-7148,2026-01-31,2026-01,MLG,Meridian Logistics LLC,5020,COGS - Fuel,Cost of Goods Sold,Cost of Goods Sold,COGS - Fuel - 2026-01,56743.43,0,56743.43,USD,1.0,56743.43,Fuel Express Supplier's,,Bill,,QBO,False,0
7148,JE-7148,2026-01-31,2026-01,MLG,Meridian Logistics LLC,5070,COGS - Maintenance & Repairs,Cost of Goods Sold,Cost of Goods Sold,COGS - Maintenance & Repairs - 2026-01,39732.31,0,39732.31,USD,1.0,39732.31,MidState Truck Repair,,Bill,,QBO,False,0
7148,JE-7148,2026-01-31,2026-01,MLG,Meridian Logistics LLC,2000,Accounts Payable,Accounts Payable,Liability,Accrue direct costs 2026-01,0,587686.26,-587686.26,USD,1.0,-587686.26,,,Bill,,QBO,False,0
7149,JE-7149,2026-01-31,2026-01,CFS,Cascade Freight Systems Inc,5000,COGS - Purchased Transportation,Cost of Goods Sold,Cost of Goods Sold,COGS - Purchased Transportation - 2026-01,87532.96,0,87532.96,USD,1.0,87532.96,Ridgeway Carrier Network,,Bill,,QBO,False,0
7149,JE-7149,2026-01-31,2026-01,CFS,Cascade Freight Systems Inc,5020,COGS - Fuel,Cost of Goods Sold,Cost of Goods Sold,COGS - Fuel - 2026-01,105809.21,0,105809.21,USD,1.0,105809.21,FUEL EXPRESS SUPPLIERS INC,,Bill,,QBO,False,0
7149,JE-7149,2026-01-31,2026-01,CFS,Cascade Freight Systems Inc,5030,COGS - Driver Wages,Cost of Goods Sold,Cost of Goods Sold,COGS - Driver Wages - 2026-01,94764.14,0,94764.14,USD,1.0,94764.14,,,Bill,,QBO,False,0
7149,JE-7149,2026-01-31,2026-01,CFS,Cascade Freight Systems Inc,5070,COGS - Maintenance & Repairs,Cost of Goods Sold,Cost of Goods Sold,COGS - Maintenance & Repairs - 2026-01,36329.39,0,36329.39,USD,1.0,36329.39,MidState Truck Repair,,Bill,,QBO,False,0
7149,JE-7149,2026-01-31,2026-01,CFS,Cascade Freight Systems Inc,2000,Accounts Payable,Accounts Payable,Liability,Accrue direct costs 2026-01,0,324435.71,-324435.71,USD,1.0,-324435.71,,,Bill,,QBO,False,0
7150,JE-7150,2026-01-31,2026-01,NWC,Northwind Cargo B.V.,5000,COGS - Purchased Transportation,Cost of Goods Sold,Cost of Goods Sold,COGS - Purchased Transportation - 2026-01,106998.37,0,106998.37,EUR,1.09,116628.23,Ridgeway Carrier Network,,Bill,,QBO,False,0
7150,JE-7150,2026-01-31,2026-01,NWC,Northwind Cargo B.V.,5110,COGS - Customs Duties & Brokerage,Cost of Goods Sold,Cost of Goods Sold,COGS - Customs Duties & Brokerage - 2026-01,55779.31,0,55779.31,EUR,1.09,60799.45,Meridian Customs Brokers,,Bill,,QBO,False,0
7150,JE-7150,2026-01-31,2026-01,NWC,Northwind Cargo B.V.,5010,COGS - Owner Operator Settlements,Cost of Goods Sold,Cost of Goods Sold,COGS - Owner Operator Settlements - 2026-01,29659.39,0,29659.39,EUR,1.09,32328.74,Keystone Owner Operators LLC,,Bill,,QBO,False,0
7150,JE-7150,2026-01-31,2026-01,NWC,Northwind Cargo B.V.,5050,COGS - Temp & Contract Labor,Cost of Goods Sold,Cost of Goods Sold,COGS - Temp & Contract Labor - 2026-01,21061.86,0,21061.86,EUR,1.09,22957.42,Apex Staffing Solution,,Bill,,QBO,False,0
7150,JE-7150,2026-01-31,2026-01,NWC,Northwind Cargo B.V.,2000,Accounts Payable,Accounts Payable,Liability,Accrue direct costs 2026-01,0,213498.93,-213498.93,EUR,1.09,-232713.84,,,Bill,,QBO,False,0
7151,JE-7151,2026-01-31,2026-01,APX,Apex Warehousing LLC,5040,COGS - Warehouse Labor,Cost of Goods Sold,Cost of Goods Sold,COGS - Warehouse Labor - 2026-01,79073.56,0,79073.56,USD,1.0,79073.56,Warehouse Temps Direct,,Bill,,QBO,False,0
7151,JE-7151,2026-01-31,2026-01,APX,Apex Warehousing LLC,5050,COGS - Temp & Contract Labor,Cost of Goods Sold,Cost of Goods Sold,COGS - Temp & Contract Labor - 2026-01,31587.76,0,31587.76,USD,1.0,31587.76,Apex Staffing Solutions,,Bill,,QBO,False,0
7151,JE-7151,2026-01-31,2026-01,APX,Apex Warehousing LLC,5060,COGS - Equipment Lease & Rental,Cost of Goods Sold,Cost of Goods Sold,COGS - Equipment Lease & Rental - 2026-01,23170.13,0,23170.13,USD,1.0,23170.13,Penske Equipment Leasing,,Bill,,QBO,False,0
7151,JE-7151,2026-01-31,2026-01,APX,Apex Warehousing LLC,5090,COGS - Cargo Claims & Damages,Cost of Goods Sold,Cost of Goods Sold,COGS - Cargo Claims & Damages - 2026-01,10266.71,0,10266.71,USD,1.0,10266.71,Cargo Claims Adjusters Inc,,Bill,,QBO,False,0
7151,JE-7151,2026-01-31,2026-01,APX,Apex Warehousing LLC,2000,Accounts Payable,Accounts Payable,Liability,Accrue direct costs 2026-01,0,144098.16,-144098.16,USD,1.0,-144098.16,,,Bill,,QBO,False,0
7152,JE-7152,2026-01-31,2026-01,NWC,Northwind Cargo B.V.,7030,Unrealized FX Gain / (Loss),Other Income,Revenue,Unrealized FX revaluation EUR/USD 2026-01,0,31374.53,-31374.53,EUR,1.09,-34198.24,,,Journal Entry,,QBO,False,0
7152,JE-7152,2026-01-31,2026-01,NWC,Northwind Cargo B.V.,1100,Accounts Receivable,Accounts Receivable,Asset,AR revaluation 2026-01,31374.53,0,31374.53,EUR,1.09,34198.24,,,Journal Entry,,QBO,False,0
7153,JE-7153,2026-02-28,2026-02,MLG,Meridian Logistics LLC,5000,COGS - Purchased Transportation,Cost of Goods Sold,Cost of Goods Sold,COGS - Purchased Transportation - 2026-02,353448.03,0,353448.03,USD,1.0,353448.03,Sentinel Freight Partners,,Bill,,QBO,False,0
7153,JE-7153,2026-02-28,2026-02,MLG,Meridian Logistics LLC,5010,COGS - Owner Operator Settlements,Cost of Goods Sold,Cost of Goods Sold,COGS - Owner Operator Settlements - 2026-02,93437.75,0,93437.75,USD,1.0,93437.75,Keystone Owner Operators LLC,,Bill,,QBO,False,0
7153,JE-7153,2026-02-28,2026-02,MLG,Meridian Logistics LLC,5020,COGS - Fuel,Cost of Goods Sold,Cost of Goods Sold,COGS - Fuel - 2026-02,53301.11,0,53301.11,USD,1.0,53301.11,Fuel Express Suppliers,,Bill,,QBO,False,0
7153,JE-7153,2026-02-28,2026-02,MLG,Meridian Logistics LLC,5070,COGS - Maintenance & Repairs,Cost of Goods Sold,Cost of Goods Sold,COGS - Maintenance & Repairs - 2026-02,37462.81,0,37462.81,USD,1.0,37462.81,MidState Truck Repair,,Bill,,QBO,False,0
7153,JE-7153,2026-02-28,2026-02,MLG,Meridian Logistics LLC,2000,Accounts Payable,Accounts Payable,Liability,Accrue direct costs 2026-02,0,537649.69,-537649.69,USD,1.0,-537649.69,,,Bill,,QBO,False,0
7154,JE-7154,2026-02-28,2026-02,CFS,Cascade Freight Systems Inc,5000,COGS - Purchased Transportation,Cost of Goods Sold,Cost of Goods Sold,COGS - Purchased Transportation - 2026-02,98030.18,0,98030.18,USD,1.0,98030.18,Ridgeway Carrier Network,,Bill,,QBO,False,0
7154,JE-7154,2026-02-28,2026-02,CFS,Cascade Freight Systems Inc,5020,COGS - Fuel,Cost of Goods Sold,Cost of Goods Sold,COGS - Fuel - 2026-02,117665.82,0,117665.82,USD,1.0,117665.82,Fuel Express Supplier's,,Bill,,QBO,False,0
7154,JE-7154,2026-02-28,2026-02,CFS,Cascade Freight Systems Inc,5030,COGS - Driver Wages,Cost of Goods Sold,Cost of Goods Sold,COGS - Driver Wages - 2026-02,104921.62,0,104921.62,USD,1.0,104921.62,,,Bill,,QBO,False,0
7154,JE-7154,2026-02-28,2026-02,CFS,Cascade Freight Systems Inc,5070,COGS - Maintenance & Repairs,Cost of Goods Sold,Cost of Goods Sold,COGS - Maintenance & Repairs - 2026-02,37306.88,0,37306.88,USD,1.0,37306.88,MidState Truck Repair,,Bill,,QBO,False,0
7154,JE-7154,2026-02-28,2026-02,CFS,Cascade Freight Systems Inc,2000,Accounts Payable,Accounts Payable,Liability,Accrue direct costs 2026-02,0,357924.49,-357924.49,USD,1.0,-357924.49,,,Bill,,QBO,False,0
7155,JE-7155,2026-02-28,2026-02,NWC,Northwind Cargo B.V.,5000,COGS - Purchased Transportation,Cost of Goods Sold,Cost of Goods Sold,COGS - Purchased Transportation - 2026-02,105577.69,0,105577.69,EUR,1.09,115079.68,Sentinel Freight Partners,,Bill,,QBO,False,0
7155,JE-7155,2026-02-28,2026-02,NWC,Northwind Cargo B.V.,5110,COGS - Customs Duties & Brokerage,Cost of Goods Sold,Cost of Goods Sold,COGS - Customs Duties & Brokerage - 2026-02,55476.6,0,55476.6,EUR,1.09,60469.49,Meridian Customs Brokers,,Bill,,QBO,False,0
7155,JE-7155,2026-02-28,2026-02,NWC,Northwind Cargo B.V.,5010,COGS - Owner Operator Settlements,Cost of Goods Sold,Cost of Goods Sold,COGS - Owner Operator Settlements - 2026-02,28866.62,0,28866.62,EUR,1.09,31464.61,Keystone Owner Operators LLC,,Bill,,QBO,False,0
7155,JE-7155,2026-02-28,2026-02,NWC,Northwind Cargo B.V.,5050,COGS - Temp & Contract Labor,Cost of Goods Sold,Cost of Goods Sold,COGS - Temp & Contract Labor - 2026-02,21181.42,0,21181.42,EUR,1.09,23087.75,Apex Staffing Solution,,Bill,,QBO,False,0
7155,JE-7155,2026-02-28,2026-02,NWC,Northwind Cargo B.V.,2000,Accounts Payable,Accounts Payable,Liability,Accrue direct costs 2026-02,0,211102.33,-211102.33,EUR,1.09,-230101.54,,,Bill,,QBO,False,0
7156,JE-7156,2026-02-28,2026-02,APX,Apex Warehousing LLC,5040,COGS - Warehouse Labor,Cost of Goods Sold,Cost of Goods Sold,COGS - Warehouse Labor - 2026-02,91042.75,0,91042.75,USD,1.0,91042.75,Warehouse Temps Direct,,Bill,,QBO,False,0
7156,JE-7156,2026-02-28,2026-02,APX,Apex Warehousing LLC,5050,COGS - Temp & Contract Labor,Cost of Goods Sold,Cost of Goods Sold,COGS - Temp & Contract Labor - 2026-02,35349.46,0,35349.46,USD,1.0,35349.46,Apex Staffing Solution,,Bill,,QBO,False,0
7156,JE-7156,2026-02-28,2026-02,APX,Apex Warehousing LLC,5060,COGS - Equipment Lease & Rental,Cost of Goods Sold,Cost of Goods Sold,COGS - Equipment Lease & Rental - 2026-02,25094.14,0,25094.14,USD,1.0,25094.14,Penske Equipment Leasing,,Bill,,QBO,False,0
7156,JE-7156,2026-02-28,2026-02,APX,Apex Warehousing LLC,5090,COGS - Cargo Claims & Damages,Cost of Goods Sold,Cost of Goods Sold,COGS - Cargo Claims & Damages - 2026-02,11314.29,0,11314.29,USD,1.0,11314.29,Cargo Claims Adjusters Inc,,Bill,,QBO,False,0
7156,JE-7156,2026-02-28,2026-02,APX,Apex Warehousing LLC,2000,Accounts Payable,Accounts Payable,Liability,Accrue direct costs 2026-02,0,162800.63,-162800.63,USD,1.0,-162800.63,,,Bill,,QBO,False,0
7157,JE-7157,2026-02-28,2026-02,NWC,Northwind Cargo B.V.,7030,Unrealized FX Gain / (Loss),Other Income,Revenue,Unrealized FX revaluation EUR/USD 2026-02,0,1603.1,-1603.1,EUR,1.09,-1747.38,,,Journal Entry,,QBO,False,0
7157,JE-7157,2026-02-28,2026-02,NWC,Northwind Cargo B.V.,1100,Accounts Receivable,Accounts Receivable,Asset,AR revaluation 2026-02,1603.1,0,1603.1,EUR,1.09,1747.38,,,Journal Entry,,QBO,False,0
7158,JE-7158,2026-03-31,2026-03,MLG,Meridian Logistics LLC,5000,COGS - Purchased Transportation,Cost of Goods Sold,Cost of Goods Sold,COGS - Purchased Transportation - 2026-03,448067.59,0,448067.59,USD,1.0,448067.59,Sentinel Freight Partners,,Bill,,QBO,False,0
7158,JE-7158,2026-03-31,2026-03,MLG,Meridian Logistics LLC,5010,COGS - Owner Operator Settlements,Cost of Goods Sold,Cost of Goods Sold,COGS - Owner Operator Settlements - 2026-03,108337.77,0,108337.77,USD,1.0,108337.77,Keystone Owner Operators LLC,,Bill,,QBO,False,0
7158,JE-7158,2026-03-31,2026-03,MLG,Meridian Logistics LLC,5020,COGS - Fuel,Cost of Goods Sold,Cost of Goods Sold,COGS - Fuel - 2026-03,66709.15,0,66709.15,USD,1.0,66709.15,Fuel Express Supplier's,,Bill,,QBO,False,0
7158,JE-7158,2026-03-31,2026-03,MLG,Meridian Logistics LLC,5070,COGS - Maintenance & Repairs,Cost of Goods Sold,Cost of Goods Sold,COGS - Maintenance & Repairs - 2026-03,47425.88,0,47425.88,USD,1.0,47425.88,MidState Truck Repair,,Bill,,QBO,False,0
7158,JE-7158,2026-03-31,2026-03,MLG,Meridian Logistics LLC,2000,Accounts Payable,Accounts Payable,Liability,Accrue direct costs 2026-03,0,670540.39,-670540.39,USD,1.0,-670540.39,,,Bill,,QBO,False,0
7159,JE-7159,2026-03-31,2026-03,CFS,Cascade Freight Systems Inc,5000,COGS - Purchased Transportation,Cost of Goods Sold,Cost of Goods Sold,COGS - Purchased Transportation - 2026-03,94943.33,0,94943.33,USD,1.0,94943.33,Sentinel Freight Partners,,Bill,,QBO,False,0
7159,JE-7159,2026-03-31,2026-03,CFS,Cascade Freight Systems Inc,5020,COGS - Fuel,Cost of Goods Sold,Cost of Goods Sold,COGS - Fuel - 2026-03,125001.63,0,125001.63,USD,1.0,125001.63,Fuel Express Supplier's,,Bill,,QBO,False,0
7159,JE-7159,2026-03-31,2026-03,CFS,Cascade Freight Systems Inc,5030,COGS - Driver Wages,Cost of Goods Sold,Cost of Goods Sold,COGS - Driver Wages - 2026-03,101205.2,0,101205.2,USD,1.0,101205.2,,,Bill,,QBO,False,0
7159,JE-7159,2026-03-31,2026-03,CFS,Cascade Freight Systems Inc,5070,COGS - Maintenance & Repairs,Cost of Goods Sold,Cost of Goods Sold,COGS - Maintenance & Repairs - 2026-03,41738.55,0,41738.55,USD,1.0,41738.55,MidState Truck Repair,,Bill,,QBO,False,0
7159,JE-7159,2026-03-31,2026-03,CFS,Cascade Freight Systems Inc,2000,Accounts Payable,Accounts Payable,Liability,Accrue direct costs 2026-03,0,362888.71,-362888.71,USD,1.0,-362888.71,,,Bill,,QBO,False,0
7160,JE-7160,2026-03-31,2026-03,NWC,Northwind Cargo B.V.,5000,COGS - Purchased Transportation,Cost of Goods Sold,Cost of Goods Sold,COGS - Purchased Transportation - 2026-03,118000.65,0,118000.65,EUR,1.09,128620.71,Trans-Atlantic Line Haul BV,,Bill,,QBO,False,0
7160,JE-7160,2026-03-31,2026-03,NWC,Northwind Cargo B.V.,5110,COGS - Customs Duties & Brokerage,Cost of Goods Sold,Cost of Goods Sold,COGS - Customs Duties & Brokerage - 2026-03,60720.7,0,60720.7,EUR,1.09,66185.56,Meridian Customs Brokers,,Bill,,QBO,False,0
7160,JE-7160,2026-03-31,2026-03,NWC,Northwind Cargo B.V.,5010,COGS - Owner Operator Settlements,Cost of Goods Sold,Cost of Goods Sold,COGS - Owner Operator Settlements - 2026-03,33835.24,0,33835.24,EUR,1.09,36880.41,Keystone Owner Operators LLC,,Bill,,QBO,False,0
7160,JE-7160,2026-03-31,2026-03,NWC,Northwind Cargo B.V.,5050,COGS - Temp & Contract Labor,Cost of Goods Sold,Cost of Goods Sold,COGS - Temp & Contract Labor - 2026-03,24232.16,0,24232.16,EUR,1.09,26413.06,Apex Staffing Solution,,Bill,,QBO,False,0
7160,JE-7160,2026-03-31,2026-03,NWC,Northwind Cargo B.V.,2000,Accounts Payable,Accounts Payable,Liability,Accrue direct costs 2026-03,0,236788.75,-236788.75,EUR,1.09,-258099.74,,,Bill,,QBO,False,0
7161,JE-7161,2026-03-31,2026-03,APX,Apex Warehousing LLC,5040,COGS - Warehouse Labor,Cost of Goods Sold,Cost of Goods Sold,COGS - Warehouse Labor - 2026-03,88886.01,0,88886.01,USD,1.0,88886.01,Warehouse Temps Direct,,Bill,,QBO,False,0
7161,JE-7161,2026-03-31,2026-03,APX,Apex Warehousing LLC,5050,COGS - Temp & Contract Labor,Cost of Goods Sold,Cost of Goods Sold,COGS - Temp & Contract Labor - 2026-03,36820.98,0,36820.98,USD,1.0,36820.98,Apex Staffing Solution,,Bill,,QBO,False,0
7161,JE-7161,2026-03-31,2026-03,APX,Apex Warehousing LLC,5060,COGS - Equipment Lease & Rental,Cost of Goods Sold,Cost of Goods Sold,COGS - Equipment Lease & Rental - 2026-03,25746.41,0,25746.41,USD,1.0,25746.41,Penske Equipment Leasing,,Bill,,QBO,False,0
7161,JE-7161,2026-03-31,2026-03,APX,Apex Warehousing LLC,5090,COGS - Cargo Claims & Damages,Cost of Goods Sold,Cost of Goods Sold,COGS - Cargo Claims & Damages - 2026-03,11297.5,0,11297.5,USD,1.0,11297.5,Cargo Claims Adjusters Inc,,Bill,,QBO,False,0
7161,JE-7161,2026-03-31,2026-03,APX,Apex Warehousing LLC,2000,Accounts Payable,Accounts Payable,Liability,Accrue direct costs 2026-03,0,162750.9,-162750.9,USD,1.0,-162750.9,,,Bill,,QBO,False,0
7162,JE-7162,2026-03-31,2026-03,MHG,Meridian Holdings Group LLC,1400,Due From Affiliates,Other Current Asset,Asset,IC management fee receivable - MLG Q1-2026,75491.17,0,75491.17,USD,1.0,75491.17,,,Journal Entry,,QBO,False,0
7162,JE-7162,2026-03-31,2026-03,MHG,Meridian Holdings Group LLC,1400,Due From Affiliates,Other Current Asset,Asset,IC management fee receivable - CFS Q1-2026,38849.74,0,38849.74,USD,1.0,38849.74,,,Journal Entry,,QBO,False,0
7162,JE-7162,2026-03-31,2026-03,MHG,Meridian Holdings Group LLC,1400,Due From Affiliates,Other Current Asset,Asset,IC management fee receivable - NWC Q1-2026,39707.38,0,39707.38,USD,1.0,39707.38,,,Journal Entry,,QBO,False,0
7162,JE-7162,2026-03-31,2026-03,MHG,Meridian Holdings Group LLC,1400,Due From Affiliates,Other Current Asset,Asset,IC management fee receivable - APX Q1-2026,25706.12,0,25706.12,USD,1.0,25706.12,,,Journal Entry,,QBO,False,0
7162,JE-7162,2026-03-31,2026-03,MHG,Meridian Holdings Group LLC,4950,Intercompany Management Fee Income,Income,Revenue,IC management fee income Q1-2026,0,179754.41,-179754.41,USD,1.0,-179754.41,,,Journal Entry,,QBO,False,0
7163,JE-7163,2026-03-31,2026-03,MLG,Meridian Logistics LLC,6800,Intercompany Management Fee Expense,Expense,Expense,IC management fee - MHG Q1-2026,75491.17,0,75491.17,USD,1.0,75491.17,,,Journal Entry,,QBO,False,0
7163,JE-7163,2026-03-31,2026-03,MLG,Meridian Logistics LLC,2200,Due To Affiliates,Other Current Liability,Liability,IC payable - MHG Q1-2026,0,75491.17,-75491.17,USD,1.0,-75491.17,,,Journal Entry,,QBO,False,0
7164,JE-7164,2026-03-31,2026-03,CFS,Cascade Freight Systems Inc,6800,Intercompany Management Fee Expense,Expense,Expense,IC management fee - MHG Q1-2026,38849.74,0,38849.74,USD,1.0,38849.74,,,Journal Entry,,QBO,False,0
7164,JE-7164,2026-03-31,2026-03,CFS,Cascade Freight Systems Inc,2200,Due To Affiliates,Other Current Liability,Liability,IC payable - MHG Q1-2026,0,38849.74,-38849.74,USD,1.0,-38849.74,,,Journal Entry,,QBO,False,0
7165,JE-7165,2026-03-31,2026-03,NWC,Northwind Cargo B.V.,6800,Intercompany Management Fee Expense,Expense,Expense,IC management fee - MHG Q1-2026,36428.79,0,36428.79,EUR,1.09,39707.38,,,Journal Entry,,QBO,False,0
7165,JE-7165,2026-03-31,2026-03,NWC,Northwind Cargo B.V.,2200,Due To Affiliates,Other Current Liability,Liability,IC payable - MHG Q1-2026,0,36428.79,-36428.79,EUR,1.09,-39707.38,,,Journal Entry,,QBO,False,0
7166,JE-7166,2026-03-31,2026-03,MLG,Meridian Logistics LLC,4000,Revenue - Freight Brokerage,Income,Revenue,Reclass fuel surcharge out of line-haul Q1-2026,302043.41,0,302043.41,USD,1.0,302043.41,,,Journal Entry,,QBO,False,0
7166,JE-7166,2026-03-31,2026-03,MLG,Meridian Logistics LLC,4070,Revenue - Fuel Surcharge,Income,Revenue,Fuel surcharge revenue Q1-2026,0,302043.41,-302043.41,USD,1.0,-302043.41,,,Journal Entry,,QBO,False,0
7167,JE-7167,2026-03-31,2026-03,CFS,Cascade Freight Systems Inc,4000,Revenue - Freight Brokerage,Income,Revenue,Reclass fuel surcharge out of line-haul Q1-2026,118728.01,0,118728.01,USD,1.0,118728.01,,,Journal Entry,,QBO,False,0
7167,JE-7167,2026-03-31,2026-03,CFS,Cascade Freight Systems Inc,4070,Revenue - Fuel Surcharge,Income,Revenue,Fuel surcharge revenue Q1-2026,0,118728.01,-118728.01,USD,1.0,-118728.01,,,Journal Entry,,QBO,False,0
7168,JE-7168,2026-04-30,2026-04,MLG,Meridian Logistics LLC,5000,COGS - Purchased Transportation,Cost of Goods Sold,Cost of Goods Sold,COGS - Purchased Transportation - 2026-04,416633.02,0,416633.02,USD,1.0,416633.02,Ridgeway Carrier Network,,Bill,,QBO,False,0
7168,JE-7168,2026-04-30,2026-04,MLG,Meridian Logistics LLC,5010,COGS - Owner Operator Settlements,Cost of Goods Sold,Cost of Goods Sold,COGS - Owner Operator Settlements - 2026-04,104496.44,0,104496.44,USD,1.0,104496.44,Keystone Owner Operators LLC,,Bill,,QBO,False,0
7168,JE-7168,2026-04-30,2026-04,MLG,Meridian Logistics LLC,5020,COGS - Fuel,Cost of Goods Sold,Cost of Goods Sold,COGS - Fuel - 2026-04,60340.23,0,60340.23,USD,1.0,60340.23,FUEL EXPRESS SUPPLIERS INC,,Bill,,QBO,False,0
7168,JE-7168,2026-04-30,2026-04,MLG,Meridian Logistics LLC,5070,COGS - Maintenance & Repairs,Cost of Goods Sold,Cost of Goods Sold,COGS - Maintenance & Repairs - 2026-04,43433.6,0,43433.6,USD,1.0,43433.6,MidState Truck Repair,,Bill,,QBO,False,0
7168,JE-7168,2026-04-30,2026-04,MLG,Meridian Logistics LLC,2000,Accounts Payable,Accounts Payable,Liability,Accrue direct costs 2026-04,0,624903.29,-624903.29,USD,1.0,-624903.29,,,Bill,,QBO,False,0
7169,JE-7169,2026-04-30,2026-04,CFS,Cascade Freight Systems Inc,5000,COGS - Purchased Transportation,Cost of Goods Sold,Cost of Goods Sold,COGS - Purchased Transportation - 2026-04,98787.35,0,98787.35,USD,1.0,98787.35,Sentinel Freight Partners,,Bill,,QBO,False,0
7169,JE-7169,2026-04-30,2026-04,CFS,Cascade Freight Systems Inc,5020,COGS - Fuel,Cost of Goods Sold,Cost of Goods Sold,COGS - Fuel - 2026-04,122589.11,0,122589.11,USD,1.0,122589.11,Fuel Express Supplier's,,Bill,,QBO,False,0
7169,JE-7169,2026-04-30,2026-04,CFS,Cascade Freight Systems Inc,5030,COGS - Driver Wages,Cost of Goods Sold,Cost of Goods Sold,COGS - Driver Wages - 2026-04,104563.66,0,104563.66,USD,1.0,104563.66,,,Bill,,QBO,False,0
7169,JE-7169,2026-04-30,2026-04,CFS,Cascade Freight Systems Inc,5070,COGS - Maintenance & Repairs,Cost of Goods Sold,Cost of Goods Sold,COGS - Maintenance & Repairs - 2026-04,41947.5,0,41947.5,USD,1.0,41947.5,MidState Truck Repair,,Bill,,QBO,False,0
7169,JE-7169,2026-04-30,2026-04,CFS,Cascade Freight Systems Inc,2000,Accounts Payable,Accounts Payable,Liability,Accrue direct costs 2026-04,0,367887.63,-367887.63,USD,1.0,-367887.63,,,Bill,,QBO,False,0
7170,JE-7170,2026-04-30,2026-04,NWC,Northwind Cargo B.V.,5000,COGS - Purchased Transportation,Cost of Goods Sold,Cost of Goods Sold,COGS - Purchased Transportation - 2026-04,124140.48,0,124140.48,EUR,1.09,135313.12,Sentinel Freight Partners,,Bill,,QBO,False,0
7170,JE-7170,2026-04-30,2026-04,NWC,Northwind Cargo B.V.,5110,COGS - Customs Duties & Brokerage,Cost of Goods Sold,Cost of Goods Sold,COGS - Customs Duties & Brokerage - 2026-04,66215.57,0,66215.57,EUR,1.09,72174.97,Meridian Customs Brokers,,Bill,,QBO,False,0
7170,JE-7170,2026-04-30,2026-04,NWC,Northwind Cargo B.V.,5010,COGS - Owner Operator Settlements,Cost of Goods Sold,Cost of Goods Sold,COGS - Owner Operator Settlements - 2026-04,34231.46,0,34231.46,EUR,1.09,37312.29,Keystone Owner Operators LLC,,Bill,,QBO,False,0
7170,JE-7170,2026-04-30,2026-04,NWC,Northwind Cargo B.V.,5050,COGS - Temp & Contract Labor,Cost of Goods Sold,Cost of Goods Sold,COGS - Temp & Contract Labor - 2026-04,26025.82,0,26025.82,EUR,1.09,28368.14,Apex Staffing Solutions,,Bill,,QBO,False,0
7170,JE-7170,2026-04-30,2026-04,NWC,Northwind Cargo B.V.,2000,Accounts Payable,Accounts Payable,Liability,Accrue direct costs 2026-04,0,250613.32,-250613.32,EUR,1.09,-273168.52,,,Bill,,QBO,False,0
7171,JE-7171,2026-04-30,2026-04,APX,Apex Warehousing LLC,5040,COGS - Warehouse Labor,Cost of Goods Sold,Cost of Goods Sold,COGS - Warehouse Labor - 2026-04,93950.19,0,93950.19,USD,1.0,93950.19,Warehouse Temps Direct,,Bill,,QBO,False,0
7171,JE-7171,2026-04-30,2026-04,APX,Apex Warehousing LLC,5050,COGS - Temp & Contract Labor,Cost of Goods Sold,Cost of Goods Sold,COGS - Temp & Contract Labor - 2026-04,39372.56,0,39372.56,USD,1.0,39372.56,Apex Staffing Solution,,Bill,,QBO,False,0
7171,JE-7171,2026-04-30,2026-04,APX,Apex Warehousing LLC,5060,COGS - Equipment Lease & Rental,Cost of Goods Sold,Cost of Goods Sold,COGS - Equipment Lease & Rental - 2026-04,29674.72,0,29674.72,USD,1.0,29674.72,Penske Equipment Leasing,,Bill,,QBO,False,0
7171,JE-7171,2026-04-30,2026-04,APX,Apex Warehousing LLC,5090,COGS - Cargo Claims & Damages,Cost of Goods Sold,Cost of Goods Sold,COGS - Cargo Claims & Damages - 2026-04,12169.57,0,12169.57,USD,1.0,12169.57,Cargo Claims Adjusters Inc,,Bill,,QBO,False,0
7171,JE-7171,2026-04-30,2026-04,APX,Apex Warehousing LLC,2000,Accounts Payable,Accounts Payable,Liability,Accrue direct costs 2026-04,0,175167.04,-175167.04,USD,1.0,-175167.04,,,Bill,,QBO,False,0
7172,JE-7172,2026-05-31,2026-05,MLG,Meridian Logistics LLC,5000,COGS - Purchased Transportation,Cost of Goods Sold,Cost of Goods Sold,COGS - Purchased Transportation - 2026-05,387427.7,0,387427.7,USD,1.0,387427.7,Trans-Atlantic Line Haul BV,,Bill,,QBO,False,0
7172,JE-7172,2026-05-31,2026-05,MLG,Meridian Logistics LLC,5010,COGS - Owner Operator Settlements,Cost of Goods Sold,Cost of Goods Sold,COGS - Owner Operator Settlements - 2026-05,106372.1,0,106372.1,USD,1.0,106372.1,Keystone Owner Operators LLC,,Bill,,QBO,False,0
7172,JE-7172,2026-05-31,2026-05,MLG,Meridian Logistics LLC,5020,COGS - Fuel,Cost of Goods Sold,Cost of Goods Sold,COGS - Fuel - 2026-05,57810.2,0,57810.2,USD,1.0,57810.2,Fuel Express Suppliers,,Bill,,QBO,False,0
7172,JE-7172,2026-05-31,2026-05,MLG,Meridian Logistics LLC,5070,COGS - Maintenance & Repairs,Cost of Goods Sold,Cost of Goods Sold,COGS - Maintenance & Repairs - 2026-05,42664.61,0,42664.61,USD,1.0,42664.61,MidState Truck Repair,,Bill,,QBO,False,0
7172,JE-7172,2026-05-31,2026-05,MLG,Meridian Logistics LLC,2000,Accounts Payable,Accounts Payable,Liability,Accrue direct costs 2026-05,0,594274.61,-594274.61,USD,1.0,-594274.61,,,Bill,,QBO,False,0
7173,JE-7173,2026-05-31,2026-05,CFS,Cascade Freight Systems Inc,5000,COGS - Purchased Transportation,Cost of Goods Sold,Cost of Goods Sold,COGS - Purchased Transportation - 2026-05,102067.14,0,102067.14,USD,1.0,102067.14,Ridgeway Carrier Network,,Bill,,QBO,False,0
7173,JE-7173,2026-05-31,2026-05,CFS,Cascade Freight Systems Inc,5020,COGS - Fuel,Cost of Goods Sold,Cost of Goods Sold,COGS - Fuel - 2026-05,130306.13,0,130306.13,USD,1.0,130306.13,FUEL EXPRESS SUPPLIERS INC,,Bill,,QBO,False,0
7173,JE-7173,2026-05-31,2026-05,CFS,Cascade Freight Systems Inc,5030,COGS - Driver Wages,Cost of Goods Sold,Cost of Goods Sold,COGS - Driver Wages - 2026-05,114577.38,0,114577.38,USD,1.0,114577.38,,,Bill,,QBO,False,0
7173,JE-7173,2026-05-31,2026-05,CFS,Cascade Freight Systems Inc,5070,COGS - Maintenance & Repairs,Cost of Goods Sold,Cost of Goods Sold,COGS - Maintenance & Repairs - 2026-05,43037.59,0,43037.59,USD,1.0,43037.59,MidState Truck Repair,,Bill,,QBO,False,0
7173,JE-7173,2026-05-31,2026-05,CFS,Cascade Freight Systems Inc,2000,Accounts Payable,Accounts Payable,Liability,Accrue direct costs 2026-05,0,389988.24,-389988.24,USD,1.0,-389988.24,,,Bill,,QBO,False,0
7174,JE-7174,2026-05-31,2026-05,NWC,Northwind Cargo B.V.,5000,COGS - Purchased Transportation,Cost of Goods Sold,Cost of Goods Sold,COGS - Purchased Transportation - 2026-05,120685.47,0,120685.47,EUR,1.09,131547.16,Trans-Atlantic Line Haul BV,,Bill,,QBO,False,0
7174,JE-7174,2026-05-31,2026-05,NWC,Northwind Cargo B.V.,5110,COGS - Customs Duties & Brokerage,Cost of Goods Sold,Cost of Goods Sold,COGS - Customs Duties & Brokerage - 2026-05,65014.23,0,65014.23,EUR,1.09,70865.51,Meridian Customs Brokers,,Bill,,QBO,False,0
7174,JE-7174,2026-05-31,2026-05,NWC,Northwind Cargo B.V.,5010,COGS - Owner Operator Settlements,Cost of Goods Sold,Cost of Goods Sold,COGS - Owner Operator Settlements - 2026-05,34441.71,0,34441.71,EUR,1.09,37541.47,Keystone Owner Operators LLC,,Bill,,QBO,False,0
7174,JE-7174,2026-05-31,2026-05,NWC,Northwind Cargo B.V.,5050,COGS - Temp & Contract Labor,Cost of Goods Sold,Cost of Goods Sold,COGS - Temp & Contract Labor - 2026-05,24369.7,0,24369.7,EUR,1.09,26562.98,Apex Staffing Solution,,Bill,,QBO,False,0
7174,JE-7174,2026-05-31,2026-05,NWC,Northwind Cargo B.V.,2000,Accounts Payable,Accounts Payable,Liability,Accrue direct costs 2026-05,0,244511.11,-244511.11,EUR,1.09,-266517.11,,,Bill,,QBO,False,0
7175,JE-7175,2026-05-31,2026-05,APX,Apex Warehousing LLC,5040,COGS - Warehouse Labor,Cost of Goods Sold,Cost of Goods Sold,COGS - Warehouse Labor - 2026-05,94285.72,0,94285.72,USD,1.0,94285.72,Warehouse Temps Direct,,Bill,,QBO,False,0
7175,JE-7175,2026-05-31,2026-05,APX,Apex Warehousing LLC,5050,COGS - Temp & Contract Labor,Cost of Goods Sold,Cost of Goods Sold,COGS - Temp & Contract Labor - 2026-05,38163.38,0,38163.38,USD,1.0,38163.38,Apex Staffing Solution,,Bill,,QBO,False,0
7175,JE-7175,2026-05-31,2026-05,APX,Apex Warehousing LLC,5060,COGS - Equipment Lease & Rental,Cost of Goods Sold,Cost of Goods Sold,COGS - Equipment Lease & Rental - 2026-05,28713.56,0,28713.56,USD,1.0,28713.56,Penske Equipment Leasing,,Bill,,QBO,False,0
7175,JE-7175,2026-05-31,2026-05,APX,Apex Warehousing LLC,5090,COGS - Cargo Claims & Damages,Cost of Goods Sold,Cost of Goods Sold,COGS - Cargo Claims & Damages - 2026-05,11962.78,0,11962.78,USD,1.0,11962.78,Cargo Claims Adjusters Inc,,Bill,,QBO,False,0
7175,JE-7175,2026-05-31,2026-05,APX,Apex Warehousing LLC,2000,Accounts Payable,Accounts Payable,Liability,Accrue direct costs 2026-05,0,173125.44,-173125.44,USD,1.0,-173125.44,,,Bill,,QBO,False,0
7176,JE-7176,2026-05-31,2026-05,NWC,Northwind Cargo B.V.,7030,Unrealized FX Gain / (Loss),Other Income,Revenue,Unrealized FX revaluation EUR/USD 2026-05,4374.63,0,4374.63,EUR,1.09,4768.34,,,Journal Entry,,QBO,False,0
7176,JE-7176,2026-05-31,2026-05,NWC,Northwind Cargo B.V.,1100,Accounts Receivable,Accounts Receivable,Asset,AR revaluation 2026-05,0,4374.63,-4374.63,EUR,1.09,-4768.34,,,Journal Entry,,QBO,False,0
7177,JE-7177,2026-06-30,2026-06,MLG,Meridian Logistics LLC,5000,COGS - Purchased Transportation,Cost of Goods Sold,Cost of Goods Sold,COGS - Purchased Transportation - 2026-06,353944.38,0,353944.38,USD,1.0,353944.38,Ridgeway Carrier Network,,Bill,,QBO,False,0
7177,JE-7177,2026-06-30,2026-06,MLG,Meridian Logistics LLC,5010,COGS - Owner Operator Settlements,Cost of Goods Sold,Cost of Goods Sold,COGS - Owner Operator Settlements - 2026-06,93962.22,0,93962.22,USD,1.0,93962.22,Keystone Owner Operators LLC,,Bill,,QBO,False,0
7177,JE-7177,2026-06-30,2026-06,MLG,Meridian Logistics LLC,5020,COGS - Fuel,Cost of Goods Sold,Cost of Goods Sold,COGS - Fuel - 2026-06,54357.78,0,54357.78,USD,1.0,54357.78,FUEL EXPRESS SUPPLIERS INC,,Bill,,QBO,False,0
7177,JE-7177,2026-06-30,2026-06,MLG,Meridian Logistics LLC,5070,COGS - Maintenance & Repairs,Cost of Goods Sold,Cost of Goods Sold,COGS - Maintenance & Repairs - 2026-06,37854.66,0,37854.66,USD,1.0,37854.66,MidState Truck Repair,,Bill,,QBO,False,0
7177,JE-7177,2026-06-30,2026-06,MLG,Meridian Logistics LLC,2000,Accounts Payable,Accounts Payable,Liability,Accrue direct costs 2026-06,0,540119.03,-540119.03,USD,1.0,-540119.03,,,Bill,,QBO,False,0
7178,JE-7178,2026-06-30,2026-06,CFS,Cascade Freight Systems Inc,5000,COGS - Purchased Transportation,Cost of Goods Sold,Cost of Goods Sold,COGS - Purchased Transportation - 2026-06,85332.05,0,85332.05,USD,1.0,85332.05,Ridgeway Carrier Network,,Bill,,QBO,False,0
7178,JE-7178,2026-06-30,2026-06,CFS,Cascade Freight Systems Inc,5020,COGS - Fuel,Cost of Goods Sold,Cost of Goods Sold,COGS - Fuel - 2026-06,110379.51,0,110379.51,USD,1.0,110379.51,FUEL EXPRESS SUPPLIERS INC,,Bill,,QBO,False,0
7178,JE-7178,2026-06-30,2026-06,CFS,Cascade Freight Systems Inc,5030,COGS - Driver Wages,Cost of Goods Sold,Cost of Goods Sold,COGS - Driver Wages - 2026-06,94762.8,0,94762.8,USD,1.0,94762.8,,,Bill,,QBO,False,0
7178,JE-7178,2026-06-30,2026-06,CFS,Cascade Freight Systems Inc,5070,COGS - Maintenance & Repairs,Cost of Goods Sold,Cost of Goods Sold,COGS - Maintenance & Repairs - 2026-06,34882.7,0,34882.7,USD,1.0,34882.7,MidState Truck Repair,,Bill,,QBO,False,0
7178,JE-7178,2026-06-30,2026-06,CFS,Cascade Freight Systems Inc,2000,Accounts Payable,Accounts Payable,Liability,Accrue direct costs 2026-06,0,325357.05,-325357.05,USD,1.0,-325357.05,,,Bill,,QBO,False,0
7179,JE-7179,2026-06-30,2026-06,NWC,Northwind Cargo B.V.,5000,COGS - Purchased Transportation,Cost of Goods Sold,Cost of Goods Sold,COGS - Purchased Transportation - 2026-06,110231.42,0,110231.42,EUR,1.09,120152.25,Trans-Atlantic Line Haul BV,,Bill,,QBO,False,0
7179,JE-7179,2026-06-30,2026-06,NWC,Northwind Cargo B.V.,5110,COGS - Customs Duties & Brokerage,Cost of Goods Sold,Cost of Goods Sold,COGS - Customs Duties & Brokerage - 2026-06,52589.16,0,52589.16,EUR,1.09,57322.18,Meridian Customs Brokers,,Bill,,QBO,False,0
7179,JE-7179,2026-06-30,2026-06,NWC,Northwind Cargo B.V.,5010,COGS - Owner Operator Settlements,Cost of Goods Sold,Cost of Goods Sold,COGS - Owner Operator Settlements - 2026-06,28594.33,0,28594.33,EUR,1.09,31167.82,Keystone Owner Operators LLC,,Bill,,QBO,False,0
7179,JE-7179,2026-06-30,2026-06,NWC,Northwind Cargo B.V.,5050,COGS - Temp & Contract Labor,Cost of Goods Sold,Cost of Goods Sold,COGS - Temp & Contract Labor - 2026-06,21877.81,0,21877.81,EUR,1.09,23846.82,Apex Staffing Solutions,,Bill,,QBO,False,0
7179,JE-7179,2026-06-30,2026-06,NWC,Northwind Cargo B.V.,2000,Accounts Payable,Accounts Payable,Liability,Accrue direct costs 2026-06,0,213292.72,-213292.72,EUR,1.09,-232489.07,,,Bill,,QBO,False,0
7180,JE-7180,2026-06-30,2026-06,APX,Apex Warehousing LLC,5040,COGS - Warehouse Labor,Cost of Goods Sold,Cost of Goods Sold,COGS - Warehouse Labor - 2026-06,91198.19,0,91198.19,USD,1.0,91198.19,Warehouse Temps Direct,,Bill,,QBO,False,0
7180,JE-7180,2026-06-30,2026-06,APX,Apex Warehousing LLC,5050,COGS - Temp & Contract Labor,Cost of Goods Sold,Cost of Goods Sold,COGS - Temp & Contract Labor - 2026-06,33783.27,0,33783.27,USD,1.0,33783.27,Apex Staffing Solution,,Bill,,QBO,False,0
7180,JE-7180,2026-06-30,2026-06,APX,Apex Warehousing LLC,5060,COGS - Equipment Lease & Rental,Cost of Goods Sold,Cost of Goods Sold,COGS - Equipment Lease & Rental - 2026-06,26456.64,0,26456.64,USD,1.0,26456.64,Penske Equipment Leasing,,Bill,,QBO,False,0
7180,JE-7180,2026-06-30,2026-06,APX,Apex Warehousing LLC,5090,COGS - Cargo Claims & Damages,Cost of Goods Sold,Cost of Goods Sold,COGS - Cargo Claims & Damages - 2026-06,11044.19,0,11044.19,USD,1.0,11044.19,Cargo Claims Adjusters Inc,,Bill,,QBO,False,0
7180,JE-7180,2026-06-30,2026-06,APX,Apex Warehousing LLC,2000,Accounts Payable,Accounts Payable,Liability,Accrue direct costs 2026-06,0,162482.29,-162482.29,USD,1.0,-162482.29,,,Bill,,QBO,False,0
7181,JE-7181,2026-06-30,2026-06,NWC,Northwind Cargo B.V.,7030,Unrealized FX Gain / (Loss),Other Income,Revenue,Unrealized FX revaluation EUR/USD 2026-06,0,28874.25,-28874.25,EUR,1.09,-31472.94,,,Journal Entry,,QBO,False,0
7181,JE-7181,2026-06-30,2026-06,NWC,Northwind Cargo B.V.,1100,Accounts Receivable,Accounts Receivable,Asset,AR revaluation 2026-06,28874.25,0,28874.25,EUR,1.09,31472.94,,,Journal Entry,,QBO,False,0
7182,JE-7182,2026-06-30,2026-06,MHG,Meridian Holdings Group LLC,1400,Due From Affiliates,Other Current Asset,Asset,IC management fee receivable - MLG Q2-2026,74470.01,0,74470.01,USD,1.0,74470.01,,,Journal Entry,,QBO,False,0
7182,JE-7182,2026-06-30,2026-06,MHG,Meridian Holdings Group LLC,1400,Due From Affiliates,Other Current Asset,Asset,IC management fee receivable - CFS Q2-2026,39604.17,0,39604.17,USD,1.0,39604.17,,,Journal Entry,,QBO,False,0
7182,JE-7182,2026-06-30,2026-06,MHG,Meridian Holdings Group LLC,1400,Due From Affiliates,Other Current Asset,Asset,IC management fee receivable - NWC Q2-2026,42513.45,0,42513.45,USD,1.0,42513.45,,,Journal Entry,,QBO,False,0
7182,JE-7182,2026-06-30,2026-06,MHG,Meridian Holdings Group LLC,1400,Due From Affiliates,Other Current Asset,Asset,IC management fee receivable - APX Q2-2026,28195.42,0,28195.42,USD,1.0,28195.42,,,Journal Entry,,QBO,False,0
7182,JE-7182,2026-06-30,2026-06,MHG,Meridian Holdings Group LLC,4950,Intercompany Management Fee Income,Income,Revenue,IC management fee income Q2-2026,0,184783.04,-184783.04,USD,1.0,-184783.04,,,Journal Entry,,QBO,False,0
7183,JE-7183,2026-06-30,2026-06,MLG,Meridian Logistics LLC,6800,Intercompany Management Fee Expense,Expense,Expense,IC management fee - MHG Q2-2026,74470.01,0,74470.01,USD,1.0,74470.01,,,Journal Entry,,QBO,False,0
7183,JE-7183,2026-06-30,2026-06,MLG,Meridian Logistics LLC,2200,Due To Affiliates,Other Current Liability,Liability,IC payable - MHG Q2-2026,0,74470.01,-74470.01,USD,1.0,-74470.01,,,Journal Entry,,QBO,False,0
7184,JE-7184,2026-06-30,2026-06,CFS,Cascade Freight Systems Inc,6800,Intercompany Management Fee Expense,Expense,Expense,IC management fee - MHG Q2-2026,39604.17,0,39604.17,USD,1.0,39604.17,,,Journal Entry,,QBO,False,0
7184,JE-7184,2026-06-30,2026-06,CFS,Cascade Freight Systems Inc,2200,Due To Affiliates,Other Current Liability,Liability,IC payable - MHG Q2-2026,0,39604.17,-39604.17,USD,1.0,-39604.17,,,Journal Entry,,QBO,False,0
7185,JE-7185,2026-06-30,2026-06,NWC,Northwind Cargo B.V.,6800,Intercompany Management Fee Expense,Expense,Expense,IC management fee - MHG Q2-2026,39003.16,0,39003.16,EUR,1.09,42513.45,,,Journal Entry,,QBO,False,0
7185,JE-7185,2026-06-30,2026-06,NWC,Northwind Cargo B.V.,2200,Due To Affiliates,Other Current Liability,Liability,IC payable - MHG Q2-2026,0,39003.16,-39003.16,EUR,1.09,-42513.45,,,Journal Entry,,QBO,False,0
7186,JE-7186,2026-06-30,2026-06,MLG,Meridian Logistics LLC,4000,Revenue - Freight Brokerage,Income,Revenue,Reclass fuel surcharge out of line-haul Q2-2026,286969.14,0,286969.14,USD,1.0,286969.14,,,Journal Entry,,QBO,False,0
7186,JE-7186,2026-06-30,2026-06,MLG,Meridian Logistics LLC,4070,Revenue - Fuel Surcharge,Income,Revenue,Fuel surcharge revenue Q2-2026,0,286969.14,-286969.14,USD,1.0,-286969.14,,,Journal Entry,,QBO,False,0
7187,JE-7187,2026-06-30,2026-06,CFS,Cascade Freight Systems Inc,4000,Revenue - Freight Brokerage,Income,Revenue,Reclass fuel surcharge out of line-haul Q2-2026,135549.13,0,135549.13,USD,1.0,135549.13,,,Journal Entry,,QBO,False,0
7187,JE-7187,2026-06-30,2026-06,CFS,Cascade Freight Systems Inc,4070,Revenue - Fuel Surcharge,Income,Revenue,Fuel surcharge revenue Q2-2026,0,135549.13,-135549.13,USD,1.0,-135549.13,,,Journal Entry,,QBO,False,0
7188,JE-7188,2026-06-30,2026-06,MLG,Meridian Logistics LLC,6700,Depreciation Expense,Expense,Expense,Depreciation & amortization - 6 months to 2026-06,139399.6,0,139399.6,USD,1.0,139399.6,,,Journal Entry,,QBO,False,0
7188,JE-7188,2026-06-30,2026-06,MLG,Meridian Logistics LLC,1590,Accumulated Depreciation,Fixed Asset,Asset,Accumulated depreciation,0,139399.6,-139399.6,USD,1.0,-139399.6,,,Journal Entry,,QBO,False,0
7189,JE-7189,2026-06-30,2026-06,CFS,Cascade Freight Systems Inc,6700,Depreciation Expense,Expense,Expense,Depreciation & amortization - 6 months to 2026-06,431450.3,0,431450.3,USD,1.0,431450.3,,,Journal Entry,,QBO,False,0
7189,JE-7189,2026-06-30,2026-06,CFS,Cascade Freight Systems Inc,1590,Accumulated Depreciation,Fixed Asset,Asset,Accumulated depreciation,0,431450.3,-431450.3,USD,1.0,-431450.3,,,Journal Entry,,QBO,False,0
7190,JE-7190,2026-06-30,2026-06,NWC,Northwind Cargo B.V.,6700,Depreciation Expense,Expense,Expense,Depreciation & amortization - 6 months to 2026-06,99094.05,0,99094.05,EUR,1.09,108012.52,,,Journal Entry,,QBO,False,0
7190,JE-7190,2026-06-30,2026-06,NWC,Northwind Cargo B.V.,1590,Accumulated Depreciation,Fixed Asset,Asset,Accumulated depreciation,0,99094.05,-99094.05,EUR,1.09,-108012.52,,,Journal Entry,,QBO,False,0
7191,JE-7191,2026-06-30,2026-06,APX,Apex Warehousing LLC,6700,Depreciation Expense,Expense,Expense,Depreciation & amortization - 6 months to 2026-06,282180.57,0,282180.57,USD,1.0,282180.57,,,Journal Entry,,QBO,False,0
7191,JE-7191,2026-06-30,2026-06,APX,Apex Warehousing LLC,1590,Accumulated Depreciation,Fixed Asset,Asset,Accumulated depreciation,0,282180.57,-282180.57,USD,1.0,-282180.57,,,Journal Entry,,QBO,False,0
7192,JE-7192,2026-06-30,2026-06,MLG,Meridian Logistics LLC,6610,Bad Debt Expense,Expense,Expense,Bad debt provision - FY2026,15995.86,0,15995.86,USD,1.0,15995.86,,,Journal Entry,,QBO,False,0
7192,JE-7192,2026-06-30,2026-06,MLG,Meridian Logistics LLC,1150,Allowance for Doubtful Accounts,Other Current Asset,Asset,Allowance for doubtful accounts,0,15995.86,-15995.86,USD,1.0,-15995.86,,,Journal Entry,,QBO,False,0
7193,JE-7193,2026-06-30,2026-06,CFS,Cascade Freight Systems Inc,6610,Bad Debt Expense,Expense,Expense,Bad debt provision - FY2026,2353.62,0,2353.62,USD,1.0,2353.62,,,Journal Entry,,QBO,False,0
7193,JE-7193,2026-06-30,2026-06,CFS,Cascade Freight Systems Inc,1150,Allowance for Doubtful Accounts,Other Current Asset,Asset,Allowance for doubtful accounts,0,2353.62,-2353.62,USD,1.0,-2353.62,,,Journal Entry,,QBO,False,0
7194,JE-7194,2026-06-30,2026-06,NWC,Northwind Cargo B.V.,6610,Bad Debt Expense,Expense,Expense,Bad debt provision - FY2026,8046.07,0,8046.07,EUR,1.09,8770.22,,,Journal Entry,,QBO,False,0
7194,JE-7194,2026-06-30,2026-06,NWC,Northwind Cargo B.V.,1150,Allowance for Doubtful Accounts,Other Current Asset,Asset,Allowance for doubtful accounts,0,8046.07,-8046.07,EUR,1.09,-8770.22,,,Journal Entry,,QBO,False,0
7195,JE-7195,2026-06-30,2026-06,APX,Apex Warehousing LLC,6610,Bad Debt Expense,Expense,Expense,Bad debt provision - FY2026,5749.5,0,5749.5,USD,1.0,5749.5,,,Journal Entry,,QBO,False,0
7195,JE-7195,2026-06-30,2026-06,APX,Apex Warehousing LLC,1150,Allowance for Doubtful Accounts,Other Current Asset,Asset,Allowance for doubtful accounts,0,5749.5,-5749.5,USD,1.0,-5749.5,,,Journal Entry,,QBO,False,0
7196,JE-7196,2024-12-31,2024-12,NWC,Northwind Cargo B.V.,6320,Professional Fees - Consulting,Expense,Expense,TMS platform development - sprint delivery,92033.69,0,92033.69,EUR,1.09,100316.72,Nimbus Dev Contractors,,Bill,REVIEW-CAPITALIZE,QBO,False,0
7196,JE-7196,2024-12-31,2024-12,NWC,Northwind Cargo B.V.,2000,Accounts Payable,Accounts Payable,Liability,Nimbus Dev Contractors,0,92033.69,-92033.69,EUR,1.09,-100316.72,Nimbus Dev Contractors,,Bill,,QBO,False,0
7197,JE-7197,2025-04-30,2025-04,NWC,Northwind Cargo B.V.,6320,Professional Fees - Consulting,Expense,Expense,TMS platform development - sprint delivery,90964.79,0,90964.79,EUR,1.09,99151.62,Nimbus Dev Contractors,,Bill,REVIEW-CAPITALIZE,QBO,False,0
7197,JE-7197,2025-04-30,2025-04,NWC,Northwind Cargo B.V.,2000,Accounts Payable,Accounts Payable,Liability,Nimbus Dev Contractors,0,90964.79,-90964.79,EUR,1.09,-99151.62,Nimbus Dev Contractors,,Bill,,QBO,False,0
7198,JE-7198,2025-08-31,2025-08,NWC,Northwind Cargo B.V.,6320,Professional Fees - Consulting,Expense,Expense,TMS platform development - sprint delivery,63425.3,0,63425.3,EUR,1.09,69133.58,Nimbus Dev Contractors,,Bill,REVIEW-CAPITALIZE,QBO,False,0
7198,JE-7198,2025-08-31,2025-08,NWC,Northwind Cargo B.V.,2000,Accounts Payable,Accounts Payable,Liability,Nimbus Dev Contractors,0,63425.3,-63425.3,EUR,1.09,-69133.58,Nimbus Dev Contractors,,Bill,,QBO,False,0
7199,JE-7199,2025-12-31,2025-12,NWC,Northwind Cargo B.V.,6320,Professional Fees - Consulting,Expense,Expense,TMS platform development - sprint delivery,73050.94,0,73050.94,EUR,1.09,79625.53,Nimbus Dev Contractors,,Bill,REVIEW-CAPITALIZE,QBO,False,0
7199,JE-7199,2025-12-31,2025-12,NWC,Northwind Cargo B.V.,2000,Accounts Payable,Accounts Payable,Liability,Nimbus Dev Contractors,0,73050.94,-73050.94,EUR,1.09,-79625.53,Nimbus Dev Contractors,,Bill,,QBO,False,0
7200,JE-7200,2026-04-30,2026-04,NWC,Northwind Cargo B.V.,6320,Professional Fees - Consulting,Expense,Expense,TMS platform development - sprint delivery,70386.11,0,70386.11,EUR,1.09,76720.87,Nimbus Dev Contractors,,Bill,REVIEW-CAPITALIZE,QBO,False,0
7200,JE-7200,2026-04-30,2026-04,NWC,Northwind Cargo B.V.,2000,Accounts Payable,Accounts Payable,Liability,Nimbus Dev Contractors,0,70386.11,-70386.11,EUR,1.09,-76720.87,Nimbus Dev Contractors,,Bill,,QBO,False,0
7201,JE-7201,2024-09-16,2024-09,NWC,Northwind Cargo B.V.,1000,Operating Bank - Main,Bank,Asset,Annual TMS prepayment received,153440.67,0,153440.67,EUR,1.09,167250.33,,Beacon Optics,Deposit,REV-REC-REVIEW,QBO,False,0
7201,JE-7201,2024-09-16,2024-09,NWC,Northwind Cargo B.V.,4090,Revenue - Software & Data Services,Income,Revenue,Annual TMS prepayment - 12 month term,0,153440.67,-153440.67,EUR,1.09,-167250.33,,,Deposit,REV-REC-REVIEW,QBO,False,0
7202,JE-7202,2025-01-16,2025-01,NWC,Northwind Cargo B.V.,1000,Operating Bank - Main,Bank,Asset,Annual TMS prepayment received,167048.22,0,167048.22,EUR,1.09,182082.56,,Cobalt Electronics,Deposit,REV-REC-REVIEW,QBO,False,0
7202,JE-7202,2025-01-16,2025-01,NWC,Northwind Cargo B.V.,4090,Revenue - Software & Data Services,Income,Revenue,Annual TMS prepayment - 12 month term,0,167048.22,-167048.22,EUR,1.09,-182082.56,,,Deposit,REV-REC-REVIEW,QBO,False,0
7203,JE-7203,2025-05-23,2025-05,NWC,Northwind Cargo B.V.,1000,Operating Bank - Main,Bank,Asset,Annual TMS prepayment received,132765.14,0,132765.14,EUR,1.09,144714.0,,Volta Battery Systems,Deposit,REV-REC-REVIEW,QBO,False,0
7203,JE-7203,2025-05-23,2025-05,NWC,Northwind Cargo B.V.,4090,Revenue - Software & Data Services,Income,Revenue,Annual TMS prepayment - 12 month term,0,132765.14,-132765.14,EUR,1.09,-144714.0,,,Deposit,REV-REC-REVIEW,QBO,False,0
7204,JE-7204,2025-09-22,2025-09,NWC,Northwind Cargo B.V.,1000,Operating Bank - Main,Bank,Asset,Annual TMS prepayment received,127561.6,0,127561.6,EUR,1.09,139042.14,,Beacon Optics,Deposit,REV-REC-REVIEW,QBO,False,0
7204,JE-7204,2025-09-22,2025-09,NWC,Northwind Cargo B.V.,4090,Revenue - Software & Data Services,Income,Revenue,Annual TMS prepayment - 12 month term,0,127561.6,-127561.6,EUR,1.09,-139042.14,,,Deposit,REV-REC-REVIEW,QBO,False,0
7205,JE-7205,2026-01-15,2026-01,NWC,Northwind Cargo B.V.,1000,Operating Bank - Main,Bank,Asset,Annual TMS prepayment received,143041.81,0,143041.81,EUR,1.09,155915.57,,Volta Battery Systems,Deposit,REV-REC-REVIEW,QBO,False,0
7205,JE-7205,2026-01-15,2026-01,NWC,Northwind Cargo B.V.,4090,Revenue - Software & Data Services,Income,Revenue,Annual TMS prepayment - 12 month term,0,143041.81,-143041.81,EUR,1.09,-155915.57,,,Deposit,REV-REC-REVIEW,QBO,False,0
7206,JE-7206,2026-05-25,2026-05,NWC,Northwind Cargo B.V.,1000,Operating Bank - Main,Bank,Asset,Annual TMS prepayment received,110139.26,0,110139.26,EUR,1.09,120051.79,,Beacon Optics,Deposit,REV-REC-REVIEW,QBO,False,0
7206,JE-7206,2026-05-25,2026-05,NWC,Northwind Cargo B.V.,4090,Revenue - Software & Data Services,Income,Revenue,Annual TMS prepayment - 12 month term,0,110139.26,-110139.26,EUR,1.09,-120051.79,,,Deposit,REV-REC-REVIEW,QBO,False,0
